tissue,dataset,crop,prep,cell_id,n_voxels,volume_nm3,n_mesh_verts,n_mesh_faces,n_ecs_verts,median_abs_H,mean_abs_H,std_H,p25_H,p75_H,frac_convex,frac_concave,median_radius_nm
Kidney,jrc_mus-kidney,crop1026,Chemical,1,96795,6194880.0,8895,17399,7691,0.01121583,0.03642805,0.27579137,-0.01531106,0.00127719,0.2772,0.7227,89.2
Kidney,jrc_mus-kidney,crop1026,Chemical,2,723773,46321472.0,73360,145926,63564,0.00952521,0.01869905,0.25219736,-0.01354486,0.00056068,0.2648,0.7352,105.0
Kidney,jrc_mus-kidney,crop1026,Chemical,3,110952,7100928.0,11457,22506,9475,0.01012018,0.03013276,0.12688728,-0.0159998,-0.00185986,0.1993,0.8006,98.8
Kidney,jrc_mus-kidney,crop1026,Chemical,4,10447483,668638912.0,610846,1218363,578607,0.00740499,0.01200579,0.09222111,-0.00957576,0.0039541,0.3745,0.6255,135.0
Kidney,jrc_mus-kidney,crop1026,Chemical,6,38339924,2453755136.0,1467043,2925108,1395008,0.00787051,0.01346162,0.12827668,-0.00903143,0.00599178,0.42,0.58,127.1
Kidney,jrc_mus-kidney,crop1026,Chemical,7,41571,2660544.0,7544,14772,5647,0.01062639,0.01891136,0.08025763,-0.01599485,-0.00429314,0.1374,0.8626,94.1
Kidney,jrc_mus-kidney,crop1026,Chemical,9,221746,14191744.0,21209,41972,18236,0.01156049,0.02195971,0.09231935,-0.0161779,0.00104596,0.2706,0.7294,86.5
Kidney,jrc_mus-kidney,crop1026,Chemical,10,113950,7292800.0,18951,37722,14858,0.0143857,0.02017344,0.05415173,-0.01983634,-0.0089156,0.0732,0.9268,69.5
Kidney,jrc_mus-kidney,crop1026,Chemical,11,51406,3289984.0,10059,19934,6775,0.0171297,0.03333169,0.3513872,-0.02278437,-0.01197656,0.0494,0.9506,58.4
Kidney,jrc_mus-kidney,crop1026,Chemical,12,8786327,562324928.0,526870,1048276,481148,0.00906187,0.01670486,0.23539789,-0.01246805,0.00262068,0.3177,0.6823,110.4
Kidney,jrc_mus-kidney,crop1026,Chemical,16,429089,27461696.0,38790,76647,35613,0.00563336,0.01516007,0.09542986,-0.00858968,0.00203296,0.3494,0.6506,177.5
Kidney,jrc_mus-kidney,crop1026,Chemical,17,127149,8137536.0,24755,49406,18828,0.01681269,0.01947008,0.0322597,-0.0220633,-0.01207062,0.0149,0.9851,59.5
Kidney,jrc_mus-kidney,crop1026,Chemical,19,2768307,177171648.0,198133,393968,186093,0.00770652,0.02036228,1.07173165,-0.01034675,0.00383352,0.3671,0.6329,129.8
Kidney,jrc_mus-kidney,crop1026,Chemical,20,1381689,88428096.0,132969,265250,118988,0.0092699,0.01314967,0.09036616,-0.01379129,-0.00064286,0.2323,0.7677,107.9
Kidney,jrc_mus-kidney,crop1026,Chemical,22,136697,8748608.0,20825,41388,16074,0.00926839,0.01743408,0.06988762,-0.01676359,-0.00136356,0.2022,0.7978,107.9
Kidney,jrc_mus-kidney,crop1026,Chemical,23,1206710,77229440.0,111737,222116,101071,0.00738964,0.02323128,1.63660309,-0.01153572,0.00142792,0.3009,0.6991,135.3
Kidney,jrc_mus-kidney,crop1026,Chemical,24,1688555,108067520.0,152178,302778,138826,0.00864751,0.01713634,0.36881215,-0.01285614,-0.00123214,0.2129,0.7871,115.6
Kidney,jrc_mus-kidney,crop1026,Chemical,25,975010,62400640.0,90302,179758,84436,0.00770261,0.01280154,0.07121195,-0.01166806,0.00025969,0.259,0.741,129.8
Kidney,jrc_mus-kidney,crop1026,Chemical,26,64216,4109824.0,9513,18758,7800,0.01295403,0.02278367,0.07520238,-0.01811551,-0.00884427,0.0015,0.9985,77.2
Kidney,jrc_mus-kidney,crop1026,Chemical,27,307467,19677888.0,39244,78002,32582,0.00970367,0.01823401,0.08577332,-0.01522134,-0.00254608,0.185,0.815,103.1
Kidney,jrc_mus-kidney,crop1026,Chemical,28,131674,8427136.0,25787,51432,19386,0.01619726,0.01999739,0.0407687,-0.02149754,-0.01115834,0.0303,0.9697,61.7
Kidney,jrc_mus-kidney,crop1026,Chemical,29,137838,8821632.0,22233,44090,15772,0.01600493,0.03659699,0.14995095,-0.02138976,0.00148527,0.2701,0.7299,62.5
Kidney,jrc_mus-kidney,crop1026,Chemical,30,82189,5260096.0,13999,27582,10335,0.00837859,0.01982892,0.07601095,-0.01455484,0.00086125,0.2752,0.7248,119.4
Kidney,jrc_mus-kidney,crop1026,Chemical,31,125195,8012480.0,13209,25986,11743,0.00964049,0.02048244,0.09324492,-0.01354422,-0.00379687,0.1254,0.8745,103.7
Kidney,jrc_mus-kidney,crop1026,Chemical,33,202906,12985984.0,21931,43288,18391,0.00889964,0.0238933,0.44763855,-0.01373408,0.00098991,0.2787,0.7213,112.4
Kidney,jrc_mus-kidney,crop1026,Chemical,34,81562,5219968.0,9233,18112,8051,0.01191853,0.03187886,0.15718376,-0.01795898,-0.00410901,0.137,0.863,83.9
Kidney,jrc_mus-kidney,crop1026,Chemical,35,272955,17469120.0,22385,44015,18944,0.01281652,0.03385649,0.2239265,-0.01418803,0.00671693,0.328,0.6719,78.0
Kidney,jrc_mus-kidney,crop1026,Chemical,36,117644,7529216.0,18579,36886,15187,0.01465041,0.02090338,0.06251983,-0.01962055,-0.00861343,0.0855,0.9145,68.3
Kidney,jrc_mus-kidney,crop1026,Chemical,39,68257,4368448.0,8790,17180,7421,0.01101242,0.02705375,0.09847642,-0.01546017,-0.00443208,0.1439,0.8561,90.8
Kidney,jrc_mus-kidney,crop1026,Chemical,42,163460,10461440.0,20905,41242,16881,0.00847362,0.0216668,0.23998759,-0.01499563,-0.00062714,0.2284,0.7716,118.0
Kidney,jrc_mus-kidney,crop1027,Chemical,1,24505767,1568369088.0,1158038,2309116,1100839,0.00760097,0.01468376,0.68004242,-0.0095486,0.00464954,0.3951,0.6049,131.6
Kidney,jrc_mus-kidney,crop1027,Chemical,2,20633993,1320575552.0,1146453,2286651,1083650,0.00674193,0.01227414,0.41375824,-0.0087626,0.00412065,0.4026,0.5974,148.3
Kidney,jrc_mus-kidney,crop1027,Chemical,7,53280,3409920.0,11409,22232,8018,0.01780139,0.02346727,0.0518997,-0.02353186,-0.01215419,0.0118,0.9882,56.2
Kidney,jrc_mus-kidney,crop1027,Chemical,8,127767,8177088.0,15124,29681,13217,0.0066148,0.07427685,6.34083115,-0.01099095,-0.00019282,0.2437,0.7563,151.2
Kidney,jrc_mus-kidney,crop1027,Chemical,9,43548,2787072.0,7724,15106,5878,0.0118804,0.03546302,0.30186616,-0.01757584,-0.00659571,0.0873,0.9127,84.2
Kidney,jrc_mus-kidney,crop1027,Chemical,11,148576,9508864.0,28536,56934,21739,0.01568031,0.0198172,0.07766019,-0.02100082,-0.01135509,0.0214,0.9786,63.8
Kidney,jrc_mus-kidney,crop1027,Chemical,12,1409108,90182912.0,84694,168566,78382,0.00602005,0.01211715,0.10979422,-0.00992878,0.00086826,0.2906,0.7094,166.1
Kidney,jrc_mus-kidney,crop1027,Chemical,13,51047,3267008.0,9713,19132,6386,0.01135868,0.02692361,0.11208834,-0.01833528,-0.00153548,0.223,0.777,88.0
Kidney,jrc_mus-kidney,crop1027,Chemical,14,68056,4355584.0,13337,26446,9298,0.01567966,0.02653701,0.14491589,-0.02148764,-0.01022974,0.0487,0.9513,63.8
Kidney,jrc_mus-kidney,crop1027,Chemical,15,1646730,105390720.0,134188,267996,121679,0.00781845,0.01095683,0.03105892,-0.01219112,0.00055673,0.2689,0.7311,127.9
Kidney,jrc_mus-kidney,crop1027,Chemical,16,783635,50152640.0,67958,135516,60821,0.0084049,0.01352085,0.04415835,-0.01338122,-0.0004802,0.2349,0.7651,119.0
Kidney,jrc_mus-kidney,crop1027,Chemical,17,928150,59401600.0,93931,187526,84902,0.00847402,0.01309695,0.33422909,-0.01283599,-0.00022148,0.244,0.756,118.0
Kidney,jrc_mus-kidney,crop1027,Chemical,18,2540710,162605440.0,205806,410120,191269,0.00752957,0.01308534,0.15959208,-0.01095247,0.00268595,0.3415,0.6585,132.8
Kidney,jrc_mus-kidney,crop1027,Chemical,19,185769,11889216.0,20778,41236,15169,0.01003095,0.01925772,0.0690758,-0.0156147,-0.00243616,0.1769,0.8231,99.7
Kidney,jrc_mus-kidney,crop1027,Chemical,21,43255,2768320.0,7014,13716,5450,0.01036938,0.10306422,5.41018877,-0.01726428,-0.00495538,0.0699,0.9299,96.4
Kidney,jrc_mus-kidney,crop1027,Chemical,22,6078917,389050688.0,832840,1659743,751047,0.00924721,0.01706555,0.33946076,-0.01213368,0.00314925,0.3296,0.6704,108.1
Kidney,jrc_mus-kidney,crop1027,Chemical,24,50743,3247552.0,9821,19462,6673,0.01427011,0.0262348,0.13396507,-0.02130832,-0.00178259,0.2153,0.7847,70.1
Kidney,jrc_mus-kidney,crop1027,Chemical,26,269882,17272448.0,27572,54506,25372,0.0054189,0.01061079,0.06015352,-0.0085469,-0.00126716,0.1908,0.8092,184.5
Kidney,jrc_mus-kidney,crop1027,Chemical,27,333587,21349568.0,45949,90946,41220,0.00488515,0.00760343,0.01156403,-0.00881732,0.00075395,0.289,0.711,204.7
Kidney,jrc_mus-kidney,crop1028,Chemical,1,81110,5191040.0,10429,20324,8577,0.0107964,0.03294423,0.12381205,-0.01544763,-0.00377459,0.1488,0.8512,92.6
Kidney,jrc_mus-kidney,crop1028,Chemical,2,100929,6459456.0,17221,34112,13190,0.01471931,0.02834389,0.11782366,-0.0207563,-0.00894095,0.0635,0.9364,67.9
Kidney,jrc_mus-kidney,crop1028,Chemical,3,335483,21470912.0,50221,100144,38563,0.01021521,0.01531089,0.29098935,-0.01464803,0.00367684,0.3579,0.6421,97.9
Kidney,jrc_mus-kidney,crop1028,Chemical,4,72710,4653440.0,11044,21728,8278,0.01333142,0.03681244,0.17458215,-0.01973211,-0.00609224,0.1074,0.8925,75.0
Kidney,jrc_mus-kidney,crop1028,Chemical,5,85837,5493568.0,13357,26390,10273,0.01374294,0.03177823,0.12070559,-0.0197696,-0.00641045,0.119,0.881,72.8
Kidney,jrc_mus-kidney,crop1028,Chemical,6,57781,3697984.0,9068,17854,7071,0.01446124,0.03089242,0.3005754,-0.01957033,-0.00924736,0.0382,0.9618,69.2
Kidney,jrc_mus-kidney,crop1028,Chemical,7,118630,7592320.0,15610,30838,12942,0.01202613,0.03022217,0.18373552,-0.01799783,-0.00575757,0.1103,0.8897,83.2
Kidney,jrc_mus-kidney,crop1028,Chemical,8,44931,2875584.0,7057,13890,5167,0.01519714,0.0370863,0.11232559,-0.02185656,-0.00747514,0.1426,0.8574,65.8
Kidney,jrc_mus-kidney,crop1028,Chemical,9,129412,8282368.0,15478,30628,13430,0.01248179,0.02735013,0.26139255,-0.01689444,-0.00791212,0.0611,0.9389,80.1
Kidney,jrc_mus-kidney,crop1028,Chemical,10,100692,6444288.0,16757,33296,13127,0.01504349,0.0261716,0.09406816,-0.02041119,-0.00975489,0.0586,0.9413,66.5
Kidney,jrc_mus-kidney,crop1028,Chemical,12,88146,5641344.0,15583,30980,12103,0.01522289,0.02230719,0.07178381,-0.0202717,-0.00956092,0.049,0.951,65.7
Kidney,jrc_mus-kidney,crop1028,Chemical,14,87587,5605568.0,16148,32130,12167,0.01500894,0.02358031,0.06807623,-0.02065116,-0.01004414,0.0417,0.9583,66.6
Kidney,jrc_mus-kidney,crop1028,Chemical,15,229137,14664768.0,30764,61084,26267,0.01211423,0.02105467,0.0760829,-0.01549753,0.00220641,0.288,0.712,82.5
Kidney,jrc_mus-kidney,crop1028,Chemical,16,53415,3418560.0,8554,16880,6194,0.01433317,0.03255596,0.12980561,-0.02067112,-0.00778574,0.0617,0.9383,69.8
Kidney,jrc_mus-kidney,crop1028,Chemical,18,111076,7108864.0,13579,26800,11186,0.01126924,0.03047212,0.16170299,-0.01687824,-0.00382742,0.1492,0.8508,88.7
Kidney,jrc_mus-kidney,crop1028,Chemical,19,315975,20222400.0,36804,73426,33658,0.01095284,0.01457677,0.0777755,-0.01514373,-0.00675001,0.0669,0.9331,91.3
Kidney,jrc_mus-kidney,crop1028,Chemical,20,53967,3453888.0,7579,14890,5619,0.01477759,0.0414894,0.15274852,-0.02134201,-0.00121676,0.2292,0.7708,67.7
Kidney,jrc_mus-kidney,crop1028,Chemical,29,131159,8394176.0,19275,38012,16407,0.01274866,0.03288317,0.34769361,-0.01826714,-0.00409731,0.1669,0.8331,78.4
Kidney,jrc_mus-kidney,crop1028,Chemical,30,129629,8296256.0,23281,46444,18046,0.01463613,0.02060173,0.12184684,-0.02086781,-0.01019221,0.014,0.986,68.3
Kidney,jrc_mus-kidney,crop1028,Chemical,32,145939,9340096.0,24170,48214,18241,0.01369895,0.01759057,0.0436475,-0.02005184,-0.00783952,0.0488,0.9512,73.0
Kidney,jrc_mus-kidney,crop1028,Chemical,33,119618,7655552.0,20617,41130,15905,0.01505995,0.01891614,0.04601072,-0.02071001,-0.00992964,0.0147,0.9853,66.4
Kidney,jrc_mus-kidney,crop1028,Chemical,34,101995,6527680.0,18347,36582,13664,0.01543282,0.02019048,0.04702217,-0.02114399,-0.01035781,0.0202,0.9798,64.8
Kidney,jrc_mus-kidney,crop1028,Chemical,36,101911,6522304.0,19091,38058,13830,0.01597553,0.0209069,0.05332782,-0.02196155,-0.01022836,0.0333,0.9667,62.6
Kidney,jrc_mus-kidney,crop1028,Chemical,39,55029,3521856.0,10891,21674,7128,0.01563406,0.02325419,0.06667135,-0.02263517,-0.01027441,0.0389,0.9611,64.0
Kidney,jrc_mus-kidney,crop1028,Chemical,40,113852,7286528.0,20065,40010,15848,0.01428688,0.01891017,0.04389344,-0.01975803,-0.01018885,0.0148,0.9852,70.0
Kidney,jrc_mus-kidney,crop1028,Chemical,41,65516,4193024.0,11796,23092,8945,0.01564478,0.04077767,0.11795688,-0.0214447,-0.01024864,0.0315,0.9685,63.9
Kidney,jrc_mus-kidney,crop1028,Chemical,43,114691,7340224.0,15609,30958,12964,0.01448846,0.02277698,0.07508977,-0.01925149,-0.0078198,0.0974,0.9026,69.0
Kidney,jrc_mus-kidney,crop1028,Chemical,44,144296,9234944.0,25320,50514,20190,0.01511134,0.01884257,0.04419368,-0.02059399,-0.01054077,0.0249,0.9751,66.2
Kidney,jrc_mus-kidney,crop1028,Chemical,45,162995,10431680.0,23632,47096,20719,0.01314322,0.01733806,0.04513807,-0.01798291,-0.00900697,0.0337,0.9663,76.1
Kidney,jrc_mus-kidney,crop1028,Chemical,46,81077,5188928.0,15179,30190,11306,0.01632542,0.05463685,3.24808849,-0.02189904,-0.01143287,0.0299,0.9701,61.3
Kidney,jrc_mus-kidney,crop1028,Chemical,47,133955,8573120.0,24053,47990,18643,0.01539016,0.02164127,0.29896394,-0.0210447,-0.01088572,0.024,0.976,65.0
Kidney,jrc_mus-kidney,crop1028,Chemical,48,109234,6990976.0,19684,39256,14663,0.01500853,0.01941995,0.04465187,-0.02121517,-0.0096684,0.0184,0.9816,66.6
Kidney,jrc_mus-kidney,crop1028,Chemical,49,49839,3189696.0,9878,19358,6404,0.01377249,0.02910905,0.20717545,-0.02072714,-0.00307268,0.183,0.817,72.6
Kidney,jrc_mus-kidney,crop1028,Chemical,50,146169,9354816.0,23284,46458,18925,0.01424517,0.01784213,0.04064567,-0.01930752,-0.0097149,0.0126,0.9874,70.2
Kidney,jrc_mus-kidney,crop1028,Chemical,51,89376,5720064.0,16163,32198,12631,0.01508,0.02009398,0.05523203,-0.02029218,-0.01029034,0.0262,0.9738,66.3
Kidney,jrc_mus-kidney,crop1028,Chemical,54,118378,7576192.0,20730,41316,16438,0.01483947,0.01923462,0.05086113,-0.02000372,-0.00992647,0.0269,0.9731,67.4
Kidney,jrc_mus-kidney,crop1028,Chemical,55,52937,3387968.0,10462,20784,7501,0.01771483,0.02873497,0.16599089,-0.02363435,-0.0117897,0.0445,0.9555,56.4
Kidney,jrc_mus-kidney,crop1028,Chemical,56,93372,5975808.0,16885,33648,12937,0.01551832,0.01985653,0.04398209,-0.02068614,-0.01082398,0.0218,0.9782,64.4
Kidney,jrc_mus-kidney,crop1028,Chemical,59,143821,9204544.0,24395,48570,19915,0.01457675,0.02172024,0.10315813,-0.01954538,-0.00885729,0.0606,0.9394,68.6
Kidney,jrc_mus-kidney,crop1028,Chemical,60,147693,9452352.0,25163,50200,20244,0.01536903,0.01836259,0.0361627,-0.02046789,-0.01068971,0.0249,0.9751,65.1
Kidney,jrc_mus-kidney,crop1028,Chemical,61,213788,13682432.0,32613,65098,27426,0.01431023,0.01664125,0.03234409,-0.01912732,-0.00926417,0.052,0.948,69.9
Kidney,jrc_mus-kidney,crop1028,Chemical,62,114253,7312192.0,19527,38912,15602,0.01425341,0.01853141,0.04589122,-0.01975193,-0.00947952,0.0252,0.9748,70.2
Kidney,jrc_mus-kidney,crop1028,Chemical,63,295362,18903168.0,39134,78152,34179,0.01234336,0.01443369,0.02740801,-0.01703731,-0.00790888,0.0454,0.9546,81.0
Kidney,jrc_mus-kidney,crop1028,Chemical,67,109189,6988096.0,19461,38784,15238,0.01502146,0.01991117,0.0481733,-0.02013172,-0.01047965,0.0177,0.9823,66.6
Kidney,jrc_mus-kidney,crop1028,Chemical,69,64933,4155712.0,11590,22940,9240,0.01539733,0.04837117,1.90873777,-0.0209313,-0.00887254,0.0593,0.9407,64.9
Kidney,jrc_mus-kidney,crop1028,Chemical,70,116444,7452416.0,20155,40170,15942,0.01484575,0.01954498,0.04840111,-0.01989023,-0.01028745,0.0424,0.9576,67.4
Kidney,jrc_mus-kidney,crop1028,Chemical,72,98805,6323520.0,13618,26782,11522,0.01274264,0.03298987,0.1064606,-0.01802313,-0.00685218,0.0921,0.9078,78.5
Kidney,jrc_mus-kidney,crop1028,Chemical,74,133166,8522624.0,23033,45944,17861,0.01538826,0.01851772,0.0370816,-0.02082091,-0.01006022,0.0283,0.9717,65.0
Kidney,jrc_mus-kidney,crop1028,Chemical,75,127187,8139968.0,22291,44450,17265,0.015348,0.01979172,0.04914904,-0.02094208,-0.01001047,0.0272,0.9728,65.2
Kidney,jrc_mus-kidney,crop1028,Chemical,76,108443,6940352.0,18798,37462,14314,0.01455531,0.01896207,0.04623928,-0.02009749,-0.00920609,0.0456,0.9544,68.7
Kidney,jrc_mus-kidney,crop1028,Chemical,78,127350,8150400.0,20648,41170,16829,0.0145143,0.0179941,0.04019731,-0.0198021,-0.00962101,0.0291,0.9709,68.9
Kidney,jrc_mus-kidney,crop1028,Chemical,79,1737750,111216000.0,98315,195298,91858,0.00671825,0.01524546,0.09637728,-0.00953198,0.00130709,0.2962,0.7038,148.8
Kidney,jrc_mus-kidney,crop1028,Chemical,80,95356,6102784.0,17061,33982,12953,0.01511117,0.02104879,0.05777876,-0.02077151,-0.01010463,0.0306,0.9694,66.2
Kidney,jrc_mus-kidney,crop1028,Chemical,81,78922,5051008.0,10640,20928,8660,0.01166229,0.03342895,0.14757698,-0.01773931,-0.00418589,0.1388,0.8612,85.7
Kidney,jrc_mus-kidney,crop1028,Chemical,83,104611,6695104.0,18358,36588,14207,0.01349106,0.01908486,0.04765965,-0.01980305,-0.00920744,0.0316,0.9684,74.1
Kidney,jrc_mus-kidney,crop1028,Chemical,84,79439,5084096.0,14283,28436,10796,0.01589985,0.02084751,0.04820758,-0.02170898,-0.01062236,0.0288,0.9712,62.9
Kidney,jrc_mus-kidney,crop1028,Chemical,85,245756,15728384.0,19504,38556,18264,0.01040673,0.02517555,0.17228985,-0.01452816,-0.00347608,0.1575,0.8425,96.1
Kidney,jrc_mus-kidney,crop1028,Chemical,86,135801,8691264.0,23909,47574,18923,0.01492633,0.02628972,0.35074276,-0.02067594,-0.00902706,0.0646,0.9354,67.0
Kidney,jrc_mus-kidney,crop1028,Chemical,88,105027,6721728.0,19920,39726,14453,0.0153278,0.01972475,0.04541042,-0.02184261,-0.00934224,0.0333,0.9667,65.2
Kidney,jrc_mus-kidney,crop1028,Chemical,89,113387,7256768.0,21425,42544,16455,0.0151636,0.02453711,0.07446392,-0.02055478,-0.00860648,0.1028,0.8972,65.9
Kidney,jrc_mus-kidney,crop1028,Chemical,92,76262,4880768.0,10812,21224,8773,0.01275489,0.04408358,0.87731058,-0.01841745,-0.00467958,0.1483,0.8517,78.4
Kidney,jrc_mus-kidney,crop1028,Chemical,93,79964,5117696.0,12122,23842,9679,0.01359207,0.03326144,0.15049825,-0.01971412,-0.00635117,0.1045,0.8955,73.6
Kidney,jrc_mus-kidney,crop1028,Chemical,94,46635,2984640.0,9006,17764,6360,0.01678683,0.05335612,0.55372036,-0.02289216,-0.00901462,0.1044,0.8956,59.6
Kidney,jrc_mus-kidney,crop1028,Chemical,97,48884,3128576.0,8770,17200,6423,0.01583455,0.04298593,0.27377802,-0.02337259,-0.00835004,0.0785,0.9215,63.2
Kidney,jrc_mus-kidney,crop1029,Chemical,2,115069,7364416.0,8603,16851,7943,0.008289,0.03034148,0.11250395,-0.01255931,-0.00361284,0.1209,0.8791,120.6
Kidney,jrc_mus-kidney,crop1029,Chemical,5,51350,3286400.0,9803,19458,6747,0.01582748,0.02628599,0.12694661,-0.02209803,-0.01022763,0.0556,0.9444,63.2
Kidney,jrc_mus-kidney,crop1029,Chemical,8,45723,2926272.0,8642,17096,5866,0.01619664,0.03053631,0.10855299,-0.02224171,-0.00981929,0.068,0.932,61.7
Kidney,jrc_mus-kidney,crop1029,Chemical,12,93191,5964224.0,14983,29776,11469,0.01341584,0.02124979,0.10341319,-0.0196255,-0.00661993,0.0929,0.9071,74.5
Kidney,jrc_mus-kidney,crop1029,Chemical,15,51826,3316864.0,10978,21804,7482,0.01720727,0.02517366,0.07359762,-0.0229393,-0.01151156,0.0369,0.9631,58.1
Kidney,jrc_mus-kidney,crop1029,Chemical,16,125464,8029696.0,19820,39226,15857,0.01189157,0.03868407,1.32512953,-0.01691705,-0.0052531,0.1422,0.8578,84.1
Kidney,jrc_mus-kidney,crop1029,Chemical,17,140223,8974272.0,18835,37446,15126,0.01211265,0.01905602,0.06011771,-0.01708878,-0.00597105,0.1048,0.8952,82.6
Kidney,jrc_mus-kidney,crop1029,Chemical,18,54666,3498624.0,7854,15438,5919,0.01439423,0.14190426,6.11353739,-0.02004761,-0.00318862,0.1977,0.8023,69.5
Kidney,jrc_mus-kidney,crop1029,Chemical,20,42126,2696064.0,7572,14978,5120,0.01613521,0.03009262,0.08910666,-0.02263711,-0.01048446,0.0541,0.9459,62.0
Kidney,jrc_mus-kidney,crop1029,Chemical,21,94841,6069824.0,17393,34648,13215,0.01507827,0.01993828,0.05224046,-0.02092255,-0.01006559,0.0471,0.9529,66.3
Kidney,jrc_mus-kidney,crop1029,Chemical,22,40432,2587648.0,8476,16800,5326,0.01637168,0.02598009,0.07109626,-0.02265129,-0.00967005,0.061,0.939,61.1
Kidney,jrc_mus-kidney,crop1029,Chemical,23,126661,8106304.0,17448,34696,13647,0.01212699,0.02018481,0.12254552,-0.01768799,-0.00544716,0.1238,0.8762,82.5
Kidney,jrc_mus-kidney,crop1029,Chemical,24,125783,8050112.0,18297,36440,14548,0.01248551,0.01911216,0.10793659,-0.01810277,-0.00708974,0.0652,0.9348,80.1
Kidney,jrc_mus-kidney,crop1029,Chemical,25,45461,2909504.0,8218,16028,5557,0.01306934,0.03715693,0.20836754,-0.02016445,-0.00337513,0.1794,0.8206,76.5
Kidney,jrc_mus-kidney,crop1029,Chemical,26,345482,22110848.0,44941,89716,37192,0.01094299,0.01360943,0.04021006,-0.016076,-0.00581914,0.0807,0.9193,91.4
Kidney,jrc_mus-kidney,crop1029,Chemical,27,60403,3865792.0,12182,24210,8448,0.0165326,0.02231614,0.06338005,-0.02212135,-0.01073611,0.041,0.959,60.5
Kidney,jrc_mus-kidney,crop1029,Chemical,28,40780,2609920.0,7874,15580,5109,0.01537817,0.02660143,0.10188444,-0.02186038,-0.00788213,0.1251,0.8749,65.0
Kidney,jrc_mus-kidney,crop1029,Chemical,29,93474,5982336.0,15136,30062,11692,0.01219253,0.01960643,0.05869778,-0.01849089,-0.00671457,0.0968,0.9032,82.0
Kidney,jrc_mus-kidney,crop1029,Chemical,30,52074,3332736.0,7074,13848,5528,0.01428878,0.03683626,0.11880064,-0.02041652,-0.00424066,0.1704,0.8296,70.0
Kidney,jrc_mus-kidney,crop1029,Chemical,31,81305,5203520.0,16797,33436,11715,0.01556915,0.02108729,0.06129945,-0.0221006,-0.01017196,0.0471,0.9529,64.2
Kidney,jrc_mus-kidney,crop1029,Chemical,32,53568,3428352.0,10920,21678,7462,0.01672975,0.0297361,0.21097605,-0.02247418,-0.01186055,0.0485,0.9515,59.8
Kidney,jrc_mus-kidney,crop1029,Chemical,33,90049,5763136.0,14694,29178,11620,0.01324468,0.02489,0.50595031,-0.01878304,-0.00795572,0.0447,0.9553,75.5
Kidney,jrc_mus-kidney,crop1029,Chemical,34,930474,59550336.0,85778,171324,80581,0.00849693,0.01049642,0.02791494,-0.0126678,-0.00430923,0.0852,0.9148,117.7
Kidney,jrc_mus-kidney,crop1029,Chemical,35,121738,7791232.0,23667,47070,17076,0.01568063,0.0223026,0.06128345,-0.02157892,-0.00675984,0.1374,0.8626,63.8
Kidney,jrc_mus-kidney,crop1029,Chemical,36,355409,22746176.0,39426,78690,34597,0.009922,0.01454644,0.27060953,-0.01467814,-0.00505698,0.1105,0.8895,100.8
Kidney,jrc_mus-kidney,crop1029,Chemical,37,94016,6017024.0,15899,31334,13151,0.01163059,0.13443169,11.54845751,-0.01628044,-0.00334763,0.1858,0.8141,86.0
Kidney,jrc_mus-kidney,crop1029,Chemical,38,135468,8669952.0,25841,51514,20392,0.01403884,0.01811453,0.04746285,-0.01998541,-0.00911197,0.0344,0.9656,71.2
Kidney,jrc_mus-kidney,crop1029,Chemical,39,133135,8520640.0,25718,51250,19891,0.01473012,0.02002729,0.10660387,-0.02120275,-0.0098046,0.0382,0.9618,67.9
Kidney,jrc_mus-kidney,crop1029,Chemical,40,42922,2747008.0,6531,12752,4595,0.01377121,0.04248606,0.13970535,-0.01946757,-0.00424408,0.1713,0.8287,72.6
Kidney,jrc_mus-kidney,crop1029,Chemical,41,102316,6548224.0,18640,37120,14942,0.01434161,0.02903999,1.18374583,-0.01941743,-0.00994959,0.026,0.974,69.7
Kidney,jrc_mus-kidney,crop1029,Chemical,42,65647,4201408.0,11847,23140,7800,0.01374959,0.04471898,0.17702375,-0.02039634,-0.003915,0.1924,0.8076,72.7
Kidney,jrc_mus-kidney,crop1029,Chemical,43,195024,12481536.0,34512,68702,29151,0.01456873,0.02159575,0.07674038,-0.01909548,-0.00958415,0.0623,0.9377,68.6
Kidney,jrc_mus-kidney,crop1029,Chemical,44,126796,8114944.0,16733,33162,13722,0.01179353,0.02158205,0.08760964,-0.01752098,-0.00490374,0.1299,0.8701,84.8
Kidney,jrc_mus-kidney,crop1029,Chemical,45,115342,7381888.0,22568,44962,16336,0.01483255,0.01965836,0.04888945,-0.02094902,-0.00953061,0.0449,0.9551,67.4
Kidney,jrc_mus-kidney,crop1029,Chemical,46,153475,9822400.0,28903,57626,22987,0.01438922,0.01914246,0.06326767,-0.01992338,-0.00971157,0.0513,0.9487,69.5
Kidney,jrc_mus-kidney,crop1029,Chemical,47,69453,4444992.0,12856,25542,9451,0.01422129,0.02126178,0.07214225,-0.02072102,-0.00838249,0.0499,0.9501,70.3
Kidney,jrc_mus-kidney,crop1029,Chemical,48,132109,8454976.0,25629,51070,19319,0.01551831,0.01990318,0.04502272,-0.02093896,-0.01081388,0.0361,0.9639,64.4
Kidney,jrc_mus-kidney,crop1029,Chemical,50,85578,5476992.0,14369,28316,11122,0.01390649,0.03662208,0.31166894,-0.01960723,-0.00439203,0.1669,0.8331,71.9
Kidney,jrc_mus-kidney,crop1029,Chemical,51,82094,5254016.0,16121,32082,11376,0.01500126,0.02013195,0.05006221,-0.02105382,-0.00915958,0.0497,0.9503,66.7
Kidney,jrc_mus-kidney,crop1029,Chemical,52,304765,19504960.0,38032,75806,33344,0.01022563,0.01556115,0.07977379,-0.01494987,-0.00526531,0.0855,0.9145,97.8
Kidney,jrc_mus-kidney,crop1029,Chemical,53,53848,3446272.0,11614,22606,7077,0.01684941,0.05027211,0.29801599,-0.02440229,-0.00831552,0.107,0.893,59.3
Kidney,jrc_mus-kidney,crop1029,Chemical,54,66209,4237376.0,13601,26572,9637,0.01565248,0.03417317,0.13321444,-0.02158408,-0.00787009,0.0975,0.9025,63.9
Kidney,jrc_mus-kidney,crop1029,Chemical,55,108351,6934464.0,20478,40772,15702,0.01535678,0.02062531,0.07491554,-0.02091247,-0.01058494,0.0303,0.9697,65.1
Kidney,jrc_mus-kidney,crop1029,Chemical,56,140326,8980864.0,26565,52996,21707,0.01492922,0.01834881,0.03797193,-0.0201939,-0.01080577,0.0159,0.9841,67.0
Kidney,jrc_mus-kidney,crop1029,Chemical,57,152886,9784704.0,26198,52208,19490,0.01254011,0.02091939,0.3499674,-0.01839972,-0.00709012,0.0647,0.9353,79.7
Kidney,jrc_mus-kidney,crop1029,Chemical,58,91994,5887616.0,13487,26458,10360,0.01145945,0.02870237,0.19385006,-0.01716479,-0.00539657,0.1184,0.8816,87.3
Kidney,jrc_mus-kidney,crop1029,Chemical,59,127782,8178048.0,23873,47586,18590,0.01540293,0.02209027,0.12955217,-0.02030391,-0.0106196,0.0335,0.9665,64.9
Kidney,jrc_mus-kidney,crop1029,Chemical,60,215639,13800896.0,31825,63492,26979,0.01113165,0.01525734,0.04235571,-0.01670027,-0.00586905,0.0625,0.9375,89.8
Kidney,jrc_mus-kidney,crop1029,Chemical,61,128770,8241280.0,23996,47854,19026,0.01402492,0.01754948,0.04211165,-0.01990434,-0.00933676,0.0427,0.9573,71.3
Kidney,jrc_mus-kidney,crop1029,Chemical,62,119095,7622080.0,22282,44422,17843,0.0157901,0.02015193,0.05282056,-0.02049649,-0.01198584,0.014,0.986,63.3
Kidney,jrc_mus-kidney,crop1029,Chemical,63,117270,7505280.0,21720,43300,16740,0.0151697,0.02427487,0.46142245,-0.02023574,-0.01051648,0.0296,0.9704,65.9
Kidney,jrc_mus-kidney,crop1029,Chemical,64,118155,7561920.0,20759,41382,16637,0.01464227,0.01853041,0.04168152,-0.02006488,-0.00982942,0.0389,0.9611,68.3
Kidney,jrc_mus-kidney,crop1029,Chemical,65,486031,31105984.0,50616,100924,45378,0.00856837,0.01236932,0.04609306,-0.01377704,-0.00204473,0.1811,0.8189,116.7
Kidney,jrc_mus-kidney,crop1029,Chemical,66,130560,8355840.0,23785,47426,17764,0.01441288,0.01825755,0.07179929,-0.02010179,-0.00875313,0.0656,0.9344,69.4
Kidney,jrc_mus-kidney,crop1029,Chemical,67,116576,7460864.0,19270,38322,14618,0.01329419,0.02704149,0.40702173,-0.01916827,-0.00657616,0.1083,0.8917,75.2
Kidney,jrc_mus-kidney,crop1029,Chemical,68,47973,3070272.0,8296,16157,6392,0.01479204,0.05567602,0.94889288,-0.02047149,-0.00836711,0.092,0.908,67.6
Kidney,jrc_mus-kidney,crop1029,Chemical,69,106976,6846464.0,20210,40290,14548,0.01458078,0.01899169,0.04256973,-0.02089067,-0.00947305,0.0475,0.9525,68.6
Kidney,jrc_mus-kidney,crop1029,Chemical,70,102405,6553920.0,19303,38440,15118,0.01438125,0.02166339,0.15439477,-0.02022876,-0.00872675,0.0597,0.9403,69.5
Kidney,jrc_mus-kidney,crop1029,Chemical,71,139157,8906048.0,20792,41128,17169,0.01214104,0.02689438,0.09939622,-0.01665539,-0.00471139,0.1739,0.8261,82.4
Kidney,jrc_mus-kidney,crop1029,Chemical,72,98813,6324032.0,18410,36688,13665,0.01453114,0.01927984,0.04905669,-0.02010448,-0.00944403,0.0402,0.9598,68.8
Kidney,jrc_mus-kidney,crop1029,Chemical,73,98648,6313472.0,18852,37570,13929,0.01499215,0.0187129,0.04090825,-0.02054676,-0.01008917,0.036,0.964,66.7
Kidney,jrc_mus-kidney,crop1029,Chemical,74,107774,6897536.0,19775,39414,14685,0.01455493,0.01890272,0.05226051,-0.01994456,-0.00977855,0.0311,0.9689,68.7
Kidney,jrc_mus-kidney,crop1029,Chemical,76,102587,6565568.0,18225,36310,13615,0.01457664,0.01954516,0.0720241,-0.02020427,-0.00921945,0.0452,0.9548,68.6
Kidney,jrc_mus-kidney,crop1029,Chemical,77,99019,6337216.0,16564,33000,12386,0.01407312,0.01597644,0.02624018,-0.01962118,-0.00896132,0.0518,0.9482,71.1
Kidney,jrc_mus-kidney,crop1029,Chemical,78,80719,5166016.0,14926,29700,10969,0.01386433,0.02005421,0.05570204,-0.02003755,-0.00879448,0.0473,0.9527,72.1
Kidney,jrc_mus-kidney,crop1029,Chemical,79,64108,4102912.0,12804,25486,9416,0.0160827,0.03237901,1.06407259,-0.02169273,-0.01135245,0.0253,0.9747,62.2
Kidney,jrc_mus-kidney,crop1029,Chemical,80,57684,3691776.0,11045,21952,7446,0.01458929,0.04152712,1.33782074,-0.02128501,-0.00879078,0.0536,0.9464,68.5
Kidney,jrc_mus-kidney,crop1029,Chemical,81,86475,5534400.0,14664,29176,11074,0.01390924,0.02191632,0.08108397,-0.01975793,-0.00855169,0.0503,0.9497,71.9
Kidney,jrc_mus-kidney,crop1029,Chemical,82,138612,8871168.0,17583,34918,14303,0.0108593,0.01990268,0.08239896,-0.01627105,-0.005638,0.0657,0.9343,92.1
Kidney,jrc_mus-kidney,crop1029,Chemical,83,78465,5021760.0,11958,23734,8656,0.01370554,0.02689099,0.26802641,-0.01979063,-0.00695691,0.0908,0.9092,73.0
Kidney,jrc_mus-kidney,crop1030,Chemical,1,11037009,706368576.0,644841,1285549,609506,0.00485242,0.00943698,0.0633755,-0.00455582,0.00512995,0.5157,0.4843,206.1
Kidney,jrc_mus-kidney,crop1030,Chemical,2,7652739,489775296.0,312155,622438,292029,0.00490862,0.00990783,0.05493826,-0.00642472,0.00325762,0.4177,0.5823,203.7
Kidney,jrc_mus-kidney,crop1030,Chemical,3,1340139,85768896.0,157413,314214,140785,0.00575849,0.01026319,0.09162146,-0.00802755,0.00321818,0.39,0.61,173.7
Kidney,jrc_mus-kidney,crop1030,Chemical,4,1539511,98528704.0,131939,262870,119201,0.00531396,0.01196289,0.18039562,-0.00687178,0.00352712,0.4134,0.5865,188.2
Kidney,jrc_mus-kidney,crop1030,Chemical,5,2080193,133132352.0,150971,300276,134827,0.0058665,0.01455967,0.12355688,-0.00786397,0.00380164,0.4113,0.5887,170.5
Kidney,jrc_mus-kidney,crop1030,Chemical,6,431498,27615872.0,27112,53489,23640,0.00659847,0.01886789,0.08358356,-0.00960478,0.00370079,0.4108,0.5892,151.6
Kidney,jrc_mus-kidney,crop1030,Chemical,7,107906,6905984.0,16365,32266,12019,0.01066444,0.01990524,0.06839044,-0.01738949,-0.00371042,0.1596,0.8404,93.8
Kidney,jrc_mus-kidney,crop1030,Chemical,8,2762718,176813952.0,351575,700148,313535,0.00519739,0.0131617,0.41051633,-0.0066346,0.00354296,0.4193,0.5807,192.4
Kidney,jrc_mus-kidney,crop1030,Chemical,9,16357867,1046903488.0,597576,1189446,571600,0.00549596,0.01674124,0.44179065,-0.00407586,0.0068469,0.5592,0.4408,182.0
Kidney,jrc_mus-kidney,crop1030,Chemical,10,3755423,240347072.0,473645,943722,448370,0.0037419,0.00910835,0.25617679,-0.00358119,0.00390336,0.4998,0.5002,267.2
Kidney,jrc_mus-kidney,crop1030,Chemical,11,686988,43967232.0,64685,128602,57093,0.00705402,0.01469139,0.16635996,-0.01136459,0.00152728,0.3038,0.6962,141.8
Kidney,jrc_mus-kidney,crop1030,Chemical,12,109040,6978560.0,13740,27174,11198,0.00939582,0.02233287,0.08267572,-0.01523863,-0.00373248,0.1163,0.8837,106.4
Kidney,jrc_mus-kidney,crop1030,Chemical,13,3762901,240825664.0,222973,443752,199814,0.00579635,0.01412442,0.11550358,-0.00787265,0.00360693,0.409,0.591,172.5
Kidney,jrc_mus-kidney,crop1030,Chemical,14,5901666,377706624.0,351648,699264,314880,0.00584295,0.01286178,0.13548916,-0.00753393,0.00415031,0.433,0.567,171.1
Kidney,jrc_mus-kidney,crop1030,Chemical,15,331485,21215040.0,26884,53123,24173,0.00698688,0.02231327,0.14385569,-0.01003618,0.00306209,0.359,0.641,143.1
Kidney,jrc_mus-kidney,crop1030,Chemical,16,418901,26809664.0,48167,96012,42024,0.00594008,0.01414932,0.31630735,-0.01020861,-0.00071062,0.2164,0.7836,168.3
Kidney,jrc_mus-kidney,crop1030,Chemical,17,330246,21135744.0,46154,91536,36698,0.00806379,0.01816599,0.09803058,-0.01239342,0.00170494,0.3029,0.6971,124.0
Kidney,jrc_mus-kidney,crop1030,Chemical,18,86467,5533888.0,14147,27828,10205,0.00974826,0.02950891,0.10855472,-0.01604768,-0.00058139,0.2348,0.7652,102.6
Kidney,jrc_mus-kidney,crop1030,Chemical,20,260768,16689152.0,35442,70394,28495,0.00673682,0.017827,0.60997897,-0.01157662,0.00236654,0.3493,0.6507,148.4
Kidney,jrc_mus-kidney,crop1030,Chemical,22,4664184,298507776.0,178148,355085,171621,0.00529754,0.01029274,0.07327287,-0.00751248,0.00172759,0.3308,0.6692,188.8
Kidney,jrc_mus-kidney,crop1030,Chemical,24,571903,36601792.0,35809,70512,32711,0.00422878,0.01689228,0.21009011,-0.00559534,0.00276002,0.4231,0.5769,236.5
Kidney,jrc_mus-kidney,crop1030,Chemical,25,105875,6776000.0,13078,25822,10383,0.00895789,0.02928818,0.27720562,-0.01477064,0.00064978,0.2683,0.7317,111.6
Kidney,jrc_mus-kidney,crop1031,Chemical,1,176517858,11297142912.0,587939,1172116,586609,0.00244966,0.00722525,0.07924632,-0.00257925,0.00229857,0.4784,0.5187,408.2
Kidney,jrc_mus-kidney,crop1031,Chemical,2,70669333,4522837312.0,873616,1741188,867363,0.00298483,0.00847172,0.125899,-0.0025126,0.00345061,0.5336,0.4658,335.0
Kidney,jrc_mus-kidney,crop1032,Chemical,2,306718,19629952.0,30042,59312,25447,0.00896287,0.02518228,0.17506403,-0.01277137,-5.156e-05,0.2489,0.7511,111.6
Kidney,jrc_mus-kidney,crop1032,Chemical,3,1015345,64982080.0,72415,143778,69004,0.00597973,0.01428456,0.06744798,-0.00901825,0.00046778,0.2693,0.7307,167.2
Kidney,jrc_mus-kidney,crop1032,Chemical,4,1222440,78236160.0,133834,266152,117882,0.00540883,0.01340839,0.10726884,-0.0066852,0.00438655,0.4694,0.5306,184.9
Kidney,jrc_mus-kidney,crop1032,Chemical,5,1608170,102922880.0,188182,374464,170584,0.00599828,0.01206858,0.06686445,-0.00693051,0.00529439,0.4993,0.5007,166.7
Kidney,jrc_mus-kidney,crop1032,Chemical,6,7847496,502239744.0,411884,821259,377773,0.00571067,0.01136781,0.17747529,-0.00697071,0.00433488,0.4334,0.5666,175.1
Kidney,jrc_mus-kidney,crop1032,Chemical,7,9066036,580226304.0,498570,993668,441954,0.00453935,0.01016641,0.0802508,-0.0036957,0.0051758,0.5576,0.4424,220.3
Kidney,jrc_mus-kidney,crop1032,Chemical,8,943513,60384832.0,109448,218254,99274,0.00631558,0.011179,0.04744149,-0.01059588,0.00109868,0.3,0.7,158.3
Kidney,jrc_mus-kidney,crop1032,Chemical,9,5086993,325567552.0,298126,594794,273145,0.00535355,0.01047712,0.30538654,-0.0074264,0.00329538,0.4096,0.5904,186.8
Kidney,jrc_mus-kidney,crop1032,Chemical,10,3594805,230067520.0,509545,1014847,482412,0.00708337,0.01489759,0.18945732,-0.00755731,0.00634093,0.4494,0.5506,141.2
Kidney,jrc_mus-kidney,crop1032,Chemical,11,6112474,391198336.0,190830,379220,175208,0.00312318,0.0100606,0.06923345,-0.00339222,0.00282409,0.469,0.531,320.2
Kidney,jrc_mus-kidney,crop1032,Chemical,12,2282325,146068800.0,407419,810958,383115,0.00707475,0.01412668,0.07401941,-0.00743051,0.0066116,0.4681,0.5319,141.3
Kidney,jrc_mus-kidney,crop1032,Chemical,13,64325,4116800.0,14306,28348,8982,0.01738324,0.02936688,0.1006213,-0.0236231,-0.0111123,0.0511,0.9489,57.5
Kidney,jrc_mus-kidney,crop1032,Chemical,14,1218327,77972928.0,107072,213726,101738,0.00644589,0.00957985,0.03198782,-0.01105872,-0.00199638,0.152,0.848,155.1
Kidney,jrc_mus-kidney,crop1032,Chemical,15,308054,19715456.0,24899,48971,23123,0.00678153,0.02388952,0.53690291,-0.01084143,0.00070502,0.2774,0.7226,147.5
Kidney,jrc_mus-kidney,crop1032,Chemical,16,436711,27949504.0,47501,94108,44017,0.00736091,0.01868996,0.14320704,-0.01149749,2.156e-05,0.2509,0.7491,135.9
Kidney,jrc_mus-kidney,crop1032,Chemical,17,134336,8597504.0,17476,34628,14976,0.00966776,0.02124774,0.15165374,-0.01518789,-0.00484704,0.077,0.923,103.4
Kidney,jrc_mus-kidney,crop1032,Chemical,18,1173606,75110784.0,73355,145756,65461,0.00728006,0.01811939,0.44394182,-0.01118896,0.0009641,0.284,0.716,137.4
Kidney,jrc_mus-kidney,crop1032,Chemical,19,1056169,67594816.0,59901,118874,55081,0.00603542,0.01462588,0.07761496,-0.00955946,0.00121926,0.3031,0.6969,165.7
Kidney,jrc_mus-kidney,crop1032,Chemical,20,68770,4401280.0,12062,24120,8130,0.01668065,0.01720067,0.01001768,-0.0224866,-0.01055418,0.0303,0.9697,59.9
Kidney,jrc_mus-kidney,crop1032,Chemical,21,608050,38915200.0,39754,78684,34952,0.00759846,0.01925585,0.10116257,-0.01134197,-1.499e-05,0.2497,0.7503,131.6
Kidney,jrc_mus-kidney,crop1032,Chemical,22,104716,6701824.0,9893,19349,8765,0.01105418,0.06936391,2.84008118,-0.01560386,-0.00030226,0.2426,0.7574,90.5
Kidney,jrc_mus-kidney,crop1032,Chemical,23,136834,8757376.0,12057,23595,10979,0.00660205,0.02248184,0.13821836,-0.01192005,0.00021209,0.2591,0.7409,151.5
Kidney,jrc_mus-kidney,crop1032,Chemical,24,148784,9522176.0,19819,39398,16218,0.00912083,0.01892438,0.15382847,-0.0155309,-0.00395128,0.1135,0.8865,109.6
Kidney,jrc_mus-kidney-4,crop1134,Rapid HPF,1,2492445,1276131840.0,320359,637474,309657,0.01185054,0.01978631,0.1578687,-0.02034178,0.00013318,0.2524,0.7476,84.4
Kidney,jrc_mus-kidney-4,crop1134,Rapid HPF,2,259298,132760576.0,52106,103640,51860,0.00920496,0.01582107,0.14632597,-0.01523922,-0.00024759,0.2426,0.7574,108.6
Kidney,jrc_mus-kidney-4,crop1134,Rapid HPF,3,2937386,1503941632.0,306592,609719,305703,0.00737128,0.01441845,0.34315917,-0.01074476,0.00301852,0.3573,0.6427,135.7
Kidney,jrc_mus-kidney-4,crop1134,Rapid HPF,4,106575,54566400.0,19939,39518,19785,0.00811683,0.01687833,0.21914248,-0.01330555,0.00126215,0.292,0.708,123.2
Kidney,jrc_mus-kidney-4,crop1134,Rapid HPF,5,15398,7883776.0,3350,6504,3299,0.01218781,0.02917359,0.08425536,-0.01889979,-0.00345586,0.1613,0.8387,82.0
Kidney,jrc_mus-kidney-4,crop1134,Rapid HPF,7,81165,41556480.0,15490,30614,15362,0.00977982,0.02063322,0.20770763,-0.01573035,-0.00065079,0.2337,0.7663,102.3
Kidney,jrc_mus-kidney-4,crop1134,Rapid HPF,9,14340,7342080.0,3651,7152,3623,0.01493248,0.02613245,0.05638533,-0.02184099,-0.00794731,0.0856,0.9144,67.0
Kidney,jrc_mus-kidney-4,crop1134,Rapid HPF,10,6554,3355648.0,2389,4668,2292,0.01964706,0.03289815,0.06467471,-0.02883197,-0.0111641,0.0545,0.9455,50.9
Kidney,jrc_mus-kidney-4,crop1134,Rapid HPF,11,7343,3759616.0,2251,4392,2203,0.01867223,0.03407813,0.09454044,-0.02614138,-0.01070042,0.0726,0.9274,53.6
Kidney,jrc_mus-kidney-4,crop1134,Rapid HPF,12,20308,10397696.0,4670,9098,4604,0.01254349,0.03485505,0.3445621,-0.02006908,-0.00520461,0.1069,0.8931,79.7
Kidney,jrc_mus-kidney-4,crop1134,Rapid HPF,13,14696,7524352.0,3974,7726,3827,0.01098223,0.0258558,0.16094399,-0.01737442,-0.00467244,0.0847,0.9153,91.1
Kidney,jrc_mus-kidney-4,crop1134,Rapid HPF,14,112879,57794048.0,28087,55904,27562,0.01298385,0.02169754,0.31368338,-0.02099386,-0.00351547,0.1711,0.8289,77.0
Kidney,jrc_mus-kidney-4,crop1134,Rapid HPF,15,1385226,709235712.0,182468,363176,181656,0.00875084,0.0143122,0.09892133,-0.01296158,0.00310916,0.3401,0.6599,114.3
Kidney,jrc_mus-kidney-4,crop1134,Rapid HPF,16,94727,48500224.0,17057,33498,16922,0.00896563,0.03385015,0.72736322,-0.01438249,0.00044559,0.2624,0.7376,111.5
Kidney,jrc_mus-kidney-4,crop1134,Rapid HPF,17,395139,202311168.0,69912,139228,69663,0.00806714,0.01507652,0.44291693,-0.01311496,0.00189875,0.3133,0.6867,124.0
Kidney,jrc_mus-kidney-4,crop1134,Rapid HPF,18,348594,178480128.0,60090,119514,59672,0.00797325,0.01433075,0.13740618,-0.0129545,0.00182186,0.3125,0.6875,125.4
Kidney,jrc_mus-kidney-4,crop1134,Rapid HPF,21,19076,9766912.0,6424,12844,6296,0.01802632,0.01961655,0.01060441,-0.02450866,-0.01295573,0.0141,0.9859,55.5
Kidney,jrc_mus-kidney-4,crop1134,Rapid HPF,22,88556,45340672.0,35101,69006,34517,0.0137037,0.0311696,0.37323596,-0.02011774,-0.00298455,0.1967,0.8032,73.0
Kidney,jrc_mus-kidney-4,crop1134,Rapid HPF,23,6768,3465216.0,1974,3834,1962,0.01862919,0.03336132,0.06248872,-0.02468739,-0.01352221,0.0061,0.9939,53.7
Kidney,jrc_mus-kidney-4,crop1134,Rapid HPF,24,11488,5881856.0,5913,11750,5441,0.02500735,0.03095494,0.07841113,-0.03368513,-0.01819008,0.0127,0.9873,40.0
Kidney,jrc_mus-kidney-4,crop1134,Rapid HPF,25,126964,65005568.0,25604,50966,25272,0.00804973,0.01373387,0.0468765,-0.01452224,-5.925e-05,0.2479,0.7521,124.2
Kidney,jrc_mus-kidney-4,crop1134,Rapid HPF,28,48109,24631808.0,9278,18232,8957,0.01224985,0.02473341,0.05752705,-0.02243679,-0.00081067,0.2298,0.7702,81.6
Kidney,jrc_mus-kidney-4,crop1134,Rapid HPF,30,27184,13918208.0,6678,13072,6592,0.01027641,0.02331729,0.07424477,-0.01818142,-0.00349748,0.1365,0.8635,97.3
Kidney,jrc_mus-kidney-4,crop1136,Rapid HPF,1,2991475,1531635200.0,113343,225157,113251,0.00482007,0.01010732,0.04569352,-0.00542305,0.00417522,0.466,0.5322,207.5
Kidney,jrc_mus-kidney-4,crop1136,Rapid HPF,2,10356517,5302536704.0,243041,482712,242767,0.00414792,0.01030855,0.40335071,-0.00399997,0.00429482,0.4983,0.4874,241.1
Kidney,jrc_mus-kidney-4,crop1136,Rapid HPF,3,280970,143856640.0,22031,43381,21936,0.00663043,0.01851094,0.15552406,-0.00960801,0.0029503,0.3738,0.6261,150.8
Kidney,jrc_mus-kidney-4,crop1136,Rapid HPF,5,5673,2904576.0,2378,4630,2307,0.01822147,0.03201294,0.0684734,-0.02707175,-0.0120512,0.0329,0.9671,54.9
Kidney,jrc_mus-kidney-4,crop1136,Rapid HPF,6,32881,16835072.0,6096,11882,6040,0.00831389,0.02292707,0.09663652,-0.01326599,-0.00167227,0.1894,0.8104,120.3
Kidney,jrc_mus-kidney-4,crop1136,Rapid HPF,7,35732,18294784.0,13602,26696,13314,0.00579955,0.0182947,0.10460393,-0.00876655,0.0028943,0.3754,0.6246,172.4
Kidney,jrc_mus-kidney-4,crop1136,Rapid HPF,8,1243461,636652032.0,66990,132913,66891,0.0037022,0.0116304,0.55580077,-0.00516787,0.00228976,0.4131,0.5869,270.1
Kidney,jrc_mus-kidney-4,crop1136,Rapid HPF,9,23298,11928576.0,6060,11788,5959,0.00698684,0.0239786,0.07348049,-0.01357884,-0.00074457,0.222,0.7778,143.1
Kidney,jrc_mus-kidney-4,crop1136,Rapid HPF,10,5416494,2773244928.0,523448,1041479,521918,0.0066587,0.02057037,0.43922081,-0.00538151,0.00789072,0.5451,0.4539,150.2
Kidney,jrc_mus-kidney-4,crop1136,Rapid HPF,11,368964,188909568.0,83139,165334,82985,0.0035452,0.01069242,0.23424644,-0.00548331,0.00165976,0.375,0.625,282.1
Kidney,jrc_mus-kidney-4,crop1136,Rapid HPF,12,1093833,560042496.0,134233,267644,133865,0.00610405,0.01021249,0.0548544,-0.00897064,0.00308203,0.3797,0.6203,163.8
Kidney,jrc_mus-kidney-4,crop1136,Rapid HPF,13,516550,264473600.0,67936,135452,67833,0.00708878,0.01078455,0.07268468,-0.01142587,-0.00206786,0.1617,0.8383,141.1
Kidney,jrc_mus-kidney-4,crop1136,Rapid HPF,14,522987,267769344.0,49910,99118,49805,0.00663213,0.01349649,0.09889445,-0.01009715,0.00081956,0.2826,0.7174,150.8
Kidney,jrc_mus-kidney-4,crop1136,Rapid HPF,15,846733,433527296.0,41508,82225,41387,0.00510293,0.01466245,0.27890386,-0.00733789,0.00217673,0.3532,0.6467,196.0
Kidney,jrc_mus-kidney-4,crop1136,Rapid HPF,16,239855,122805760.0,35195,70024,35032,0.00737656,0.01273294,0.09722364,-0.01163051,-2.111e-05,0.2492,0.7508,135.6
Kidney,jrc_mus-kidney-4,crop1136,Rapid HPF,17,36351,18611712.0,6951,13620,6882,0.00952973,0.02846207,0.37284425,-0.01591023,0.0002253,0.2557,0.7441,104.9
Kidney,jrc_mus-kidney-4,crop1136,Rapid HPF,18,10920,5591040.0,2420,4633,2312,0.0096479,0.0390014,0.13695152,-0.02058323,0.0040378,0.3802,0.6194,103.6
Kidney,jrc_mus-kidney-4,crop1137,Rapid HPF,1,4342420,2223319040.0,241645,479055,241368,0.00630473,0.01929394,1.04049405,-0.00500997,0.00750392,0.5518,0.4482,158.6
Kidney,jrc_mus-kidney-4,crop1137,Rapid HPF,2,247163,126547456.0,41967,83102,41448,0.00944894,0.03197137,2.06369418,-0.01130482,0.00776037,0.4654,0.5346,105.8
Kidney,jrc_mus-kidney-4,crop1137,Rapid HPF,3,143313,73376256.0,47406,93902,46462,0.00928829,0.02289435,0.61421583,-0.01174455,0.00657269,0.4274,0.5726,107.7
Kidney,jrc_mus-kidney-4,crop1137,Rapid HPF,4,276114,141370368.0,47996,95384,47794,0.00847997,0.01494211,0.08431886,-0.0121051,0.00433012,0.3836,0.6164,117.9
Kidney,jrc_mus-kidney-4,crop1137,Rapid HPF,5,216533,110864896.0,57623,114392,57128,0.00865986,0.01824578,0.40474823,-0.01118056,0.00608422,0.431,0.569,115.5
Kidney,jrc_mus-kidney-4,crop1137,Rapid HPF,6,303559,155422208.0,81065,160914,80237,0.00930149,0.01744664,0.15724024,-0.01245071,0.00580699,0.4091,0.5908,107.5
Kidney,jrc_mus-kidney-4,crop1137,Rapid HPF,7,80242,41083904.0,10954,21546,10871,0.00938388,0.02616175,0.37161822,-0.01479401,0.00083491,0.2717,0.7283,106.6
Kidney,jrc_mus-kidney-4,crop1137,Rapid HPF,8,87808,44957696.0,15216,29557,15122,0.01013335,0.04913431,1.05205793,-0.01108578,0.00846123,0.4394,0.5605,98.7
Kidney,jrc_mus-kidney-4,crop1137,Rapid HPF,9,348359,178359808.0,89585,177446,88709,0.0090048,0.01859638,0.13266064,-0.01052221,0.00745667,0.4569,0.543,111.1
Kidney,jrc_mus-kidney-4,crop1137,Rapid HPF,10,759932,389085184.0,134651,267204,132704,0.00757903,0.01712893,0.29125124,-0.01162622,0.00275719,0.3438,0.6562,131.9
Kidney,jrc_mus-kidney-4,crop1137,Rapid HPF,11,113377,58049024.0,32288,64146,31694,0.01048196,0.01754023,0.06718467,-0.01565541,0.00398067,0.3467,0.6533,95.4
Kidney,jrc_mus-kidney-4,crop1137,Rapid HPF,12,207113,106041856.0,51048,101782,50630,0.01046207,0.01459811,0.03658816,-0.01545106,0.00431542,0.3489,0.6511,95.6
Kidney,jrc_mus-kidney-4,crop1137,Rapid HPF,13,88441,45281792.0,10452,20337,10191,0.00953961,0.03796838,1.02559167,-0.01292871,0.0048165,0.3717,0.6283,104.8
Kidney,jrc_mus-kidney-4,crop1137,Rapid HPF,15,113562,58143744.0,28642,56596,28377,0.01005733,0.02020818,0.17284173,-0.01341503,0.00646612,0.4193,0.5807,99.4
Kidney,jrc_mus-kidney-4,crop1137,Rapid HPF,16,75326,38566912.0,19508,38402,19199,0.01032866,0.02488602,0.21856403,-0.01506931,0.00504845,0.3777,0.6223,96.8
Kidney,jrc_mus-kidney-4,crop1137,Rapid HPF,17,58063,29728256.0,16500,32434,16293,0.01071669,0.02706941,0.50714081,-0.01585126,0.00451625,0.3566,0.6434,93.3
Kidney,jrc_mus-kidney-4,crop1137,Rapid HPF,19,64129,32834048.0,10472,20504,10372,0.00967941,0.02232166,0.07576409,-0.0147338,0.00062613,0.2672,0.7328,103.3
Kidney,jrc_mus-kidney-4,crop1137,Rapid HPF,20,58865,30138880.0,11341,22189,11196,0.01285364,0.0510812,1.99332796,-0.01580675,0.00863377,0.3995,0.6004,77.8
Kidney,jrc_mus-kidney-4,crop1137,Rapid HPF,21,29834,15275008.0,8548,17092,8234,0.01243177,0.01550306,0.01488494,-0.02139718,-0.00405128,0.1502,0.8498,80.4
Kidney,jrc_mus-kidney-4,crop1137,Rapid HPF,23,12544,6422528.0,5439,10676,5179,0.01417829,0.03433963,0.44376957,-0.02457468,-0.00221391,0.2024,0.7976,70.5
Kidney,jrc_mus-kidney-4,crop1137,Rapid HPF,24,10631,5443072.0,2239,4289,2198,0.01473406,0.06654617,0.9034978,-0.02146271,0.00101517,0.2707,0.7293,67.9
Kidney,jrc_mus-kidney-4,crop1137,Rapid HPF,25,15023,7691776.0,4509,8804,4329,0.01174071,0.02701305,0.09305861,-0.02128588,-0.00359908,0.1411,0.8589,85.2
Kidney,jrc_mus-kidney-4,crop1144,Rapid HPF,1,24914376,12756160512.0,1383766,2750788,1378283,0.00587867,0.01315648,0.27795156,-0.00616943,0.00566365,0.5151,0.4849,170.1
Kidney,jrc_mus-kidney-4,crop1144,Rapid HPF,2,3658277,1873037824.0,260921,518564,260569,0.00423342,0.01092157,0.24147301,-0.00445073,0.00399001,0.4764,0.5236,236.2
Kidney,jrc_mus-kidney-4,crop1144,Rapid HPF,3,302333,154794496.0,25531,50331,25433,0.00568828,0.01669449,0.12454969,-0.0085773,0.00243199,0.3657,0.6343,175.8
Kidney,jrc_mus-kidney-4,crop1144,Rapid HPF,4,1089833,557994496.0,211299,420270,210712,0.00517743,0.01127436,0.17226658,-0.00637624,0.00407341,0.4581,0.5419,193.1
Kidney,jrc_mus-kidney-4,crop1144,Rapid HPF,5,11642876,5961152512.0,549011,1091725,547983,0.00494907,0.01700683,3.24196441,-0.00539264,0.00445273,0.4692,0.5308,202.1
Kidney,jrc_mus-kidney-4,crop1144,Rapid HPF,6,81328,41639936.0,14838,29248,14674,0.00791671,0.01972859,0.11112708,-0.01380577,-0.0007477,0.2215,0.7785,126.3
Kidney,jrc_mus-kidney-4,crop1144,Rapid HPF,7,842777,431501824.0,76010,150700,75694,0.00645718,0.06344104,9.46961173,-0.00940692,0.00261888,0.3496,0.6504,154.9
Kidney,jrc_mus-kidney-4,crop1144,Rapid HPF,8,56904,29134848.0,10645,20804,10512,0.00757992,0.03413788,0.28235009,-0.01347578,0.0003873,0.2646,0.7354,131.9
Kidney,jrc_mus-kidney-4,crop1144,Rapid HPF,9,111970,57328640.0,19046,37586,18817,0.00838914,0.020333,0.1265781,-0.01308879,0.00334847,0.3573,0.6427,119.2
Kidney,jrc_mus-kidney-4,crop1144,Rapid HPF,12,50104,25653248.0,11269,22304,11153,0.01095127,0.01909224,0.06241427,-0.01762304,-0.00251678,0.1828,0.8172,91.3
Kidney,jrc_mus-kidney-4,crop1144,Rapid HPF,16,7008,3588096.0,2149,4148,2062,0.01766689,0.04305669,0.13044997,-0.02601351,-0.00560276,0.1489,0.8511,56.6
Kidney,jrc_mus-kidney-4,crop1144,Rapid HPF,19,8195,4195840.0,2471,4796,2375,0.01523818,0.04053838,0.3566626,-0.02416527,-0.00800108,0.0973,0.9027,65.6
Kidney,jrc_mus-kidney-4,crop1144,Rapid HPF,21,13056,6684672.0,3715,7270,3621,0.01422011,0.03043055,0.1403399,-0.0228465,-0.00647915,0.1005,0.8995,70.3
Kidney,jrc_mus-kidney-4,crop1144,Rapid HPF,23,2449355,1254069760.0,236592,470494,236182,0.00571329,0.01134412,0.09319451,-0.0062346,0.00516743,0.4703,0.5297,175.0
Kidney,jrc_mus-kidney-4,crop1144,Rapid HPF,24,1226717,628079104.0,113750,224646,113357,0.00597853,0.01757664,0.23748715,-0.00834526,0.00281259,0.368,0.632,167.3
Kidney,jrc_mus-kidney-4,crop1144,Rapid HPF,25,9352,4788224.0,2840,5548,2776,0.01669873,0.02823422,0.06188089,-0.02444769,-0.00684334,0.1149,0.8851,59.9
Kidney,jrc_mus-kidney-4,crop1144,Rapid HPF,27,525303,268955136.0,116811,232092,116156,0.00609916,0.01318563,0.16402546,-0.00836715,0.00414305,0.4352,0.5648,164.0
Kidney,jrc_mus-kidney-4,crop1144,Rapid HPF,28,1092833,559530496.0,80525,159727,80340,0.0060801,0.01408236,0.1347901,-0.00741916,0.00469834,0.4435,0.5565,164.5
Kidney,jrc_mus-kidney-4,crop1144,Rapid HPF,29,30133,15428096.0,9093,18098,8948,0.01356549,0.01807447,0.05238957,-0.0213197,-0.00580121,0.1064,0.8936,73.7
Heart,jrc_mus-heart-6,crop1145,Chemical,1,3595603,1840948736.0,73888,146646,73709,0.00346898,0.01485568,0.90740978,-0.0036452,0.00327056,0.4789,0.5211,288.3
Heart,jrc_mus-heart-6,crop1145,Chemical,2,902471,462065152.0,164128,325904,162319,0.00849072,0.02658828,0.79537185,-0.00830268,0.00892487,0.4591,0.5409,117.8
Heart,jrc_mus-heart-6,crop1145,Chemical,3,986129,504898048.0,57438,113932,57351,0.00372511,0.01044558,0.05004686,-0.00458153,0.00300315,0.4572,0.5428,268.4
Heart,jrc_mus-heart-6,crop1146,Chemical,1,2484210,1271915520.0,121892,242090,121811,0.004188,0.01050744,0.10279144,-0.00489473,0.00345376,0.4536,0.5464,238.8
Heart,jrc_mus-heart-6,crop1146,Chemical,2,1126906,576975872.0,57305,113584,57239,0.00384906,0.01005708,0.05040657,-0.00476028,0.00265696,0.4217,0.5768,259.8
Heart,jrc_mus-heart-6,crop1146,Chemical,3,965505,494338560.0,93435,186038,93353,0.00411801,0.009964,0.1972759,-0.00638814,0.00147584,0.3448,0.6552,242.8
Heart,jrc_mus-heart-6,crop1146,Chemical,4,2994041,1532948992.0,125733,249495,121369,0.02100802,0.03466636,0.21496934,-0.0135949,0.03695474,0.5037,0.4963,47.6
Heart,jrc_mus-heart-6,crop1146,Chemical,5,405089,207405568.0,68342,135651,68181,0.00501339,0.01220859,0.07797535,-0.00865216,0.00162994,0.3439,0.6561,199.5
Heart,jrc_mus-heart-6,crop1147,Chemical,1,2434821,1246628352.0,68992,136916,68889,0.00339595,0.06545128,14.51819014,-0.00420153,0.00254972,0.441,0.559,294.5
Heart,jrc_mus-heart-6,crop1147,Chemical,2,3269294,1673878528.0,141353,280854,140666,0.00524075,0.02042636,2.4604367,-0.00489182,0.00560278,0.5153,0.4847,190.8
Heart,jrc_mus-heart-6,crop1147,Chemical,3,1393166,713300992.0,89863,178383,89435,0.0056043,0.01397505,0.23499537,-0.00656566,0.00438887,0.4325,0.5675,178.4
Liver,jrc_mus-liver,crop1038,Chemical,1,417423,26715072.0,40263,79958,35511,0.00803565,0.01645417,0.09858178,-0.0126463,-0.00157929,0.1961,0.8039,124.4
Liver,jrc_mus-liver,crop1038,Chemical,2,21067982,1348350848.0,1701728,3391104,1505684,0.00818397,0.01530522,0.11718683,-0.01105602,0.00463617,0.3961,0.6039,122.2
Liver,jrc_mus-liver,crop1038,Chemical,4,389930,24955520.0,50581,100668,43011,0.00735223,0.01450629,0.09039045,-0.01199383,0.00250024,0.3417,0.6583,136.0
Liver,jrc_mus-liver,crop1038,Chemical,6,51823,3316672.0,9362,18428,6933,0.01252965,0.03394211,0.2324494,-0.01921354,-0.00518479,0.1307,0.8693,79.8
Liver,jrc_mus-liver,crop1038,Chemical,7,119689,7660096.0,15333,30294,13057,0.00956144,0.02525284,0.09533908,-0.01419004,-0.00017409,0.2448,0.7552,104.6
Liver,jrc_mus-liver,crop1038,Chemical,11,5400749,345647936.0,421062,838415,351130,0.0103176,0.01825978,0.16973894,-0.01445749,0.00315595,0.3262,0.6738,96.9
Liver,jrc_mus-liver,crop1038,Chemical,21,52651,3369664.0,8225,16178,5868,0.01440765,0.03102871,0.12846886,-0.02046704,-0.00871484,0.0484,0.9516,69.4
Liver,jrc_mus-liver,crop1038,Chemical,23,82853,5302592.0,14380,28558,10246,0.01278453,0.02573984,0.32882998,-0.01945778,-0.00592375,0.1054,0.8946,78.2
Liver,jrc_mus-liver,crop1038,Chemical,28,68283,4370112.0,10110,20010,7572,0.01314336,0.02647359,0.08681709,-0.01939367,-0.0073595,0.0774,0.9226,76.1
Liver,jrc_mus-liver,crop1038,Chemical,30,164694,10540416.0,29402,58800,20288,0.0134129,0.01459682,0.0120349,-0.01982585,-0.00580182,0.1275,0.8725,74.6
Liver,jrc_mus-liver,crop1038,Chemical,32,56057,3587648.0,9303,18438,6687,0.01436334,0.02434018,0.07274693,-0.02183806,-0.00669157,0.1056,0.8944,69.6
Liver,jrc_mus-liver,crop1038,Chemical,33,72360,4631040.0,13296,26392,9200,0.01151839,0.02057144,0.07032101,-0.01891079,-0.00023049,0.2446,0.7554,86.8
Liver,jrc_mus-liver,crop1038,Chemical,45,204756,13104384.0,29603,58626,24436,0.01101788,0.01968877,0.07137001,-0.01609969,-0.00246788,0.1947,0.8053,90.8
Liver,jrc_mus-liver,crop1038,Chemical,49,86709,5549376.0,15660,31316,10552,0.0120386,0.01392107,0.01218225,-0.01970253,-0.0044529,0.128,0.872,83.1
Liver,jrc_mus-liver,crop1038,Chemical,54,46790,2994560.0,7641,14952,5508,0.01407305,0.03526564,0.13983455,-0.02057001,-0.00409633,0.1656,0.8344,71.1
Liver,jrc_mus-liver,crop1038,Chemical,55,206652,13225728.0,27764,55150,23009,0.01017768,0.01738525,0.24947486,-0.01545906,-0.00432107,0.1236,0.8764,98.3
Liver,jrc_mus-liver,crop1038,Chemical,58,80626,5160064.0,10644,20948,8861,0.01367585,0.03373129,0.17643942,-0.01821804,-0.00455488,0.1593,0.8405,73.1
Liver,jrc_mus-liver,crop1039,Chemical,1,26129394,1672281216.0,619731,1235586,543566,0.01018071,0.02424018,0.88476374,-0.01110543,0.00865405,0.4658,0.5341,98.2
Liver,jrc_mus-liver,crop1039,Chemical,3,40572,2596608.0,6571,12940,4601,0.01641609,0.03343665,0.09669836,-0.02325058,-0.00954069,0.0845,0.9155,60.9
Liver,jrc_mus-liver,crop1039,Chemical,6,9065820,580212480.0,388048,773838,339136,0.0110466,0.02310755,0.09930583,-0.01162164,0.01001667,0.4529,0.5471,90.5
Liver,jrc_mus-liver,crop1039,Chemical,10,98036,6274304.0,17690,35372,12445,0.01433046,0.0190688,0.02806083,-0.01948731,-0.00120147,0.2282,0.7718,69.8
Liver,jrc_mus-liver,crop1039,Chemical,11,16129702,1032300928.0,547423,1091287,485066,0.00891357,0.02004515,0.23770565,-0.01022749,0.00683785,0.4367,0.5633,112.2
Liver,jrc_mus-liver,crop1039,Chemical,18,43831,2805184.0,8443,16754,6005,0.01776046,0.02703126,0.10584934,-0.0229667,-0.01304826,0.0333,0.9667,56.3
Liver,jrc_mus-liver,crop1040,Chemical,1,37002857,2368182848.0,957826,1912320,831872,0.01363269,0.02581193,0.27034033,-0.01433908,0.01152871,0.4242,0.5758,73.4
Liver,jrc_mus-liver,crop1040,Chemical,2,11489818,735348352.0,775234,1546372,664558,0.01291595,0.02361037,0.24450377,-0.01459435,0.00797536,0.3715,0.6285,77.4
Liver,jrc_mus-liver,crop1040,Chemical,3,63377,4056128.0,10503,20700,7587,0.01373287,0.03405931,0.12534383,-0.02082686,-0.00648854,0.1209,0.8791,72.8
Liver,jrc_mus-liver,crop1040,Chemical,5,71434,4571776.0,11620,23094,9171,0.01514537,0.02237344,0.06124238,-0.0199777,-0.01092599,0.0219,0.9781,66.0
Liver,jrc_mus-liver,crop1040,Chemical,9,82670,5290880.0,13036,25828,9491,0.0141859,0.0259361,0.11868932,-0.02057103,-0.00441847,0.1745,0.8255,70.5
Liver,jrc_mus-liver,crop1040,Chemical,13,48095,3078080.0,8787,17394,5955,0.01416552,0.02493864,0.07800425,-0.02053838,-0.00775004,0.1018,0.8982,70.6
Liver,jrc_mus-liver,crop1040,Chemical,17,99447,6364608.0,17389,34422,13698,0.01171269,0.02155409,0.07632547,-0.01799145,-0.00419737,0.1629,0.8371,85.4
Liver,jrc_mus-liver,crop1040,Chemical,18,47446,3036544.0,8286,16328,6054,0.01336742,0.03592466,0.12562003,-0.02109453,-0.00596778,0.1069,0.8931,74.8
Liver,jrc_mus-liver,crop1040,Chemical,19,52184,3339776.0,10235,20346,6747,0.01722423,0.02989676,0.25406596,-0.02440766,-0.0081789,0.1123,0.8877,58.1
Liver,jrc_mus-liver,crop1040,Chemical,20,103812,6643968.0,18125,36092,13797,0.01218113,0.01899071,0.10722294,-0.01880154,-0.00481934,0.1184,0.8816,82.1
Liver,jrc_mus-liver,crop1040,Chemical,21,83268,5329152.0,13941,27710,10186,0.01517726,0.02749943,0.33046259,-0.0205628,-0.0083886,0.1012,0.8988,65.9
Liver,jrc_mus-liver,crop1040,Chemical,23,66530,4257920.0,11053,21886,7747,0.01368689,0.02963294,0.30925317,-0.01952123,-0.00715595,0.0849,0.9151,73.1
Liver,jrc_mus-liver,crop1040,Chemical,24,40700,2604800.0,6048,11808,4399,0.01374523,0.03858162,0.12711768,-0.01980213,-0.00506858,0.153,0.847,72.8
Liver,jrc_mus-liver,crop1040,Chemical,25,41131,2632384.0,6765,13256,4984,0.01522464,0.03906662,0.13436152,-0.02146872,-0.00624264,0.1433,0.8567,65.7
Liver,jrc_mus-liver,crop1041,Chemical,1,35914318,2298516352.0,1005969,2006690,848609,0.01030394,0.01909478,0.20251807,-0.01452247,0.00467363,0.3722,0.6278,97.1
Liver,jrc_mus-liver,crop1041,Chemical,3,56956,3645184.0,10470,20688,7709,0.01281879,0.02997987,0.19111231,-0.01860525,-0.00397483,0.138,0.862,78.0
Liver,jrc_mus-liver,crop1041,Chemical,4,62643,4009152.0,13504,26942,8642,0.01811243,0.02220786,0.04509263,-0.02452703,-0.01152999,0.0397,0.9603,55.2
Liver,jrc_mus-liver,crop1041,Chemical,5,58899,3769536.0,10490,20706,7389,0.01348042,0.02746552,0.10230366,-0.02082566,-0.00666814,0.0612,0.9388,74.2
Liver,jrc_mus-liver,crop1041,Chemical,6,58957,3773248.0,11113,22030,7697,0.01613953,0.02738252,0.08910014,-0.02214003,-0.00901311,0.0757,0.9243,62.0
Liver,jrc_mus-liver,crop1041,Chemical,8,59742,3823488.0,12135,24060,8044,0.01642581,0.03322087,0.30264269,-0.02249472,-0.0090088,0.0553,0.9447,60.9
Liver,jrc_mus-liver,crop1041,Chemical,9,7774660,497578240.0,319717,636438,306625,0.00607663,0.02921264,7.39718838,-0.00733037,0.00451834,0.4314,0.5686,164.6
Liver,jrc_mus-liver,crop1041,Chemical,10,73850,4726400.0,14879,29456,10946,0.01210169,0.02837999,0.13213238,-0.0189058,-0.00414312,0.1453,0.8546,82.6
Liver,jrc_mus-liver,crop1041,Chemical,15,2409922,154235008.0,267075,530604,247435,0.00609276,0.01451388,0.09602528,-0.00947277,0.00185263,0.3301,0.6699,164.1
Liver,jrc_mus-liver,crop1041,Chemical,21,41156,2633984.0,6461,12612,5232,0.00785857,0.02295125,0.08577984,-0.01455891,-0.00264899,0.1208,0.879,127.2
Liver,jrc_mus-liver,crop1041,Chemical,47,41585,2661440.0,7342,14426,5164,0.01470465,0.03558761,0.2098384,-0.02095525,-0.00945282,0.0426,0.9574,68.0
Liver,jrc_mus-liver,crop1042,Chemical,1,38641500,2473056000.0,782811,1562140,624996,0.01179289,0.02045171,0.1186575,-0.01560642,0.00585112,0.3807,0.6193,84.8
Liver,jrc_mus-liver,crop1042,Chemical,2,177662,11370368.0,33126,66040,23153,0.01269616,0.02137032,0.19360214,-0.01940898,-0.00592873,0.1002,0.8998,78.8
Liver,jrc_mus-liver,crop1042,Chemical,3,56381,3608384.0,10921,21688,7440,0.01519287,0.02081626,0.05143792,-0.0211102,-0.009806,0.0327,0.9673,65.8
Liver,jrc_mus-liver,crop1042,Chemical,4,199882,12792448.0,23490,46700,19431,0.01013373,0.01673564,0.05597864,-0.01563834,-0.00346808,0.1577,0.8423,98.7
Liver,jrc_mus-liver,crop1042,Chemical,5,78610,5031040.0,14391,28476,10256,0.01133017,0.02451448,0.08736905,-0.01813747,-0.00272646,0.1729,0.8271,88.3
Liver,jrc_mus-liver,crop1042,Chemical,7,112196,7180544.0,19764,39310,13233,0.01314115,0.01994526,0.05436149,-0.02041108,-0.0043192,0.1523,0.8477,76.1
Liver,jrc_mus-liver,crop1042,Chemical,10,189010,12096640.0,17119,33764,14712,0.00975226,0.03584823,0.73014224,-0.01374286,-0.00233383,0.1938,0.8062,102.5
Liver,jrc_mus-liver,crop1042,Chemical,12,12361551,791139264.0,671478,1339942,537344,0.01094143,0.01876641,0.08857035,-0.01477006,0.00599264,0.4028,0.5972,91.4
Liver,jrc_mus-liver,crop1042,Chemical,13,101912,6522368.0,19538,39072,13197,0.01386604,0.01523733,0.01188086,-0.02066197,-0.00691666,0.097,0.903,72.1
Liver,jrc_mus-liver,crop1042,Chemical,14,211237,13519168.0,25228,50308,20054,0.01171198,0.01821475,0.0843208,-0.01670884,-0.00377466,0.164,0.836,85.4
Liver,jrc_mus-liver,crop1042,Chemical,16,87430,5595520.0,16354,32704,10279,0.01524893,0.01645521,0.01552816,-0.02163683,-0.00522228,0.145,0.855,65.6
Liver,jrc_mus-liver,crop1042,Chemical,17,41991,2687424.0,9206,18408,5275,0.0162755,0.01757502,0.01170757,-0.02364806,-0.00911278,0.0279,0.9721,61.4
Liver,jrc_mus-liver,crop1042,Chemical,19,237450,15196800.0,45476,90948,30680,0.01385004,0.0152412,0.01133129,-0.02022146,-0.00796086,0.0741,0.9259,72.2
Liver,jrc_mus-liver,crop1042,Chemical,21,44373,2839872.0,9051,17966,5613,0.01346397,0.02211561,0.06420315,-0.02135671,-0.00698651,0.0616,0.9384,74.3
Liver,jrc_mus-liver,crop1042,Chemical,23,40017,2561088.0,9092,18088,5189,0.01583787,0.02346443,0.06598803,-0.02357697,-0.00767928,0.0823,0.9177,63.1
Liver,jrc_mus-liver,crop1043,Chemical,1,19441506,1244256384.0,686162,1369012,576511,0.00937053,0.01544649,0.09345416,-0.01276167,0.00473514,0.373,0.627,106.7
Liver,jrc_mus-liver,crop1043,Chemical,2,3895478,249310592.0,383315,763645,320083,0.00998326,0.01876665,0.88129397,-0.01370379,0.00381781,0.3421,0.6579,100.2
Liver,jrc_mus-liver,crop1043,Chemical,5,18263331,1168853184.0,1029349,2053640,848812,0.01084476,0.01921508,0.99749992,-0.01478591,0.00440907,0.3505,0.6495,92.2
Liver,jrc_mus-liver,crop1043,Chemical,12,2545561,162915904.0,204011,406681,176752,0.00807748,0.01387916,0.12490374,-0.01253428,0.00117859,0.2888,0.7112,123.8
Liver,jrc_mus-liver,crop1043,Chemical,17,134431,8603584.0,27103,54078,18877,0.0153784,0.01940241,0.04517969,-0.02130611,-0.00999534,0.0332,0.9668,65.0
Liver,jrc_mus-liver,crop1043,Chemical,19,149999,9599936.0,23597,46686,17739,0.01163698,0.0291744,0.62115736,-0.01794759,-0.00219273,0.1935,0.8065,85.9
Liver,jrc_mus-liver,crop1043,Chemical,20,45003,2880192.0,8296,16448,5597,0.01487654,0.02512997,0.07552939,-0.02121091,-0.00816461,0.08,0.92,67.2
Liver,jrc_mus-liver,crop1043,Chemical,21,111089,7109696.0,17349,34192,12565,0.01347548,0.03226222,0.34449286,-0.01961602,-0.00715746,0.0938,0.9062,74.2
Liver,jrc_mus-liver,crop1043,Chemical,32,70258,4496512.0,12164,24140,8837,0.01235391,0.02124338,0.06666668,-0.01933844,-0.00505455,0.1362,0.8638,80.9
Liver,jrc_mus-liver,crop1043,Chemical,48,1227218,78541952.0,75221,149192,67944,0.00778132,0.01882238,0.11895858,-0.01014224,0.00401667,0.3732,0.6268,128.5
Liver,jrc_mus-liver,crop1043,Chemical,51,270222,17294208.0,36706,73100,29786,0.01046243,0.01560295,0.05105085,-0.01605448,-0.00346666,0.1488,0.8512,95.6
Liver,jrc_mus-liver,crop1043,Chemical,53,63516,4065024.0,12038,23854,8145,0.01479022,0.02980281,0.34506933,-0.02094677,-0.00834507,0.0839,0.9161,67.6
Liver,jrc_mus-liver,crop1043,Chemical,55,129870,8311680.0,23420,46836,16163,0.01398185,0.01499934,0.01199033,-0.02029225,-0.00691809,0.111,0.889,71.5
Liver,jrc_mus-liver,crop1043,Chemical,56,116388,7448832.0,11947,23425,9334,0.01093152,0.02909368,0.13691452,-0.01243638,0.00786772,0.3917,0.6083,91.5
Liver,jrc_mus-liver,crop1043,Chemical,57,64218,4109952.0,10481,20738,7339,0.01496429,0.03325448,0.29827528,-0.02125276,-0.0076152,0.1183,0.8817,66.8
Liver,jrc_mus-liver,crop1043,Chemical,61,89180,5707520.0,13400,26624,10506,0.01297404,0.02167107,0.07331476,-0.02021771,-0.00600215,0.1068,0.8932,77.1
Liver,jrc_mus-liver,crop1044,Chemical,1,5402309,345747776.0,150799,299890,137381,0.00655491,0.0113226,0.09286886,-0.00655932,0.00654828,0.4977,0.5023,152.6
Liver,jrc_mus-liver,crop1044,Chemical,2,44053714,2819437696.0,996107,1986033,860842,0.01099775,0.01929309,0.16846682,-0.01359294,0.00693331,0.3965,0.6035,90.9
Liver,jrc_mus-liver,crop1044,Chemical,6,130281,8337984.0,24225,48332,19025,0.01428769,0.02060543,0.05175127,-0.01726577,-0.00020216,0.2469,0.7531,70.0
Liver,jrc_mus-liver,crop1044,Chemical,33,50918,3258752.0,8739,17232,6113,0.01298968,0.02440838,0.07627427,-0.01998428,-0.00584048,0.1089,0.8911,77.0
Liver,jrc_mus-liver-8,crop1123,Rapid HPF,1,3764398,1927371776.0,65868,130634,65864,0.00515629,0.01230244,0.12741496,-0.00524233,0.00506874,0.4938,0.5061,193.9
Liver,jrc_mus-liver-8,crop1123,Rapid HPF,2,4029361,2063032832.0,62392,123700,62318,0.00400832,0.01450485,0.43400253,-0.00417739,0.00381273,0.4807,0.5192,249.5
Liver,jrc_mus-liver-8,crop1124,Rapid HPF,1,13444594,6883632128.0,225748,449490,225732,0.00375748,0.00846835,0.2204877,-0.00383067,0.0036852,0.491,0.5089,266.1
Liver,jrc_mus-liver-8,crop1124,Rapid HPF,2,13969864,7152570368.0,226389,450748,226353,0.00394039,0.00946766,0.54088957,-0.00396512,0.00391566,0.4987,0.5011,253.8
Liver,jrc_mus-liver-8,crop1124,Rapid HPF,4,13163,6739456.0,4928,9852,4623,0.01806364,0.02039388,0.02120506,-0.02363277,-0.00544411,0.1819,0.8181,55.4
Liver,jrc_mus-liver-8,crop1124,Rapid HPF,8,9269,4745728.0,3982,7960,3612,0.01159619,0.01798725,0.02732383,-0.02660844,-0.00301216,0.1365,0.8635,86.2
Liver,jrc_mus-liver-8,crop1124,Rapid HPF,10,15468,7919616.0,5225,10224,4905,0.01270303,0.02878949,0.08269439,-0.02278358,-0.00227912,0.1841,0.8159,78.7
Liver,jrc_mus-liver-8,crop1125,Rapid HPF,1,2399147,1228363264.0,75252,149409,75117,0.00450949,0.01113532,0.25869497,-0.00473749,0.00428342,0.4857,0.5143,221.8
Liver,jrc_mus-liver-8,crop1125,Rapid HPF,2,3394047,1737752064.0,132002,262439,131789,0.0053693,0.01116773,0.1078525,-0.00650015,0.00422565,0.4486,0.5514,186.2
Liver,jrc_mus-liver-8,crop1125,Rapid HPF,3,3890555,1991964160.0,75961,150784,75934,0.00493479,0.01083869,0.12403008,-0.00490813,0.00496656,0.4981,0.5019,202.6
Liver,jrc_mus-liver-8,crop1126,Rapid HPF,1,26428636,13531461632.0,257025,511978,256997,0.00419884,0.00796499,0.08946399,-0.00416067,0.00423653,0.5055,0.4941,238.2
Liver,jrc_mus-liver-8,crop1126,Rapid HPF,2,12728026,6516749312.0,259575,516988,259252,0.00417897,0.00832259,0.08945348,-0.00423998,0.00411571,0.4924,0.5072,239.3
Liver,jrc_mus-liver-8,crop1127,Rapid HPF,1,7802682,3994973184.0,119532,237500,119532,0.00316984,0.00816496,0.11777082,-0.00318355,0.00315381,0.5021,0.4978,315.5
Liver,jrc_mus-liver-8,crop1127,Rapid HPF,2,2125914,1088467968.0,76974,152752,76928,0.00388698,0.01409612,0.40472958,-0.00450875,0.0031729,0.4533,0.5466,257.3
Liver,jrc_mus-liver-8,crop1127,Rapid HPF,4,2996030,1533967360.0,91621,181928,91519,0.00456644,0.01169437,0.30553358,-0.00510301,0.00399343,0.4665,0.5335,219.0
Liver,jrc_mus-liver-8,crop1127,Rapid HPF,5,12456,6377472.0,4912,9820,4518,0.00847649,0.01588358,0.01872884,-0.02396848,-0.00201523,0.1259,0.8741,118.0
Liver,jrc_mus-liver-8,crop1127,Rapid HPF,6,9713,4973056.0,3550,7096,3332,0.01823257,0.02016669,0.01509467,-0.02780008,-0.00899638,0.0603,0.9397,54.8
Liver,jrc_mus-liver-8,crop1127,Rapid HPF,7,6300,3225600.0,2544,5008,2345,0.01956413,0.03041052,0.05050638,-0.03045319,-0.01110503,0.0273,0.9727,51.1
Liver,jrc_mus-liver-8,crop1127,Rapid HPF,8,5013,2566656.0,2092,4180,2002,0.0234522,0.02503711,0.01091444,-0.0307314,-0.01735318,0.0,1.0,42.6
Liver,jrc_mus-liver-8,crop1071,Rapid HPF,1,2397541,1227540992.0,136324,270545,135651,0.00736821,0.0156615,0.2152882,-0.0083651,0.0061576,0.4508,0.5492,135.7
Liver,jrc_mus-liver-8,crop1071,Rapid HPF,2,10871734,5566327808.0,842373,1677991,836761,0.00880901,0.01864936,0.95267996,-0.01107045,0.0060539,0.4212,0.5788,113.5
Liver,jrc_mus-liver-8,crop1071,Rapid HPF,3,126352,64692224.0,16862,33230,16627,0.00901579,0.0319592,0.85293128,-0.0130938,0.00401746,0.3632,0.6367,110.9
Liver,jrc_mus-liver-8,crop1071,Rapid HPF,4,22190,11361280.0,8899,17506,8313,0.01662138,0.03039767,0.1700996,-0.02573493,-0.00271533,0.2076,0.7924,60.2
Liver,jrc_mus-liver-8,crop1071,Rapid HPF,5,1807452,925415424.0,165026,328184,164303,0.00704742,0.01328269,0.13783792,-0.00962098,0.00387124,0.3847,0.6153,141.9
Liver,jrc_mus-liver-8,crop1071,Rapid HPF,6,29080,14888960.0,8639,17052,8523,0.01510027,0.02510808,0.0941833,-0.02172267,-0.00774841,0.093,0.907,66.2
Liver,jrc_mus-liver-8,crop1071,Rapid HPF,7,26870,13757440.0,5283,10412,5268,0.01163464,0.02005928,0.04779851,-0.01708781,-0.00662742,0.06,0.94,86.0
Liver,jrc_mus-liver-8,crop1071,Rapid HPF,10,85612,43833344.0,21729,43272,20427,0.01448928,0.02051531,0.0515558,-0.02305986,-0.00591588,0.1276,0.8724,69.0
Liver,jrc_mus-liver-8,crop1071,Rapid HPF,11,53736,27512832.0,8527,16860,8507,0.01017852,0.01740087,0.0457905,-0.01537956,-0.00414732,0.1262,0.8738,98.2
Liver,jrc_mus-liver-8,crop1071,Rapid HPF,15,132063,67616256.0,28805,57448,28716,0.01168397,0.01471121,0.04968929,-0.01744407,-0.00512337,0.107,0.893,85.6
Liver,jrc_mus-liver-8,crop1071,Rapid HPF,16,94179,48219648.0,26623,52718,26069,0.01217214,0.02004159,0.08202423,-0.01921758,-0.00238605,0.1914,0.8086,82.2
Liver,jrc_mus-liver-8,crop1071,Rapid HPF,17,23602,12084224.0,7269,14184,7170,0.0136022,0.11015999,6.27953872,-0.02142442,-0.00443784,0.145,0.855,73.5
Liver,jrc_mus-liver-8,crop1071,Rapid HPF,18,15018,7689216.0,3565,6954,3523,0.01341479,0.04274479,0.67159608,-0.02017796,-0.00727957,0.0522,0.9478,74.5
Liver,jrc_mus-liver-8,crop1071,Rapid HPF,19,44173,22616576.0,12486,24776,12310,0.01055823,0.02600262,0.66710373,-0.01771981,-0.00183329,0.2024,0.7976,94.7
Liver,jrc_mus-liver-8,crop1071,Rapid HPF,20,1639752,839553024.0,241187,479180,238507,0.01147061,0.02065566,0.23459597,-0.01572888,0.00525703,0.3636,0.6364,87.2
Liver,jrc_mus-liver-8,crop1071,Rapid HPF,21,6142,3144704.0,1993,3836,1947,0.0143964,0.04191747,0.21404138,-0.02180101,-0.00970422,0.02,0.98,69.5
Liver,jrc_mus-liver-8,crop1071,Rapid HPF,22,6443,3298816.0,2036,3958,1989,0.01706818,0.03012492,0.06299304,-0.0256758,-0.01002126,0.0292,0.9708,58.6
Liver,jrc_mus-liver-8,crop1071,Rapid HPF,23,11289,5779968.0,4171,8254,4036,0.01594407,0.02422876,0.05255767,-0.0247969,-0.00768803,0.1058,0.8942,62.7
Liver,jrc_mus-liver-8,crop1071,Rapid HPF,25,14476,7411712.0,5027,9886,4843,0.01706483,0.0532478,1.88410387,-0.02462821,-0.00957657,0.069,0.931,58.6
Liver,jrc_mus-liver-8,crop1071,Rapid HPF,27,61473,31474176.0,13449,26796,13360,0.00961467,0.01580538,0.27842817,-0.01549987,-0.00331848,0.1382,0.8618,104.0
Liver,jrc_mus-liver-8,crop1071,Rapid HPF,28,10754,5506048.0,3610,7104,3484,0.0155393,0.02599539,0.06384122,-0.0261979,-0.00596312,0.1501,0.8499,64.4
Liver,jrc_mus-liver-8,crop1071,Rapid HPF,29,114898,58827776.0,26369,52632,26256,0.00851471,0.01245961,0.05140331,-0.01567316,-0.000391,0.2361,0.7639,117.4
Liver,jrc_mus-liver-8,crop1071,Rapid HPF,30,50401,25805312.0,15655,31258,15328,0.01277811,0.01621514,0.02142912,-0.0215403,-0.00334456,0.17,0.83,78.3
Liver,jrc_mus-liver-8,crop1071,Rapid HPF,31,113592,58159104.0,23226,45936,23001,0.01171805,0.02102059,0.09438033,-0.01828061,-0.00220343,0.1929,0.8071,85.3
Liver,jrc_mus-liver-8,crop1071,Rapid HPF,32,33424,17113088.0,10514,20808,10314,0.01445787,0.0304684,0.62211908,-0.0223805,-0.0057684,0.1281,0.8719,69.2
Liver,jrc_mus-liver-8,crop1071,Rapid HPF,33,90954,46568448.0,21032,42060,20840,0.01150251,0.01349808,0.01296782,-0.01832013,-0.00331024,0.1709,0.8291,86.9
Liver,jrc_mus-liver-8,crop1071,Rapid HPF,34,12348,6322176.0,5084,10164,4808,0.01948821,0.02132141,0.01545317,-0.02815548,-0.0113169,0.057,0.943,51.3
Liver,jrc_mus-liver-8,crop1071,Rapid HPF,35,12439,6368768.0,4584,9164,4451,0.01861282,0.02041462,0.01370905,-0.02711468,-0.01146422,0.0488,0.9512,53.7
Liver,jrc_mus-liver-8,crop1071,Rapid HPF,36,14800,7577600.0,5206,10408,4946,0.0154255,0.0181178,0.0160402,-0.02496014,-0.00609422,0.0958,0.9042,64.8
Liver,jrc_mus-liver-8,crop1071,Rapid HPF,38,17645,9034240.0,5546,10942,5375,0.0124307,0.02184224,0.09650101,-0.02129289,-0.00527691,0.0912,0.9088,80.4
Liver,jrc_mus-liver-8,crop1071,Rapid HPF,39,18016,9224192.0,5998,11992,5837,0.01620628,0.01801351,0.01377597,-0.02468008,-0.008526,0.0531,0.9469,61.7
Liver,jrc_mus-liver-8,crop1071,Rapid HPF,40,8494,4348928.0,3200,6396,3077,0.02013857,0.02109744,0.0134463,-0.02846687,-0.0117024,0.0409,0.9591,49.7
Liver,jrc_mus-liver-8,crop1071,Rapid HPF,42,7054,3611648.0,2781,5502,2613,0.01900834,0.02550565,0.0510029,-0.02889724,-0.00982598,0.0846,0.9154,52.6
Liver,jrc_mus-liver-8,crop1071,Rapid HPF,43,19597,10033664.0,10025,19834,8809,0.02476173,0.03335603,0.07814447,-0.03452223,-0.0172333,0.0338,0.9662,40.4
Liver,jrc_mus-liver-8,crop1071,Rapid HPF,44,6322,3236864.0,2606,5208,2469,0.02270246,0.02385402,0.01636187,-0.03075911,-0.01483211,0.0454,0.9546,44.0
Liver,jrc_mus-liver-8,crop1071,Rapid HPF,45,9232,4726784.0,3466,6928,3300,0.01970667,0.02143032,0.01455017,-0.02807347,-0.01190642,0.0742,0.9258,50.7
Liver,jrc_mus-liver-8,crop1071,Rapid HPF,46,20380,10434560.0,9870,19662,8560,0.02430356,0.02912375,0.02782126,-0.03467306,-0.01614311,0.0117,0.9883,41.1
Liver,jrc_mus-liver-8,crop1071,Rapid HPF,48,21762,11142144.0,7014,14024,6818,0.01496403,0.01764901,0.01543795,-0.02585176,-0.00568906,0.1279,0.8721,66.8
Liver,jrc_mus-liver-8,crop1071,Rapid HPF,50,19442,9954304.0,6788,13572,6542,0.01597877,0.01829129,0.01581771,-0.02536369,-0.00660216,0.1145,0.8855,62.6
Liver,jrc_mus-liver-8,crop1071,Rapid HPF,52,5174,2649088.0,2506,5008,2202,0.02028769,0.02394537,0.02142865,-0.03281251,-0.00819912,0.154,0.846,49.3
Liver,jrc_mus-liver-8,crop1071,Rapid HPF,53,18060,9246720.0,5712,11420,5590,0.01578173,0.01790233,0.01595977,-0.02430565,-0.00789136,0.0739,0.9261,63.4
Liver,jrc_mus-liver-8,crop1071,Rapid HPF,54,43839,22445568.0,11014,22024,10887,0.01319955,0.01462542,0.0124052,-0.01930656,-0.00646394,0.119,0.881,75.8
Liver,jrc_mus-liver-8,crop1071,Rapid HPF,55,20621,10557952.0,7730,15456,7413,0.02119255,0.02234087,0.01610748,-0.02895748,-0.01254348,0.0393,0.9607,47.2
Liver,jrc_mus-liver-8,crop1071,Rapid HPF,56,16552,8474624.0,5533,10870,5420,0.01628941,0.1466179,8.64611919,-0.02471801,-0.00644,0.1458,0.8542,61.4
Liver,jrc_mus-liver-8,crop1071,Rapid HPF,57,10925,5593600.0,3682,7360,3584,0.01829523,0.01953117,0.01221502,-0.02485187,-0.01183839,0.0324,0.9676,54.7
Liver,jrc_mus-liver-8,crop1071,Rapid HPF,58,45931,23516672.0,10208,20412,10109,0.01172126,0.01336219,0.01150743,-0.01782815,-0.00548252,0.1079,0.8921,85.3
Liver,jrc_mus-liver-8,crop1071,Rapid HPF,59,6983,3575296.0,2640,5276,2500,0.02122914,0.02271502,0.01341684,-0.02915519,-0.01351474,0.0248,0.9752,47.1
Liver,jrc_mus-liver-8,crop1071,Rapid HPF,60,93848,48050176.0,17964,35924,17770,0.00999593,0.01190594,0.01096545,-0.01554848,-0.00461386,0.0942,0.9058,100.0
Liver,jrc_mus-liver-8,crop1071,Rapid HPF,61,15392,7880704.0,7066,14128,6619,0.02021404,0.02262885,0.01747917,-0.03030817,-0.0109357,0.066,0.934,49.5
Liver,jrc_mus-liver-8,crop1071,Rapid HPF,62,18532,9488384.0,5092,10180,5070,0.01510858,0.01628762,0.00862154,-0.02060079,-0.0105281,0.0049,0.9951,66.2
Liver,jrc_mus-liver-8,crop1071,Rapid HPF,63,104999,53759488.0,23699,47048,23411,0.01164741,0.01872876,0.21845717,-0.0177661,-0.00134448,0.2155,0.7844,85.9
Liver,jrc_mus-liver-8,crop1071,Rapid HPF,65,10252,5249024.0,3249,6350,3181,0.01671217,0.02958281,0.06099151,-0.02480844,-0.00832699,0.1044,0.8956,59.8
Liver,jrc_mus-liver-8,crop1071,Rapid HPF,66,7160,3665920.0,2754,5504,2573,0.02052962,0.02233117,0.01865599,-0.03062692,-0.0099225,0.0501,0.9499,48.7
Liver,jrc_mus-liver-8,crop1071,Rapid HPF,68,197912,101330944.0,28558,56209,28447,0.00785326,0.02813229,0.48705047,-0.01086063,0.00459065,0.3989,0.6011,127.3
Liver,jrc_mus-liver-8,crop1071,Rapid HPF,69,17309,8862208.0,5510,10912,5406,0.01416803,0.02204522,0.05708879,-0.02404581,-0.00519763,0.1016,0.8984,70.6
Liver,jrc_mus-liver-8,crop1071,Rapid HPF,70,18445,9443840.0,5174,10252,5122,0.01374545,0.02141512,0.0699355,-0.02330775,-0.00240275,0.1874,0.8126,72.8
Liver,jrc_mus-liver-8,crop1071,Rapid HPF,71,23053,11803136.0,5967,11778,5794,0.01376686,0.02451267,0.08408217,-0.02132301,-0.00185282,0.2097,0.7903,72.6
Liver,jrc_mus-liver-8,crop1071,Rapid HPF,72,106407,54480384.0,20953,41774,20847,0.00930958,0.01339512,0.05771354,-0.01466242,-0.00127786,0.2102,0.7898,107.4
Liver,jrc_mus-liver-8,crop1071,Rapid HPF,73,6321,3236352.0,2674,5344,2488,0.0203663,0.02253951,0.01353351,-0.02835764,-0.0132554,0.01,0.99,49.1
Liver,jrc_mus-liver-8,crop1071,Rapid HPF,74,14014,7175168.0,4253,8252,4155,0.01398787,0.03999862,0.32481705,-0.02215998,-0.00527806,0.1278,0.8722,71.5
Liver,jrc_mus-liver-8,crop1071,Rapid HPF,75,9953,5095936.0,3297,6528,3244,0.01746093,0.03614499,0.62082027,-0.02450227,-0.01125682,0.0348,0.9652,57.3
Liver,jrc_mus-liver-8,crop1071,Rapid HPF,76,16048,8216576.0,4947,9660,4859,0.01322633,0.02960948,0.11794807,-0.02382998,-0.00330459,0.1624,0.8376,75.6
Liver,jrc_mus-liver-8,crop1071,Rapid HPF,77,22859,11703808.0,7398,14792,6950,0.01677894,0.02049008,0.01546599,-0.02634611,-0.01072617,0.0286,0.9714,59.6
Liver,jrc_mus-liver-8,crop1071,Rapid HPF,78,7815,4001280.0,3204,6404,3043,0.01994438,0.0220615,0.01296494,-0.02831214,-0.01323714,0.0145,0.9855,50.1
Liver,jrc_mus-liver-8,crop1071,Rapid HPF,79,16854,8629248.0,4856,9538,4434,0.01476494,0.0308689,0.10766616,-0.02318916,-0.00948316,0.0207,0.9793,67.7
Liver,jrc_mus-liver-8,crop1071,Rapid HPF,82,22531,11535872.0,5643,11116,5637,0.01430454,0.02576161,0.08111194,-0.01730516,-0.00466966,0.1747,0.8253,69.9
Liver,jrc_mus-liver-8,crop1071,Rapid HPF,83,61035,31249920.0,16096,32188,15932,0.01336357,0.0152411,0.01325176,-0.02077863,-0.00583363,0.1154,0.8846,74.8
Liver,jrc_mus-liver-8,crop1071,Rapid HPF,84,54950,28134400.0,12086,23998,12026,0.00794337,0.01585554,0.09412634,-0.01528701,-0.00112358,0.2076,0.7924,125.9
Liver,jrc_mus-liver-8,crop1071,Rapid HPF,85,25286,12946432.0,9160,18316,8614,0.01493763,0.0187708,0.02138183,-0.02620694,-0.00416892,0.1603,0.8397,66.9
Liver,jrc_mus-liver-8,crop1071,Rapid HPF,86,11667,5973504.0,5324,10644,4948,0.02002039,0.02230185,0.01563132,-0.02875707,-0.01248184,0.0493,0.9507,49.9
Liver,jrc_mus-liver-8,crop1071,Rapid HPF,90,29470,15088640.0,7094,14184,7059,0.01371356,0.01456136,0.01001092,-0.01955561,-0.0079563,0.0705,0.9295,72.9
Liver,jrc_mus-liver-8,crop1071,Rapid HPF,92,10658,5456896.0,3184,6166,3111,0.0135711,0.03031429,0.06888077,-0.02278165,-0.00727874,0.0383,0.9617,73.7
Liver,jrc_mus-liver-8,crop1071,Rapid HPF,95,9816,5025792.0,3272,6540,3204,0.01973232,0.02088631,0.01173549,-0.02611552,-0.01411951,0.0353,0.9647,50.7
Liver,jrc_mus-liver-8,crop1071,Rapid HPF,96,15517,7944704.0,4502,9000,4489,0.01635591,0.01749361,0.00985676,-0.02242886,-0.01073033,0.006,0.994,61.1
Liver,jrc_mus-liver-8,crop1071,Rapid HPF,98,52732,26998784.0,16781,33370,16773,0.01162702,0.01934527,0.21417832,-0.01257861,0.00955032,0.3893,0.6107,86.0
Liver,jrc_mus-liver-8,crop1071,Rapid HPF,99,8602,4404224.0,3418,6802,3304,0.02139827,0.02443265,0.02716778,-0.02876477,-0.0142531,0.0218,0.9782,46.7
Liver,jrc_mus-liver-8,crop1071,Rapid HPF,100,29196,14948352.0,6556,12964,6460,0.01092287,0.02019721,0.07789263,-0.01808507,-0.00305591,0.1721,0.8279,91.6
Liver,jrc_mus-liver-8,crop1071,Rapid HPF,101,6125,3136000.0,3539,7046,2936,0.02925897,0.03429141,0.02627312,-0.03944042,-0.02236975,0.0034,0.9966,34.2
Liver,jrc_mus-liver-8,crop1071,Rapid HPF,102,33757,17283584.0,6530,12755,6449,0.01254367,0.03754032,0.77644313,-0.01913218,-0.00037375,0.2438,0.7561,79.7
Liver,jrc_mus-liver-8,crop1071,Rapid HPF,103,20675,10585600.0,5508,11012,5495,0.01431207,0.01577392,0.0083306,-0.01958672,-0.01033639,0.0055,0.9945,69.9
Liver,jrc_mus-liver-8,crop1071,Rapid HPF,104,6971,3569152.0,2040,3970,2015,0.0175971,0.03751808,0.24994776,-0.02493487,-0.01255078,0.0313,0.9687,56.8
Liver,jrc_mus-liver-8,crop1071,Rapid HPF,108,7159,3665408.0,2118,4132,2090,0.0183364,0.03186575,0.06597786,-0.02575987,-0.0120014,0.0517,0.9483,54.5
Liver,jrc_mus-liver-8,crop1072,Rapid HPF,1,22901297,11725464064.0,200788,399051,194489,0.00982885,0.02246069,0.1708355,-0.01660499,0.00535622,0.4456,0.5544,101.7
Liver,jrc_mus-liver-8,crop1072,Rapid HPF,3,3011987,1542137344.0,140981,280145,135877,0.00599391,0.0184498,0.260956,-0.01256844,0.00291777,0.4022,0.5978,166.8
Liver,jrc_mus-liver-8,crop1073,Rapid HPF,1,9457772,4842379264.0,144528,287526,144092,0.00398021,0.0095915,0.12405365,-0.00437257,0.00361337,0.4809,0.5191,251.2
Liver,jrc_mus-liver-8,crop1073,Rapid HPF,2,6342493,3247356416.0,383558,763865,378803,0.00796257,0.01858284,0.20770482,-0.0127755,0.00406246,0.3984,0.6016,125.6
Liver,jrc_mus-liver-8,crop1073,Rapid HPF,3,24172,12376064.0,9015,17752,8678,0.01676354,0.02497416,0.05114093,-0.02485398,-0.00755179,0.113,0.887,59.7
Liver,jrc_mus-liver-8,crop1073,Rapid HPF,4,28372,14526464.0,9312,18506,9021,0.01626283,0.02182693,0.03984747,-0.02358452,-0.00786776,0.1029,0.8971,61.5
Liver,jrc_mus-liver-8,crop1073,Rapid HPF,5,6148,3147776.0,2713,5340,2656,0.02038364,0.0299563,0.06083845,-0.02880609,-0.01214686,0.0233,0.9767,49.1
Liver,jrc_mus-liver-8,crop1073,Rapid HPF,6,5189,2656768.0,1923,3718,1801,0.01790336,0.0371026,0.09860254,-0.03088143,-0.0061967,0.0933,0.9067,55.9
Liver,jrc_mus-liver-8,crop1073,Rapid HPF,7,5335,2731520.0,2395,4730,2294,0.02277826,0.03091128,0.04324087,-0.03136765,-0.01577571,0.0135,0.9865,43.9
Liver,jrc_mus-liver-8,crop1073,Rapid HPF,11,10839,5549568.0,4067,8068,3955,0.018546,0.02441996,0.04140175,-0.02751166,-0.01087281,0.0491,0.9509,53.9
Liver,jrc_mus-liver-8,crop1073,Rapid HPF,12,7195800,3684249600.0,264527,526632,260641,0.00972643,0.01784872,0.12072499,-0.01441561,0.00577665,0.4175,0.5825,102.8
Liver,jrc_mus-liver-8,crop1073,Rapid HPF,18,7377,3777024.0,2441,4748,2365,0.01786676,0.03323244,0.0766129,-0.02808624,-0.00639136,0.1087,0.8913,56.0
Liver,jrc_mus-liver-8,crop1073,Rapid HPF,21,7304,3739648.0,3178,6352,2979,0.02073991,0.02321411,0.01518199,-0.02895951,-0.01431775,0.0161,0.9839,48.2
Liver,jrc_mus-liver-8,crop1073,Rapid HPF,22,12020,6154240.0,4422,8752,4304,0.0169755,0.03732389,0.88680471,-0.02480581,-0.00969412,0.0544,0.9456,58.9
Liver,jrc_mus-liver-8,crop1074,Rapid HPF,1,20947681,10725212672.0,241087,479937,234903,0.01022388,0.02447512,1.01002386,-0.01679363,0.00476732,0.4103,0.5897,97.8
Liver,jrc_mus-liver-8,crop1074,Rapid HPF,2,2254604,1154357248.0,189799,377370,185654,0.01261592,0.02448245,0.27440004,-0.01853394,0.003969,0.3528,0.6472,79.3
Liver,jrc_mus-liver-8,crop1074,Rapid HPF,7,10744,5500928.0,4202,8278,4004,0.01949105,0.03261722,0.19273719,-0.02779212,-0.00946032,0.1229,0.8771,51.3
Liver,jrc_mus-liver-8,crop1074,Rapid HPF,9,5494,2812928.0,2008,3904,1899,0.01939602,0.03703595,0.08500337,-0.03131834,-0.01099992,0.0648,0.9352,51.6
Liver,jrc_mus-liver-8,crop1074,Rapid HPF,11,906517,464136704.0,103414,205233,100653,0.01350712,0.02390619,0.11619781,-0.01992337,0.00392059,0.3375,0.6625,74.0
Liver,jrc_mus-liver-8,crop1074,Rapid HPF,12,6925,3545600.0,2879,5688,2783,0.01970326,0.02898185,0.06254413,-0.02860933,-0.01338929,0.0309,0.9691,50.8
Liver,jrc_mus-liver-8,crop1074,Rapid HPF,15,10912,5586944.0,4381,8688,4194,0.0191231,0.02613926,0.04859988,-0.02747633,-0.01150874,0.0799,0.9201,52.3
Liver,jrc_mus-liver-8,crop1074,Rapid HPF,25,7490,3834880.0,3079,6096,3002,0.01990396,0.02850326,0.14356571,-0.0271324,-0.01379964,0.012,0.988,50.2
Liver,jrc_mus-liver-8,crop1074,Rapid HPF,26,6505,3330560.0,2742,5418,2649,0.01999714,0.03851553,0.39214301,-0.02757044,-0.01319437,0.0249,0.9751,50.0
Liver,jrc_mus-liver-8,crop1074,Rapid HPF,27,8742,4475904.0,3536,7068,3366,0.02069437,0.02246223,0.01792304,-0.02815081,-0.01320884,0.019,0.981,48.3
Liver,jrc_mus-liver-8,crop1074,Rapid HPF,28,6820,3491840.0,2410,4742,2351,0.0178599,0.02812898,0.05446637,-0.02623733,-0.01134971,0.0187,0.9813,56.0
Liver,jrc_mus-liver-8,crop1074,Rapid HPF,31,5596,2865152.0,2003,3906,1936,0.01982789,0.03311713,0.0641218,-0.02942333,-0.01255419,0.046,0.954,50.4
Liver,jrc_mus-liver-8,crop1074,Rapid HPF,38,6713,3437056.0,2696,5328,2609,0.01968693,0.02668278,0.04030502,-0.0268255,-0.01358518,0.0203,0.9797,50.8
Liver,jrc_mus-liver-8,crop1074,Rapid HPF,39,5751,2944512.0,2583,5056,2458,0.02364366,0.03976226,0.13978249,-0.03088793,-0.01715666,0.0386,0.9614,42.3
Liver,jrc_mus-liver-8,crop1074,Rapid HPF,40,6291,3220992.0,2306,4544,2245,0.01921309,0.02866534,0.0570677,-0.02880842,-0.01009046,0.0325,0.9675,52.0
Liver,jrc_mus-liver-8,crop1075,Rapid HPF,1,19219360,9840312320.0,225757,449691,220574,0.00823332,0.01824556,0.1429378,-0.01345177,0.00489666,0.4247,0.5753,121.5
Liver,jrc_mus-liver-8,crop1075,Rapid HPF,2,6397832,3275689984.0,201125,400483,196311,0.0083437,0.01838967,0.10255272,-0.01335939,0.00467708,0.4133,0.5867,119.9
Liver,jrc_mus-liver-8,crop1075,Rapid HPF,15,5423,2776576.0,2618,5232,2418,0.02348933,0.0261992,0.01397529,-0.03139918,-0.01773792,0.0012,0.9988,42.6
Liver,jrc_mus-liver-8,crop1075,Rapid HPF,16,9574,4901888.0,3797,7486,3673,0.01934272,0.02969803,0.08608219,-0.02715341,-0.01203706,0.0749,0.9251,51.7
Liver,jrc_mus-liver-8,crop1075,Rapid HPF,19,5285,2705920.0,2279,4488,2174,0.02165051,0.03210455,0.07871103,-0.02995417,-0.01557345,0.029,0.971,46.2
Liver,jrc_mus-liver-8,crop1075,Rapid HPF,21,6572,3364864.0,3014,6024,2843,0.02268797,0.02468685,0.01638186,-0.03025805,-0.01626221,0.02,0.98,44.1
Liver,jrc_mus-liver-8,crop1075,Rapid HPF,30,5466,2798592.0,2460,4916,2226,0.02282638,0.02481057,0.01697113,-0.03204285,-0.01341083,0.0386,0.9614,43.8
Liver,jrc_mus-liver-8,crop1075,Rapid HPF,42,5443,2786816.0,2760,5516,2520,0.02464571,0.02774471,0.01729834,-0.03407481,-0.01749181,0.0119,0.9881,40.6
Liver,jrc_mus-liver-8,crop1075,Rapid HPF,43,6122,3134464.0,2594,5184,2407,0.01979625,0.02263493,0.01580042,-0.02955838,-0.01202468,0.0316,0.9684,50.5
Liver,jrc_mus-liver-8,crop1075,Rapid HPF,44,5081,2601472.0,2450,4896,2212,0.02416857,0.02618029,0.01543444,-0.03352527,-0.01586053,0.0231,0.9769,41.4
Liver,jrc_mus-liver-8,crop1075,Rapid HPF,47,13382,6851584.0,5436,10868,5193,0.01829503,0.02059477,0.0140837,-0.02656631,-0.01142914,0.0304,0.9696,54.7
Liver,jrc_mus-liver-8,crop1075,Rapid HPF,48,5073,2597376.0,2024,3982,1950,0.02025997,0.03090889,0.07177526,-0.0283536,-0.01413075,0.0144,0.9856,49.4
Cortex,jrc_mus-cortex-2,crop1116,Rapid HPF,1,66176,33882112.0,8868,17367,8807,0.00862004,0.0266254,0.33659817,-0.0136508,0.00165949,0.3024,0.6976,116.0
Cortex,jrc_mus-cortex-2,crop1116,Rapid HPF,2,16142,8264704.0,6505,12764,6235,0.00702026,0.02382759,0.1720666,-0.01101104,0.00207631,0.3229,0.677,142.4
Cortex,jrc_mus-cortex-2,crop1116,Rapid HPF,3,46720,23920640.0,12296,24144,12032,0.00780975,0.02162406,0.07943748,-0.01017426,0.00500284,0.4088,0.5912,128.0
Cortex,jrc_mus-cortex-2,crop1116,Rapid HPF,4,25298,12952576.0,7332,14326,7257,0.01026849,0.02702672,0.14676424,-0.01660164,-0.0004905,0.2343,0.7657,97.4
Cortex,jrc_mus-cortex-2,crop1116,Rapid HPF,5,149690,76641280.0,27296,53890,27042,0.00694432,0.01915732,0.26121762,-0.0083425,0.00523903,0.431,0.5689,144.0
Cortex,jrc_mus-cortex-2,crop1116,Rapid HPF,6,1362366,697531392.0,390074,777206,389768,0.00396259,0.0163972,5.45923605,-0.00383741,0.00408628,0.5078,0.492,252.4
Cortex,jrc_mus-cortex-2,crop1116,Rapid HPF,7,611887,313286144.0,190900,380950,184707,0.0046006,0.00959049,0.06177608,-0.00591685,0.00327354,0.4313,0.5686,217.4
Cortex,jrc_mus-cortex-2,crop1116,Rapid HPF,8,3314331,1696937472.0,160135,319052,160104,0.00427198,0.02940252,8.51694764,-0.00654495,0.00149177,0.3414,0.6586,234.1
Cortex,jrc_mus-cortex-2,crop1116,Rapid HPF,9,37836,19372032.0,5820,11366,5810,0.0080483,0.0231822,0.12899093,-0.01325223,-0.00291139,0.1313,0.8685,124.2
Cortex,jrc_mus-cortex-2,crop1116,Rapid HPF,10,19187,9823744.0,3803,7368,3776,0.00973297,0.03056727,0.17489723,-0.01736261,-0.00359872,0.1496,0.8504,102.7
Cortex,jrc_mus-cortex-2,crop1116,Rapid HPF,11,12738,6521856.0,2449,4701,2396,0.009108,0.0355256,0.15805338,-0.01453847,-0.0026987,0.1553,0.8447,109.8
Cortex,jrc_mus-cortex-2,crop1116,Rapid HPF,12,117742,60283904.0,19523,38400,19270,0.00951636,0.03196015,0.91391679,-0.0135586,0.00551896,0.4047,0.5953,105.1
Cortex,jrc_mus-cortex-2,crop1116,Rapid HPF,13,44350,22707200.0,11269,22212,10758,0.01424407,0.02580664,0.06252721,-0.02469337,-0.00607292,0.1115,0.8885,70.2
Cortex,jrc_mus-cortex-2,crop1116,Rapid HPF,14,14461,7404032.0,5057,9734,5023,0.01185393,0.04198597,0.43130795,-0.01278532,0.00943989,0.351,0.649,84.4
Cortex,jrc_mus-cortex-2,crop1116,Rapid HPF,15,90960,46571520.0,15161,30270,15024,0.00859068,0.0107254,0.02544043,-0.01303289,-0.00468659,0.0791,0.9209,116.4
Cortex,jrc_mus-cortex-2,crop1116,Rapid HPF,16,172332,88233984.0,25780,51464,25174,0.00821241,0.01447516,0.38083822,-0.01411924,-0.00233291,0.1524,0.8476,121.8
Cortex,jrc_mus-cortex-2,crop1116,Rapid HPF,17,114820,58787840.0,30677,61212,29513,0.01236276,0.01707817,0.03309352,-0.02139061,-0.00530376,0.0926,0.9074,80.9
Cortex,jrc_mus-cortex-2,crop1116,Rapid HPF,19,1989499,1018623488.0,167402,334058,167370,0.00442438,0.00698254,0.02846516,-0.00727138,0.00030207,0.2691,0.7309,226.0
Cortex,jrc_mus-cortex-2,crop1116,Rapid HPF,20,236968,121327616.0,47157,93952,46046,0.01051743,0.01619494,0.05006725,-0.01850943,-0.00357565,0.1363,0.8637,95.1
Cortex,jrc_mus-cortex-2,crop1116,Rapid HPF,21,94324,48293888.0,17875,35612,17100,0.00959336,0.01462701,0.06863111,-0.01627152,-0.00413756,0.1071,0.8929,104.2
Cortex,jrc_mus-cortex-2,crop1116,Rapid HPF,24,98846,50609152.0,21991,43758,21049,0.01175017,0.01840866,0.04305039,-0.0202918,-0.00475339,0.1029,0.8971,85.1
Cortex,jrc_mus-cortex-2,crop1116,Rapid HPF,25,82205,42088960.0,12262,24156,12029,0.00752616,0.0234505,0.30246914,-0.0127325,-0.00038152,0.2354,0.7646,132.9
Cortex,jrc_mus-cortex-2,crop1116,Rapid HPF,26,137869,70588928.0,34248,68262,32273,0.01244136,0.01803959,0.03389236,-0.02053573,-0.00633512,0.0769,0.9231,80.4
Cortex,jrc_mus-cortex-2,crop1116,Rapid HPF,27,95614,48954368.0,21584,42692,20538,0.01215088,0.0217318,0.08459161,-0.02190533,-0.00462267,0.1229,0.8771,82.3
Cortex,jrc_mus-cortex-2,crop1116,Rapid HPF,29,315549,161561088.0,59417,117458,59093,0.00294105,0.01350994,0.30049367,-0.00336174,0.00256739,0.4879,0.5121,340.0
Cortex,jrc_mus-cortex-2,crop1116,Rapid HPF,30,529024,270860288.0,82918,165244,82295,0.00798918,0.01297366,0.03650221,-0.01444463,-0.00082509,0.219,0.781,125.2
Cortex,jrc_mus-cortex-2,crop1116,Rapid HPF,31,558440,285921280.0,95684,191358,93407,0.00651439,0.01080791,0.03613911,-0.01053569,0.0023523,0.3448,0.6552,153.5
Cortex,jrc_mus-cortex-2,crop1116,Rapid HPF,32,398949,204261888.0,62791,125470,62271,0.00872588,0.01204811,0.0193458,-0.01526023,-0.0031845,0.1321,0.8679,114.6
Cortex,jrc_mus-cortex-2,crop1116,Rapid HPF,34,244021,124938752.0,39687,79116,39444,0.00894335,0.01487545,0.3010154,-0.01508498,-0.00204102,0.1815,0.8185,111.8
Cortex,jrc_mus-cortex-2,crop1116,Rapid HPF,35,522705,267624960.0,145604,290640,145575,0.00743206,0.01077241,0.22818891,-0.00764591,0.00698182,0.4148,0.5852,134.6
Cortex,jrc_mus-cortex-2,crop1116,Rapid HPF,37,70990,36346880.0,31333,61692,30704,0.00358064,0.01710022,0.29668355,-0.00445236,0.00240562,0.4072,0.5927,279.3
Cortex,jrc_mus-cortex-2,crop1116,Rapid HPF,38,169861,86968832.0,39402,78592,38251,0.01225589,0.01685375,0.05314313,-0.02006034,-0.00543309,0.0948,0.9052,81.6
Cortex,jrc_mus-cortex-2,crop1116,Rapid HPF,39,81908,41936896.0,12152,23838,11921,0.00333687,0.01333916,0.05362987,-0.00604024,0.00043219,0.2838,0.7162,299.7
Cortex,jrc_mus-cortex-2,crop1116,Rapid HPF,40,507477,259828224.0,57141,113636,56205,0.007521,0.01462443,0.10225383,-0.01270404,-0.00057089,0.2281,0.7719,133.0
Cortex,jrc_mus-cortex-2,crop1116,Rapid HPF,41,149584,76587008.0,35247,70472,33107,0.01193195,0.01582342,0.03216836,-0.02025086,-0.00522458,0.101,0.899,83.8
Cortex,jrc_mus-cortex-2,crop1116,Rapid HPF,42,288613,147769856.0,50719,101374,48931,0.00843085,0.0122204,0.01744778,-0.01522348,-0.00206987,0.1682,0.8318,118.6
Cortex,jrc_mus-cortex-2,crop1116,Rapid HPF,43,132374,67775488.0,22734,45378,22636,0.00910336,0.01234787,0.02339076,-0.01505809,-0.00302034,0.1489,0.8511,109.8
Cortex,jrc_mus-cortex-2,crop1116,Rapid HPF,44,135273,69259776.0,40205,80262,40039,0.01317052,0.01654223,0.05880744,-0.02036111,-0.00759596,0.0378,0.9622,75.9
Cortex,jrc_mus-cortex-2,crop1116,Rapid HPF,45,212950,109030400.0,38278,76120,37217,0.00974158,0.01608577,0.08018361,-0.01654854,-0.00295339,0.1565,0.8435,102.7
Cortex,jrc_mus-cortex-2,crop1116,Rapid HPF,47,101401,51917312.0,18171,36304,17603,0.00904594,0.0128914,0.02458689,-0.01568102,-0.00352874,0.1335,0.8665,110.5
Cortex,jrc_mus-cortex-2,crop1116,Rapid HPF,48,292147,149579264.0,46804,93266,44338,0.00817284,0.01411956,0.03434062,-0.01522922,-0.00203211,0.1708,0.8292,122.4
Cortex,jrc_mus-cortex-2,crop1116,Rapid HPF,49,217825,111526400.0,35286,70136,33463,0.00996773,0.01804631,0.05501735,-0.01913761,-0.00324129,0.1473,0.8527,100.3
Cortex,jrc_mus-cortex-2,crop1116,Rapid HPF,50,593366,303803392.0,80670,161162,80183,0.0082555,0.01165725,0.08932286,-0.01375662,-0.00045233,0.2348,0.7652,121.1
Cortex,jrc_mus-cortex-2,crop1116,Rapid HPF,51,98095,50224640.0,19585,38850,19257,0.01268202,0.02174736,0.28054873,-0.02172087,-0.00411985,0.146,0.854,78.9
Cortex,jrc_mus-cortex-2,crop1116,Rapid HPF,52,258899,132556288.0,44284,88334,42771,0.00944177,0.014166,0.03833363,-0.01562769,-0.0030228,0.1574,0.8426,105.9
Cortex,jrc_mus-cortex-2,crop1116,Rapid HPF,53,48337,24748544.0,11381,22744,10986,0.01151441,0.01410728,0.01573015,-0.01845964,-0.00509135,0.1076,0.8924,86.8
Cortex,jrc_mus-cortex-2,crop1116,Rapid HPF,54,1524797,780696064.0,147416,294334,147214,0.00576276,0.00870623,0.03246324,-0.00898961,0.0018293,0.3348,0.6652,173.5
Cortex,jrc_mus-cortex-2,crop1116,Rapid HPF,55,134362,68793344.0,34083,67894,32472,0.01194226,0.01754856,0.04437231,-0.02050423,-0.00474772,0.1205,0.8795,83.7
Cortex,jrc_mus-cortex-2,crop1116,Rapid HPF,56,554225,283763200.0,101953,203674,100271,0.00678549,0.01034969,0.02813487,-0.01182096,0.00123104,0.2996,0.7004,147.4
Cortex,jrc_mus-cortex-2,crop1116,Rapid HPF,57,217553,111387136.0,43840,87606,42462,0.01073139,0.01453789,0.02415222,-0.01902467,-0.00333868,0.1489,0.8511,93.2
Cortex,jrc_mus-cortex-2,crop1116,Rapid HPF,58,362295,185495040.0,53213,106310,52922,0.00756275,0.01084797,0.03378686,-0.01331232,-0.00153618,0.1876,0.8124,132.2
Cortex,jrc_mus-cortex-2,crop1116,Rapid HPF,59,146766,75144192.0,50632,101004,48000,0.00719116,0.01423981,0.14562863,-0.01424167,0.00015549,0.2564,0.7436,139.1
Cortex,jrc_mus-cortex-2,crop1116,Rapid HPF,60,1874875,959936000.0,152071,303496,151412,0.00666494,0.00999315,0.04562991,-0.00977291,0.00309,0.3678,0.6322,150.0
Cortex,jrc_mus-cortex-2,crop1116,Rapid HPF,61,798335,408747520.0,82460,164784,82366,0.00540139,0.00775599,0.01505441,-0.00959399,-0.00014889,0.2421,0.7579,185.1
Cortex,jrc_mus-cortex-2,crop1116,Rapid HPF,62,1570535,804113920.0,406806,810798,406647,0.00408046,0.00794788,0.14388609,-0.0039323,0.00422709,0.5079,0.4921,245.1
Cortex,jrc_mus-cortex-2,crop1116,Rapid HPF,63,613416,314068992.0,75725,151104,75389,0.00769501,0.0113029,0.02770271,-0.01291335,-0.00075844,0.2216,0.7784,130.0
Cortex,jrc_mus-cortex-2,crop1116,Rapid HPF,64,897011,459269632.0,223983,446246,223881,0.00504866,0.00883306,0.06865614,-0.00521545,0.0048531,0.4755,0.5245,198.1
Cortex,jrc_mus-cortex-2,crop1116,Rapid HPF,65,195374,100031488.0,33528,66766,33086,0.00730102,0.01512729,0.06541753,-0.01039858,0.001982,0.3119,0.6881,137.0
Cortex,jrc_mus-cortex-2,crop1116,Rapid HPF,66,2545143,1303113216.0,169397,337646,169256,0.00445742,0.00910484,0.44726165,-0.00695692,0.00098012,0.309,0.691,224.3
Cortex,jrc_mus-cortex-2,crop1116,Rapid HPF,67,272181,139356672.0,97498,194176,95386,0.00501899,0.01074579,0.07175375,-0.00708231,0.00296133,0.4035,0.5965,199.2
Cortex,jrc_mus-cortex-2,crop1116,Rapid HPF,68,182496,93437952.0,44015,87882,43295,0.0118782,0.01533293,0.037219,-0.01975401,-0.00389575,0.1527,0.8473,84.2
Cortex,jrc_mus-cortex-2,crop1116,Rapid HPF,69,58955,30184960.0,12893,25732,11776,0.01111481,0.01761854,0.1988994,-0.0180863,-0.00491246,0.0913,0.9087,90.0
Cortex,jrc_mus-cortex-2,crop1116,Rapid HPF,70,140596,71985152.0,26221,51928,25912,0.01100095,0.02224002,0.25648094,-0.01955298,-0.00391228,0.1256,0.8744,90.9
Cortex,jrc_mus-cortex-2,crop1116,Rapid HPF,71,631902,323533824.0,66939,133246,66266,0.00754173,0.01341838,0.07777566,-0.01286082,-0.00021033,0.2423,0.7577,132.6
Cortex,jrc_mus-cortex-2,crop1116,Rapid HPF,72,278528,142606336.0,55994,111772,55198,0.00968286,0.01338645,0.02360588,-0.0168446,-0.0025816,0.1658,0.8342,103.3
Cortex,jrc_mus-cortex-2,crop1116,Rapid HPF,73,47985,24568320.0,15340,30452,14661,0.00794902,0.01901989,0.25842138,-0.01533596,0.00079934,0.2827,0.7173,125.8
Cortex,jrc_mus-cortex-2,crop1116,Rapid HPF,74,523865,268218880.0,66931,133824,64996,0.00790061,0.01131572,0.01863613,-0.01459506,-0.0001703,0.2438,0.7562,126.6
Cortex,jrc_mus-cortex-2,crop1116,Rapid HPF,75,534649,273740288.0,62052,123530,60519,0.00677532,0.0284972,3.74518264,-0.01198963,-0.00113413,0.1996,0.8004,147.6
Cortex,jrc_mus-cortex-2,crop1116,Rapid HPF,76,461158,236112896.0,68227,136362,67941,0.00778384,0.01048709,0.01493872,-0.01363144,-0.00256075,0.1444,0.8556,128.5
Cortex,jrc_mus-cortex-2,crop1116,Rapid HPF,77,232785,119185920.0,34539,68970,34409,0.00717532,0.01035772,0.02961422,-0.01239371,-0.00267875,0.1284,0.8716,139.4
Cortex,jrc_mus-cortex-2,crop1116,Rapid HPF,78,48459,24811008.0,6998,13682,6938,0.00817434,0.03338532,0.5700136,-0.01351664,-0.00112081,0.207,0.7929,122.3
Cortex,jrc_mus-cortex-2,crop1116,Rapid HPF,79,51708,26474496.0,9935,19728,9875,0.00966223,0.01563397,0.06250682,-0.01514592,-0.00459877,0.1021,0.8979,103.5
Cortex,jrc_mus-cortex-2,crop1116,Rapid HPF,81,18979,9717248.0,7146,14042,6867,0.01792909,0.03348682,0.23004337,-0.02725538,-0.00914732,0.0532,0.9468,55.8
Cortex,jrc_mus-cortex-2,crop1116,Rapid HPF,82,23124,11839488.0,6164,12194,5616,0.01422016,0.02362765,0.05482578,-0.023986,-0.00588902,0.1026,0.8974,70.3
Cortex,jrc_mus-cortex-2,crop1116,Rapid HPF,83,89629,45890048.0,31829,63454,30324,0.00896211,0.01610136,0.04708336,-0.01983257,-0.00053104,0.2294,0.7706,111.6
Cortex,jrc_mus-cortex-2,crop1116,Rapid HPF,84,274922,140760064.0,163372,324706,161297,0.00590423,0.01427619,0.32769789,-0.00717722,0.00459095,0.4411,0.5589,169.4
Cortex,jrc_mus-cortex-2,crop1116,Rapid HPF,85,25103,12852736.0,9267,18300,8485,0.01051752,0.02491216,0.08962102,-0.0213821,-0.00017891,0.2451,0.7549,95.1
Cortex,jrc_mus-cortex-2,crop1116,Rapid HPF,86,58018,29705216.0,17916,35530,17401,0.00661205,0.01603878,0.06214233,-0.0127027,0.00181928,0.3304,0.6696,151.2
Cortex,jrc_mus-cortex-2,crop1116,Rapid HPF,88,315609,161591808.0,20826,40961,20704,0.00478344,0.02066415,0.24609447,-0.00746504,0.00235854,0.3843,0.6157,209.1
Cortex,jrc_mus-cortex-2,crop1116,Rapid HPF,89,560465,286958080.0,60922,120746,60765,0.00535541,0.0131379,0.09105079,-0.00868324,0.00035074,0.2665,0.7335,186.7
Cortex,jrc_mus-cortex-2,crop1116,Rapid HPF,90,367868,188348416.0,158464,315468,158274,0.0044984,0.01058812,0.24380384,-0.00463314,0.00436836,0.492,0.508,222.3
Cortex,jrc_mus-cortex-2,crop1116,Rapid HPF,91,28294,14486528.0,14434,28732,12698,0.01160656,0.02183515,0.13632303,-0.02549208,-0.00152706,0.1992,0.8008,86.2
Cortex,jrc_mus-cortex-2,crop1116,Rapid HPF,92,226436,115935232.0,22015,43590,22004,0.00686166,0.03457639,2.40003891,-0.01048606,-0.00011497,0.2462,0.7538,145.7
Cortex,jrc_mus-cortex-2,crop1116,Rapid HPF,93,159170,81495040.0,55994,111442,44877,0.0069369,0.04241543,1.39739533,-0.00967173,0.004338,0.4075,0.5925,144.2
Cortex,jrc_mus-cortex-2,crop1116,Rapid HPF,94,180711,92524032.0,38965,77820,37653,0.01092707,0.01612693,0.09155526,-0.0189968,-0.00447633,0.1088,0.8912,91.5
Cortex,jrc_mus-cortex-2,crop1116,Rapid HPF,95,564468,289007616.0,55582,110706,55527,0.00490736,0.01047143,0.12393583,-0.00858717,-0.00128652,0.1679,0.8321,203.8
Cortex,jrc_mus-cortex-2,crop1116,Rapid HPF,96,47959,24555008.0,18439,36430,17918,0.00502254,0.01715428,0.11234212,-0.00711272,0.00293674,0.4053,0.5947,199.1
Cortex,jrc_mus-cortex-2,crop1116,Rapid HPF,97,76970,39408640.0,30147,59114,30057,0.00485932,0.02033803,0.18909382,-0.00539878,0.00431213,0.4633,0.5366,205.8
Cortex,jrc_mus-cortex-2,crop1116,Rapid HPF,98,208484,106743808.0,36984,73020,36921,0.00961338,0.02048569,0.15328839,-0.01495208,-0.00232216,0.1767,0.8233,104.0
Cortex,jrc_mus-cortex-2,crop1116,Rapid HPF,99,79420,40663040.0,19471,38398,18540,0.01158183,0.02695846,0.4310712,-0.02106433,-0.00238658,0.1787,0.8213,86.3
Cortex,jrc_mus-cortex-2,crop1116,Rapid HPF,100,24596,12593152.0,8519,16259,5445,0.01059772,0.17908866,4.491462,-0.01741618,0.00675266,0.4239,0.5759,94.4
Cortex,jrc_mus-cortex-2,crop1116,Rapid HPF,101,103151,52813312.0,28096,55968,26693,0.01245942,0.01981141,0.2507181,-0.02210577,-0.00430252,0.1317,0.8683,80.3
Cortex,jrc_mus-cortex-2,crop1116,Rapid HPF,102,56281,28815872.0,12361,24244,11970,0.00399473,0.01924404,0.48094839,-0.00739653,0.00046639,0.2865,0.7135,250.3
Cortex,jrc_mus-cortex-2,crop1116,Rapid HPF,104,133998,68606976.0,34715,69208,32389,0.01233573,0.01794828,0.09562374,-0.02039925,-0.00576391,0.0938,0.9062,81.1
Cortex,jrc_mus-cortex-2,crop1116,Rapid HPF,105,335101,171571712.0,34881,69438,34788,0.00660528,0.01355542,0.2602184,-0.01055618,-0.0002279,0.2406,0.7594,151.4
Cortex,jrc_mus-cortex-2,crop1116,Rapid HPF,106,74853,38324736.0,29351,57582,29177,0.0044438,0.01882529,0.17452985,-0.00510074,0.00366968,0.4535,0.5465,225.0
Cortex,jrc_mus-cortex-2,crop1116,Rapid HPF,107,131338,67245056.0,20845,41520,20734,0.00785091,0.01246329,0.05172608,-0.01270038,-0.00150525,0.1956,0.8044,127.4
Cortex,jrc_mus-cortex-2,crop1116,Rapid HPF,108,52609,26935808.0,8224,15974,8154,0.00716154,0.02889337,0.35030425,-0.01115571,-0.00215202,0.143,0.857,139.6
Cortex,jrc_mus-cortex-2,crop1116,Rapid HPF,109,73817,37794304.0,14009,27654,13689,0.00921464,0.01916391,0.06813055,-0.01705418,0.0025163,0.3292,0.6708,108.5
Cortex,jrc_mus-cortex-2,crop1116,Rapid HPF,110,144513,73990656.0,27493,54952,26456,0.01033106,0.01387616,0.01810846,-0.01791903,-0.00287781,0.1658,0.8342,96.8
Cortex,jrc_mus-cortex-2,crop1116,Rapid HPF,111,52551,26906112.0,11400,22108,10718,0.00632419,0.02989086,0.24309963,-0.00927937,0.00173944,0.3286,0.6714,158.1
Cortex,jrc_mus-cortex-2,crop1116,Rapid HPF,112,28851,14771712.0,9812,19436,9330,0.01378959,0.03024849,0.66783236,-0.02267918,-0.00194316,0.2065,0.7935,72.5
Cortex,jrc_mus-cortex-2,crop1116,Rapid HPF,114,172235,88184320.0,19671,38988,19664,0.00698588,0.01334038,0.05115028,-0.01116805,-0.00082406,0.2173,0.7827,143.1
Cortex,jrc_mus-cortex-2,crop1116,Rapid HPF,115,12216,6254592.0,5683,11308,5147,0.02227923,0.0269021,0.04045391,-0.03251406,-0.01296742,0.054,0.946,44.9
Cortex,jrc_mus-cortex-2,crop1116,Rapid HPF,116,21986,11256832.0,4620,9082,4518,0.01238748,0.0230781,0.08730752,-0.01882786,-0.00497796,0.1332,0.8668,80.7
Cortex,jrc_mus-cortex-2,crop1116,Rapid HPF,117,169390,86727680.0,24108,47864,23755,0.00711644,0.01711024,0.4394424,-0.01206236,0.00095618,0.2887,0.7113,140.5
Cortex,jrc_mus-cortex-2,crop1116,Rapid HPF,118,5698,2917376.0,1860,3626,1811,0.02011758,0.03355861,0.07441649,-0.028198,-0.01148734,0.0398,0.9602,49.7
Cortex,jrc_mus-cortex-2,crop1116,Rapid HPF,119,14123,7230976.0,6806,13534,5988,0.02035986,0.02655883,0.03872246,-0.0323966,-0.0089021,0.1112,0.8888,49.1
Cortex,jrc_mus-cortex-2,crop1116,Rapid HPF,120,17720,9072640.0,6507,12668,6027,0.01045853,0.03396951,0.26189064,-0.01668557,0.00146125,0.2799,0.7201,95.6
Cortex,jrc_mus-cortex-2,crop1116,Rapid HPF,121,8873,4542976.0,2652,5132,2555,0.01204623,0.02921481,0.10272665,-0.02012438,-0.00659102,0.0294,0.9706,83.0
Cortex,jrc_mus-cortex-2,crop1116,Rapid HPF,122,518592,265519104.0,37803,75172,37766,0.00494355,0.00963756,0.07421406,-0.00827849,-0.00011581,0.2373,0.7595,202.3
Cortex,jrc_mus-cortex-2,crop1116,Rapid HPF,123,270728,138612736.0,83496,166640,79908,0.00868425,0.01442002,0.05848347,-0.01606558,0.0035807,0.3792,0.6208,115.2
Cortex,jrc_mus-cortex-2,crop1116,Rapid HPF,125,72254,36994048.0,23235,46380,22092,0.01560156,0.01970563,0.02487856,-0.02521516,-0.00848477,0.0534,0.9466,64.1
Cortex,jrc_mus-cortex-2,crop1116,Rapid HPF,126,43840,22446080.0,11790,23576,11546,0.01242108,0.0144736,0.01293865,-0.01926528,-0.00565137,0.1066,0.8934,80.5
Cortex,jrc_mus-cortex-2,crop1116,Rapid HPF,127,686914,351699968.0,56211,111686,55362,0.00553105,0.01203277,0.05871577,-0.00937565,0.00149267,0.3237,0.6763,180.8
Cortex,jrc_mus-cortex-2,crop1116,Rapid HPF,129,309440,158433280.0,37357,74696,37150,0.0062032,0.00825521,0.01036378,-0.01092959,-0.00121899,0.1883,0.8117,161.2
Cortex,jrc_mus-cortex-2,crop1116,Rapid HPF,131,547225,280179200.0,48466,96010,48272,0.00522481,0.0151955,0.2089102,-0.00972781,-0.00013498,0.2416,0.7584,191.4
Cortex,jrc_mus-cortex-2,crop1116,Rapid HPF,132,17955,9192960.0,7738,15472,6976,0.01940016,0.02230666,0.01811143,-0.03026262,-0.01031352,0.0596,0.9404,51.5
Cortex,jrc_mus-cortex-2,crop1116,Rapid HPF,133,360280,184463360.0,38645,76850,38221,0.00848202,0.01729045,0.2733929,-0.01467516,-0.00052972,0.2312,0.7688,117.9
Cortex,jrc_mus-cortex-2,crop1116,Rapid HPF,134,241638,123718656.0,29801,59250,29589,0.00736114,0.01333321,0.07057376,-0.01201394,-0.00026572,0.2397,0.7603,135.8
Cortex,jrc_mus-cortex-2,crop1116,Rapid HPF,135,332954,170472448.0,42584,84448,42398,0.00749128,0.01673781,0.17451135,-0.01332814,-0.00067112,0.2214,0.7786,133.5
Cortex,jrc_mus-cortex-2,crop1116,Rapid HPF,136,837775,428940800.0,224114,446700,220254,0.00631186,0.01221026,0.26218006,-0.00900095,0.00389668,0.4143,0.5857,158.4
Cortex,jrc_mus-cortex-2,crop1116,Rapid HPF,137,303288,155283456.0,50023,99846,49870,0.00833809,0.01436298,0.60595451,-0.0138765,-0.00338625,0.1207,0.8793,119.9
Cortex,jrc_mus-cortex-2,crop1116,Rapid HPF,139,35627,18241024.0,13000,25996,12210,0.00804208,0.01304056,0.02080556,-0.01512131,-0.00036085,0.2361,0.7639,124.3
Cortex,jrc_mus-cortex-2,crop1116,Rapid HPF,140,88527,45325824.0,31071,61772,29865,0.00623222,0.01427227,0.05687577,-0.01153149,0.00148083,0.3131,0.6869,160.5
Cortex,jrc_mus-cortex-2,crop1116,Rapid HPF,141,48845,25008640.0,13394,26784,12730,0.01342632,0.0164596,0.0199652,-0.02176017,-0.00570124,0.1156,0.8844,74.5
Cortex,jrc_mus-cortex-2,crop1116,Rapid HPF,142,53340,27310080.0,22733,45410,20443,0.01203349,0.01824054,0.03809781,-0.02310682,-0.00371329,0.1467,0.8533,83.1
Cortex,jrc_mus-cortex-2,crop1116,Rapid HPF,143,30266,15496192.0,12949,25704,12151,0.00841607,0.01779613,0.0536829,-0.01401099,0.0024997,0.3152,0.6848,118.8
Cortex,jrc_mus-cortex-2,crop1116,Rapid HPF,144,7240,3706880.0,2319,4482,2207,0.01285707,0.03567264,0.23514475,-0.0227221,-0.00598332,0.0743,0.9257,77.8
Cortex,jrc_mus-cortex-2,crop1116,Rapid HPF,145,89450,45798400.0,25031,49958,23937,0.01332834,0.01761587,0.02329371,-0.02212316,-0.00667044,0.0762,0.9238,75.0
Cortex,jrc_mus-cortex-2,crop1116,Rapid HPF,146,147052,75290624.0,29273,58320,28581,0.00997627,0.01553914,0.0613299,-0.01678903,0.00199671,0.3065,0.6935,100.2
Cortex,jrc_mus-cortex-2,crop1116,Rapid HPF,147,169695,86883840.0,37096,73906,35986,0.01124378,0.015959,0.03076581,-0.01881337,-0.00508676,0.0977,0.9023,88.9
Cortex,jrc_mus-cortex-2,crop1116,Rapid HPF,148,104594,53552128.0,28665,57142,27645,0.01442524,0.01897716,0.06134198,-0.02291486,-0.00700534,0.0865,0.9135,69.3
Cortex,jrc_mus-cortex-2,crop1116,Rapid HPF,150,6091,3118592.0,2283,4390,2110,0.00822198,0.03090589,0.23183499,-0.01947853,-0.00283745,0.1384,0.8616,121.6
Cortex,jrc_mus-cortex-2,crop1116,Rapid HPF,151,16445,8419840.0,5160,10316,5017,0.01609288,0.01779913,0.01666749,-0.02448525,-0.0064772,0.1096,0.8904,62.1
Cortex,jrc_mus-cortex-2,crop1116,Rapid HPF,152,206547,105752064.0,30257,60486,30007,0.00816311,0.01060771,0.01748424,-0.01354071,2.718e-05,0.2505,0.7495,122.5
Cortex,jrc_mus-cortex-2,crop1116,Rapid HPF,153,46315,23713280.0,19104,38064,17286,0.01359425,0.02065887,0.0518672,-0.02413195,-0.00445691,0.1497,0.8503,73.6
Cortex,jrc_mus-cortex-2,crop1116,Rapid HPF,154,239253,122497536.0,41975,83588,41476,0.00858979,0.01349983,0.03067528,-0.01456495,0.00111926,0.286,0.714,116.4
Cortex,jrc_mus-cortex-2,crop1116,Rapid HPF,156,85715,43886080.0,15871,31580,15415,0.00978485,0.01475048,0.04893554,-0.01576889,-0.00491426,0.085,0.915,102.2
Cortex,jrc_mus-cortex-2,crop1116,Rapid HPF,158,23519,12041728.0,7340,14484,6708,0.01568534,0.031765,0.28312897,-0.02706335,-0.00095344,0.2329,0.7671,63.8
Cortex,jrc_mus-cortex-2,crop1116,Rapid HPF,159,246122,126014464.0,37068,73494,36387,0.00439917,0.01400475,0.14290568,-0.00619427,0.00214516,0.3771,0.6229,227.3
Cortex,jrc_mus-cortex-2,crop1116,Rapid HPF,160,290460,148715520.0,101642,202292,101547,0.00651054,0.01292667,0.19775722,-0.00745564,0.00505724,0.4298,0.5702,153.6
Cortex,jrc_mus-cortex-2,crop1116,Rapid HPF,162,256593,131375616.0,46496,92934,45781,0.00791404,0.01118792,0.01734108,-0.01371971,-0.00036121,0.2371,0.7629,126.4
Cortex,jrc_mus-cortex-2,crop1116,Rapid HPF,163,456873,233918976.0,51727,103018,51051,0.00581932,0.01196528,0.2060084,-0.00977856,0.0010068,0.2965,0.7035,171.8
Cortex,jrc_mus-cortex-2,crop1116,Rapid HPF,164,5188,2656256.0,1983,3870,1895,0.02138535,0.04167553,0.17958444,-0.02987414,-0.01146051,0.1061,0.8939,46.8
Cortex,jrc_mus-cortex-2,crop1116,Rapid HPF,165,126264,64647168.0,65739,129768,60609,0.00659919,0.02779808,0.50758973,-0.00958483,0.00396414,0.4045,0.5955,151.5
Cortex,jrc_mus-cortex-2,crop1116,Rapid HPF,166,52208,26730496.0,15941,31282,13090,0.00969022,0.09426163,1.90769787,-0.0168472,0.00360604,0.3472,0.6528,103.2
Cortex,jrc_mus-cortex-2,crop1116,Rapid HPF,167,66825,34214400.0,14979,29646,12874,0.00877279,0.01982638,0.07457075,-0.01731138,-0.00390413,0.0788,0.9212,114.0
Cortex,jrc_mus-cortex-2,crop1116,Rapid HPF,168,115298,59032576.0,24419,48816,23301,0.01062688,0.01492646,0.01677986,-0.01942365,-0.0043202,0.1091,0.8909,94.1
Cortex,jrc_mus-cortex-2,crop1116,Rapid HPF,169,350836,179628032.0,58009,114702,56769,0.00460512,0.01847237,0.38794231,-0.00583293,0.00298767,0.406,0.594,217.1
Cortex,jrc_mus-cortex-2,crop1116,Rapid HPF,171,363110,185912320.0,115754,229734,115698,0.0038512,0.02010487,3.40831975,-0.00408378,0.00361194,0.481,0.5183,259.7
Cortex,jrc_mus-cortex-2,crop1116,Rapid HPF,172,110910,56785920.0,23238,46468,22847,0.00971561,0.01177726,0.01065443,-0.01609052,-0.00441473,0.0935,0.9065,102.9
Cortex,jrc_mus-cortex-2,crop1116,Rapid HPF,173,139177,71258624.0,27107,53992,26534,0.009852,0.01491087,0.04899649,-0.01617642,-0.00418181,0.1215,0.8785,101.5
Cortex,jrc_mus-cortex-2,crop1116,Rapid HPF,174,44115,22586880.0,14096,28144,12436,0.01529196,0.0215344,0.08316312,-0.02642337,-0.00771887,0.0663,0.9337,65.4
Cortex,jrc_mus-cortex-2,crop1116,Rapid HPF,175,481349,246450688.0,78954,157702,77982,0.0047137,0.00863581,0.02053862,-0.00838561,0.00096042,0.3074,0.6926,212.1
Cortex,jrc_mus-cortex-2,crop1116,Rapid HPF,176,332154,170062848.0,208439,416166,202355,0.00503799,0.01030973,0.04346784,-0.00653715,0.00341041,0.4168,0.5831,198.5
Cortex,jrc_mus-cortex-2,crop1116,Rapid HPF,177,37423,19160576.0,12747,25398,12144,0.01607789,0.02076141,0.05269185,-0.02521644,-0.00815486,0.0788,0.9212,62.2
Cortex,jrc_mus-cortex-2,crop1116,Rapid HPF,178,137442,70370304.0,26816,53232,26646,0.01048621,0.02119434,0.71259025,-0.01733394,-0.00341556,0.1485,0.8515,95.4
Cortex,jrc_mus-cortex-2,crop1116,Rapid HPF,179,10953,5607936.0,2220,4280,2197,0.01399697,0.03318521,0.07560296,-0.02145893,-0.00634174,0.1311,0.8689,71.4
Cortex,jrc_mus-cortex-2,crop1116,Rapid HPF,180,290311,148639232.0,85780,170148,85566,0.00466023,0.01385519,0.4076055,-0.00503844,0.00426982,0.4745,0.5255,214.6
Cortex,jrc_mus-cortex-2,crop1116,Rapid HPF,182,119948,61413376.0,27862,55354,27614,0.00929771,0.02437944,1.45457089,-0.01671212,-0.00196995,0.1812,0.8188,107.6
Cortex,jrc_mus-cortex-2,crop1116,Rapid HPF,183,6963,3565056.0,1946,3714,1880,0.01264994,0.04458242,0.25582233,-0.02165447,-0.00364961,0.1479,0.8521,79.1
Cortex,jrc_mus-cortex-2,crop1116,Rapid HPF,185,37476,19187712.0,9737,19442,9152,0.01406044,0.01758994,0.02214947,-0.02233729,-0.0063788,0.087,0.913,71.1
Cortex,jrc_mus-cortex-2,crop1116,Rapid HPF,186,172340,88238080.0,29842,59604,29391,0.00917503,0.01271894,0.02062656,-0.01639475,-0.00275074,0.1577,0.8423,109.0
Cortex,jrc_mus-cortex-2,crop1116,Rapid HPF,187,119154,61006848.0,25112,50028,24677,0.01072108,0.02828797,1.94754234,-0.01823665,-0.00526244,0.0801,0.9199,93.3
Cortex,jrc_mus-cortex-2,crop1116,Rapid HPF,188,389874,199615488.0,36094,71456,36035,0.00461757,0.01246678,0.14753461,-0.0074975,0.00065721,0.2871,0.7129,216.6
Cortex,jrc_mus-cortex-2,crop1116,Rapid HPF,189,171362,87737344.0,27096,53844,26437,0.00841937,0.01527266,0.12828228,-0.01406332,-0.00115626,0.2111,0.7889,118.8
Cortex,jrc_mus-cortex-2,crop1116,Rapid HPF,190,166632,85315584.0,38140,76088,37837,0.01151334,0.01534884,0.09910556,-0.01817559,-0.00451587,0.1346,0.8654,86.9
Cortex,jrc_mus-cortex-2,crop1116,Rapid HPF,191,142697,73060864.0,36740,72956,36104,0.00560833,0.01305571,0.09339344,-0.00762986,0.0040154,0.4395,0.5605,178.3
Cortex,jrc_mus-cortex-2,crop1116,Rapid HPF,192,50903,26062336.0,15226,30392,14206,0.01478883,0.01793337,0.02077439,-0.02371303,-0.00546032,0.1292,0.8708,67.6
Cortex,jrc_mus-cortex-2,crop1116,Rapid HPF,194,581277,297613824.0,98388,195054,98310,0.00321361,0.01003236,0.0958393,-0.00320711,0.00321994,0.5082,0.4917,311.2
Cortex,jrc_mus-cortex-2,crop1116,Rapid HPF,195,57211,29292032.0,13910,27812,13703,0.01290428,0.01458722,0.01139525,-0.01955201,-0.00684936,0.069,0.931,77.5
Cortex,jrc_mus-cortex-2,crop1116,Rapid HPF,196,726155,371791360.0,84409,168100,83901,0.00624216,0.01131388,0.06261015,-0.00964052,0.00311977,0.3842,0.6158,160.2
Cortex,jrc_mus-cortex-2,crop1116,Rapid HPF,198,35289,18067968.0,12357,24446,11733,0.0196987,0.03483909,0.80443811,-0.02894985,-0.00978133,0.0875,0.9125,50.8
Cortex,jrc_mus-cortex-2,crop1116,Rapid HPF,199,99202,50791424.0,24546,49088,23560,0.01055225,0.01443862,0.02596096,-0.01834135,-0.00267077,0.1774,0.8226,94.8
Cortex,jrc_mus-cortex-2,crop1116,Rapid HPF,202,26420,13527040.0,7719,15218,7087,0.01430315,0.02691463,0.11281352,-0.02311713,-0.00714064,0.0854,0.9146,69.9
Cortex,jrc_mus-cortex-2,crop1116,Rapid HPF,203,122342,62639104.0,45901,90784,42374,0.00407347,0.01774636,0.12266529,-0.00516829,0.00292108,0.4312,0.5688,245.5
Cortex,jrc_mus-cortex-2,crop1116,Rapid HPF,204,53074,27173888.0,14936,29768,14102,0.01408671,0.02033305,0.1126009,-0.02265339,-0.00714817,0.0799,0.9201,71.0
Cortex,jrc_mus-cortex-2,crop1116,Rapid HPF,205,58913,30163456.0,13827,27280,13305,0.01145396,0.02299742,0.09070764,-0.01966076,-0.00492932,0.1134,0.8866,87.3
Cortex,jrc_mus-cortex-2,crop1116,Rapid HPF,206,815812,417695744.0,37920,75091,37910,0.00327441,0.01225848,0.34561246,-0.00507229,0.00117499,0.3447,0.6553,305.4
Cortex,jrc_mus-cortex-2,crop1116,Rapid HPF,207,692857,354742784.0,44562,88246,44522,0.00523256,0.01369038,0.11530101,-0.00773528,0.00162965,0.3267,0.6723,191.1
Cortex,jrc_mus-cortex-2,crop1116,Rapid HPF,208,48754,24962048.0,12591,24860,12145,0.01291095,0.02271637,0.05315108,-0.02356,-0.00512072,0.0923,0.9077,77.5
Cortex,jrc_mus-cortex-2,crop1116,Rapid HPF,210,553124,283199488.0,48161,95761,47667,0.00477361,0.01129783,0.06791951,-0.00780658,0.00187326,0.3641,0.6358,209.5
Cortex,jrc_mus-cortex-2,crop1116,Rapid HPF,211,105782,54160384.0,22426,44790,21768,0.010927,0.01450569,0.01876913,-0.019057,-0.00456015,0.1054,0.8946,91.5
Cortex,jrc_mus-cortex-2,crop1116,Rapid HPF,212,40564,20768768.0,5436,10616,5432,0.00836404,0.02370385,0.13118262,-0.01277232,-0.00380767,0.1162,0.8838,119.6
Cortex,jrc_mus-cortex-2,crop1116,Rapid HPF,213,11589,5933568.0,5705,11238,4950,0.01400051,0.0288826,0.06387326,-0.02844293,-0.00459744,0.1321,0.8679,71.4
Cortex,jrc_mus-cortex-2,crop1116,Rapid HPF,214,164758,84356096.0,17741,34922,17697,0.00573104,0.01805289,0.14642336,-0.00934521,-0.00065185,0.2144,0.7855,174.5
Cortex,jrc_mus-cortex-2,crop1116,Rapid HPF,215,75621,38717952.0,17217,34268,17124,0.00957676,0.01460108,0.07486753,-0.01619838,-0.00335185,0.1333,0.8667,104.4
Cortex,jrc_mus-cortex-2,crop1116,Rapid HPF,216,104157,53328384.0,24839,49626,24229,0.01048092,0.01388522,0.02231074,-0.01826593,-0.003562,0.1333,0.8667,95.4
Cortex,jrc_mus-cortex-2,crop1116,Rapid HPF,217,12161,6226432.0,4766,9364,4561,0.00866012,0.02371938,0.08342918,-0.01594282,0.00161344,0.3008,0.6992,115.5
Cortex,jrc_mus-cortex-2,crop1116,Rapid HPF,218,70801,36250112.0,40694,80344,40317,0.00608492,0.01743775,0.10836594,-0.0078304,0.00453965,0.4502,0.5498,164.3
Cortex,jrc_mus-cortex-2,crop1116,Rapid HPF,220,72085,36907520.0,27676,54696,27211,0.00461122,0.01572076,0.18993861,-0.00545008,0.00366259,0.4386,0.5614,216.9
Cortex,jrc_mus-cortex-2,crop1116,Rapid HPF,221,229231,117366272.0,31207,62354,30919,0.00716103,0.00994172,0.03392342,-0.01209876,-0.0018735,0.1679,0.8321,139.6
Cortex,jrc_mus-cortex-2,crop1116,Rapid HPF,222,43934,22494208.0,6386,12445,6260,0.00470344,0.0360302,1.41364526,-0.00932831,0.00118522,0.319,0.681,212.6
Cortex,jrc_mus-cortex-2,crop1116,Rapid HPF,223,48571,24868352.0,6219,12095,6217,0.00708131,0.026111,0.17671917,-0.01142333,-0.00086642,0.2125,0.7875,141.2
Cortex,jrc_mus-cortex-2,crop1116,Rapid HPF,224,100744,51580928.0,11690,22976,11582,0.00484324,0.03063013,1.53472666,-0.00853065,-0.00105492,0.1894,0.8106,206.5
Cortex,jrc_mus-cortex-2,crop1116,Rapid HPF,226,75772,38795264.0,13916,27336,13481,0.00575647,0.02367482,0.38043995,-0.00825409,0.00251009,0.3614,0.6386,173.7
Cortex,jrc_mus-cortex-2,crop1116,Rapid HPF,227,10418,5334016.0,3089,5988,3020,0.01519147,0.03374962,0.10102966,-0.02330934,-0.00784196,0.0897,0.9103,65.8
Cortex,jrc_mus-cortex-2,crop1116,Rapid HPF,228,8492,4347904.0,2905,5682,2546,0.01599848,0.03021295,0.06242518,-0.02780227,-0.00776818,0.064,0.936,62.5
Cortex,jrc_mus-cortex-2,crop1116,Rapid HPF,229,52781,27023872.0,11860,23522,11676,0.00898828,0.01770193,0.09631059,-0.01720715,-0.00062116,0.2219,0.7781,111.3
Cortex,jrc_mus-cortex-2,crop1116,Rapid HPF,230,94920,48599040.0,13820,27328,13674,0.0083647,0.01660529,0.0469502,-0.01463196,-0.00055843,0.229,0.771,119.6
Cortex,jrc_mus-cortex-3,crop1033,Chemical,2,60937399,487499192.0,844673,1683314,681178,0.00711921,0.01352919,0.15975078,-0.00119118,0.01030438,0.7123,0.2877,140.5
Cortex,jrc_mus-cortex-3,crop1033,Chemical,4,894416,7155328.0,50331,99804,36592,0.0054114,0.01350742,0.08716125,-0.00882359,-0.00204231,0.1289,0.8711,184.8
Cortex,jrc_mus-cortex-3,crop1033,Chemical,5,1299911,10399288.0,87351,173926,52015,0.00735363,0.01544367,0.1515373,-0.01073795,-0.00318995,0.1256,0.8744,136.0
Cortex,jrc_mus-cortex-3,crop1033,Chemical,6,1451652,11613216.0,126045,250644,60345,0.00860627,0.0279055,0.30755638,-0.01216372,0.00058749,0.2667,0.7333,116.2
Cortex,jrc_mus-cortex-3,crop1033,Chemical,7,322083,2576664.0,22296,44040,10817,0.00822023,0.03347635,0.1885564,-0.0123364,-0.00293237,0.1511,0.8489,121.7
Cortex,jrc_mus-cortex-3,crop1033,Chemical,8,3327350,26618800.0,225767,450624,140169,0.00670355,0.01162042,0.08173522,-0.01023785,-0.0024416,0.1392,0.8608,149.2
Cortex,jrc_mus-cortex-3,crop1033,Chemical,9,1672545,13380360.0,136713,272248,74684,0.00659315,0.01426403,0.10924782,-0.00962474,-0.00078158,0.2256,0.7744,151.7
Cortex,jrc_mus-cortex-3,crop1033,Chemical,10,3695945,29567560.0,270123,539266,153984,0.00608717,0.01167353,0.07390159,-0.00986049,0.00041247,0.2697,0.7303,164.3
Cortex,jrc_mus-cortex-3,crop1033,Chemical,11,3090353,24722824.0,221050,441158,116145,0.00837707,0.01753609,1.16554314,-0.01211754,-0.00358766,0.1315,0.8685,119.4
Cortex,jrc_mus-cortex-3,crop1033,Chemical,12,3389694,27117552.0,276402,552058,154095,0.00636669,0.01106934,0.07568832,-0.01030247,-0.00098113,0.2039,0.7961,157.1
Cortex,jrc_mus-cortex-3,crop1033,Chemical,13,4392732,35141856.0,309001,617084,181599,0.00647192,0.014069,1.01865154,-0.00990749,-0.00143437,0.1877,0.8123,154.5
Cortex,jrc_mus-cortex-3,crop1033,Chemical,14,17806731,142453848.0,367010,731393,277841,0.00505666,0.01396067,0.15902916,-0.00620139,0.00340768,0.4092,0.5908,197.8
Cortex,jrc_mus-cortex-3,crop1033,Chemical,15,1969573,15756584.0,132984,264759,74319,0.00781908,0.02265457,0.33955338,-0.0113575,0.00072144,0.2732,0.7268,127.9
Cortex,jrc_mus-cortex-3,crop1033,Chemical,16,1772631,14181048.0,102232,203356,65814,0.00529498,0.01137744,0.07213547,-0.00879895,0.00031276,0.2676,0.7324,188.9
Cortex,jrc_mus-cortex-3,crop1033,Chemical,17,5024447,40195576.0,415015,828210,295102,0.00645502,0.01220441,0.18190948,-0.00414196,0.00840367,0.5937,0.4063,154.9
Cortex,jrc_mus-cortex-3,crop1033,Chemical,18,2820966,22567728.0,212396,423674,117231,0.00710517,0.01675534,0.30517125,-0.01045358,-0.00159348,0.1875,0.8125,140.7
Cortex,jrc_mus-cortex-3,crop1033,Chemical,20,3330908,26647264.0,212730,424139,119750,0.00678326,0.0172312,0.12577798,-0.00993108,-0.00065973,0.2261,0.7739,147.4
Cortex,jrc_mus-cortex-3,crop1033,Chemical,21,1262283,10098264.0,77827,154804,52099,0.00592521,0.00713602,0.00770712,-0.00926754,-0.00183113,0.1592,0.8408,168.8
Cortex,jrc_mus-cortex-3,crop1034,Chemical,2,2002243,16017944.0,102808,204006,75777,0.00489389,0.01516875,0.10826465,-0.00741521,6.014e-05,0.2534,0.7466,204.3
Cortex,jrc_mus-cortex-3,crop1034,Chemical,3,6258411,50067288.0,305006,606823,249407,0.00554813,0.01552479,0.3741331,-0.0032121,0.00774303,0.6072,0.3928,180.2
Cortex,jrc_mus-cortex-3,crop1034,Chemical,4,3000080,24000640.0,212993,425092,125948,0.00634959,0.02547306,3.2287406,-0.00982333,-0.00074899,0.216,0.784,157.5
Cortex,jrc_mus-cortex-3,crop1034,Chemical,5,4838970,38711760.0,181944,362324,130985,0.00532702,0.01380891,0.14032385,-0.00684922,0.00262625,0.3674,0.6326,187.7
Cortex,jrc_mus-cortex-3,crop1034,Chemical,6,3316183,26529464.0,228803,456782,138505,0.00566408,0.0117102,0.07682728,-0.00866384,0.00120789,0.3064,0.6936,176.6
Cortex,jrc_mus-cortex-3,crop1034,Chemical,7,2880759,23046072.0,122698,244418,81851,0.00693499,0.01516087,0.11434197,-0.00941515,0.00252482,0.3387,0.6613,144.2
Cortex,jrc_mus-cortex-3,crop1034,Chemical,8,2205705,17645640.0,101027,200795,68818,0.00697854,0.01505112,0.11579584,-0.00790077,0.00535979,0.4183,0.5817,143.3
Cortex,jrc_mus-cortex-3,crop1034,Chemical,9,983993,7871944.0,70991,140735,43761,0.00778866,0.05146764,4.18726423,-0.00951103,0.0048081,0.4271,0.5729,128.4
Cortex,jrc_mus-cortex-3,crop1034,Chemical,11,1527421,12219368.0,91688,182078,55925,0.00570567,0.01824508,0.11873386,-0.00809534,0.00264365,0.367,0.633,175.3
Cortex,jrc_mus-cortex-3,crop1034,Chemical,12,904361,7234888.0,94994,189428,43543,0.00652631,0.01467449,0.09396465,-0.00902174,0.00376302,0.3955,0.6045,153.2
Cortex,jrc_mus-cortex-3,crop1034,Chemical,13,5179531,41436248.0,139892,278289,105721,0.00651862,0.02331232,1.28652465,-0.00803171,0.00281393,0.3353,0.6647,153.4
Cortex,jrc_mus-cortex-3,crop1034,Chemical,14,1424554,11396432.0,78422,156266,47037,0.00727255,0.01916844,0.38142542,-0.01117797,-0.00248703,0.1451,0.8549,137.5
Cortex,jrc_mus-cortex-3,crop1034,Chemical,15,4557769,36462152.0,260194,519574,168444,0.00570559,0.01024885,0.06148546,-0.00841425,0.00115368,0.3043,0.6957,175.3
Cortex,jrc_mus-cortex-3,crop1034,Chemical,16,6029685,48237480.0,184507,367297,142305,0.00499357,0.01352157,0.09851971,-0.00491785,0.00507678,0.4965,0.5035,200.3
Cortex,jrc_mus-cortex-3,crop1034,Chemical,17,1153130,9225040.0,85448,169417,48633,0.00717416,0.02280677,0.1410966,-0.01102727,-0.000617,0.2256,0.7744,139.4
Cortex,jrc_mus-cortex-3,crop1034,Chemical,19,536257,4290056.0,57164,113710,24904,0.00697348,0.04766681,4.40785155,-0.00909833,0.00316367,0.3493,0.6507,143.4
Cortex,jrc_mus-cortex-3,crop1034,Chemical,20,4991575,39932600.0,178169,355040,129203,0.00586771,0.01886861,0.61173374,-0.00797861,0.00282335,0.3732,0.6268,170.4
Cortex,jrc_mus-cortex-3,crop1034,Chemical,22,2797122,22376976.0,173172,345304,113115,0.00624005,0.01551982,0.14687,-0.00931361,-0.00158472,0.1831,0.8169,160.3
Cortex,jrc_mus-cortex-3,crop1034,Chemical,23,786296,6290368.0,55729,110532,31547,0.00749113,0.02184097,0.24571129,-0.01082695,0.00400975,0.4113,0.5887,133.5
Cortex,jrc_mus-cortex-3,crop1034,Chemical,24,2549941,20399528.0,96705,192129,77398,0.00548667,0.01489295,0.22102007,-0.0075022,0.00079976,0.2839,0.7161,182.3
Cortex,jrc_mus-cortex-3,crop1035,Chemical,2,733687,5869496.0,44753,88696,26060,0.00507874,0.02637932,0.15138863,-0.00889178,0.00060566,0.296,0.704,196.9
Cortex,jrc_mus-cortex-3,crop1035,Chemical,4,66874574,534996592.0,625351,1245806,541690,0.00659327,0.01708159,0.23076476,-0.00219579,0.01018768,0.6647,0.3353,151.7
Cortex,jrc_mus-cortex-3,crop1035,Chemical,5,39364042,314912336.0,542989,1082264,462324,0.00521417,0.01549331,0.18619111,-0.00492755,0.00558624,0.4947,0.5053,191.8
Cortex,jrc_mus-cortex-3,crop1035,Chemical,9,426888,3415104.0,28573,56464,14434,0.0052155,0.02816193,0.71482058,-0.0080181,0.00169466,0.3421,0.6579,191.7
Cortex,jrc_mus-cortex-3,crop1035,Chemical,11,764299,6114392.0,62378,123140,31835,0.00611837,0.02886,0.37825764,-0.00898289,0.00249859,0.3609,0.6391,163.4
Cortex,jrc_mus-cortex-3,crop1035,Chemical,13,2865429,22923432.0,189581,377396,118515,0.00698802,0.02266627,0.26921159,-0.00791435,0.00558716,0.435,0.565,143.1
Cortex,jrc_mus-cortex-3,crop1035,Chemical,14,3762039,30096312.0,233561,465848,156013,0.00587138,0.01407798,0.09839509,-0.0081511,0.00232174,0.3451,0.6549,170.3
Cortex,jrc_mus-cortex-3,crop1035,Chemical,15,792525,6340200.0,45084,89158,29834,0.00644298,0.03478106,0.22085666,-0.00822293,0.00411297,0.4088,0.5912,155.2
Cortex,jrc_mus-cortex-3,crop1035,Chemical,16,643947,5151576.0,40574,80420,24108,0.00578273,0.0230915,0.13590656,-0.00858654,0.00215407,0.351,0.649,172.9
Cortex,jrc_mus-cortex-3,crop1035,Chemical,17,1237703,9901624.0,49223,97489,31959,0.00758084,0.0383639,0.97186997,-0.00893021,0.00519235,0.3842,0.6158,131.9
Cortex,jrc_mus-cortex-3,crop1035,Chemical,19,1120421,8963368.0,71407,141706,40522,0.00763519,0.02473012,0.14189495,-0.00949801,0.00485835,0.3886,0.6114,131.0
Cortex,jrc_mus-cortex-3,crop1036,Chemical,1,855174,6841392.0,56178,111347,34125,0.00794397,0.07523233,7.3223074,-0.0081336,0.00762876,0.4371,0.5629,125.9
Cortex,jrc_mus-cortex-3,crop1036,Chemical,2,2689384,21515072.0,153297,304852,97342,0.00701009,0.03014775,0.85575062,-0.00810711,0.00462997,0.3818,0.6182,142.7
Cortex,jrc_mus-cortex-3,crop1036,Chemical,3,862106,6896848.0,50283,99534,30459,0.00646945,0.02991291,0.55894034,-0.00947654,0.00113559,0.298,0.702,154.6
Cortex,jrc_mus-cortex-3,crop1036,Chemical,4,532623,4260984.0,33765,66687,20293,0.00653677,0.02386007,0.15002362,-0.00767404,0.00474971,0.4164,0.5836,153.0
Cortex,jrc_mus-cortex-3,crop1036,Chemical,5,2062997,16503976.0,117660,234114,68451,0.00637871,0.01973597,0.13170911,-0.00993202,-0.0002273,0.2403,0.7597,156.8
Cortex,jrc_mus-cortex-3,crop1036,Chemical,6,2296179,18369432.0,172417,343352,92195,0.0067956,0.02165837,0.34212392,-0.00982546,0.00075291,0.276,0.724,147.2
Cortex,jrc_mus-cortex-3,crop1036,Chemical,7,371057,2968456.0,38015,75114,9795,0.01088105,0.06888603,0.29475116,-0.01495487,-0.00526579,0.1393,0.8607,91.9
Cortex,jrc_mus-cortex-3,crop1036,Chemical,8,870684,6965472.0,68747,136730,33403,0.00858904,0.02697257,0.38532657,-0.01256136,-0.00156171,0.2036,0.7964,116.4
Cortex,jrc_mus-cortex-3,crop1036,Chemical,9,5074073,40592584.0,272557,543534,180609,0.00567269,0.01698478,0.91892954,-0.00858205,-0.00053381,0.2257,0.7743,176.3
Cortex,jrc_mus-cortex-3,crop1036,Chemical,11,16513990,132111920.0,284638,566749,233280,0.00502625,0.01300044,0.09502381,-0.00280614,0.0068057,0.6107,0.3893,199.0
Cortex,jrc_mus-cortex-3,crop1036,Chemical,12,14326888,114615104.0,450576,899206,349692,0.00464301,0.01519508,1.37003945,-0.0063681,0.0017125,0.34,0.66,215.4
Cortex,jrc_mus-cortex-3,crop1036,Chemical,13,10477879,83823032.0,271119,539399,201894,0.00540608,0.02026821,0.26050865,-0.00356124,0.0068694,0.6027,0.3973,185.0
Cortex,jrc_mus-cortex-3,crop1037,Chemical,3,4814409,38515272.0,178395,354562,135761,0.00536291,0.0216839,0.18843023,-0.00615843,0.00378951,0.3844,0.6156,186.5
Cortex,jrc_mus-cortex-3,crop1037,Chemical,4,9967228,79737824.0,737605,1469809,613031,0.00453932,0.01330393,0.10761306,-0.0032108,0.00592774,0.5643,0.4357,220.3
Cortex,jrc_mus-cortex-3,crop1037,Chemical,5,1486097,11888776.0,145102,289226,85970,0.00547905,0.01478386,0.10179094,-0.00774727,0.0018156,0.3288,0.6712,182.5
Cortex,jrc_mus-cortex-3,crop1037,Chemical,6,100684241,805473928.0,712321,1419624,627494,0.00345526,0.01076201,0.0972323,-0.00276248,0.00425447,0.5347,0.4653,289.4
Cortex,jrc_mus-cortex-3,crop1037,Chemical,7,2792788,22342304.0,130560,259546,88323,0.0059849,0.01941286,0.1781092,-0.00769259,0.00275143,0.3481,0.6519,167.1
Cortex,jrc_mus-cortex-3,crop1037,Chemical,9,1573382,12587056.0,96990,193976,45747,0.00965164,0.01037267,0.00635983,-0.01351291,-0.00632038,0.025,0.975,103.6
Cortex,jrc_mus-cortex-3,crop1037,Chemical,11,774821,6198568.0,47703,94846,22415,0.00974796,0.03129628,0.45747567,-0.01362025,-0.00598518,0.0675,0.9325,102.6
Cortex,jrc_mus-cortex-3,crop1037,Chemical,12,2995561,23964488.0,132108,262646,93058,0.00462119,0.01343752,0.10055884,-0.00717603,0.0007932,0.2977,0.7023,216.4
Cortex,jrc_mus-cortex-3,crop1037,Chemical,14,1432793,11462344.0,85974,170626,56905,0.00573248,0.03051684,0.29491975,-0.00648093,0.00442854,0.3989,0.6011,174.4
Cortex,jrc_mus-cortex-3,crop1045,Chemical,1,1344789,10758312.0,51011,101071,33170,0.00617503,0.02016286,0.16730931,-0.00688972,0.00548348,0.4759,0.5241,161.9
Cortex,jrc_mus-cortex-3,crop1045,Chemical,3,727356,5818848.0,46292,91346,35578,0.00538368,0.02790907,0.38938112,-0.00548924,0.00525231,0.4657,0.5342,185.7
Cortex,jrc_mus-cortex-3,crop1045,Chemical,5,3297707,26381656.0,149139,296682,95646,0.00660915,0.02076248,0.34024659,-0.0082326,0.00414347,0.391,0.609,151.3
Cortex,jrc_mus-cortex-3,crop1045,Chemical,6,1161088,9288704.0,74675,148286,46525,0.00675645,0.0210397,0.12880135,-0.00874037,0.00153922,0.297,0.703,148.0
Cortex,jrc_mus-cortex-3,crop1045,Chemical,7,680898,5447184.0,65082,129348,33984,0.00722055,0.02144829,0.13661103,-0.0096095,0.00353946,0.3596,0.6404,138.5
Cortex,jrc_mus-cortex-3,crop1045,Chemical,8,2707611,21660888.0,163210,325152,102134,0.00671958,0.01779513,0.14761668,-0.0078365,0.00490214,0.4098,0.5902,148.8
Cortex,jrc_mus-cortex-3,crop1045,Chemical,9,4546686,36373488.0,406901,811568,342970,0.00343814,0.15370687,83.92919656,-0.00265995,0.00410997,0.5631,0.4368,290.9
Cortex,jrc_mus-cortex-3,crop1045,Chemical,10,9010852,72086816.0,341675,681690,247746,0.00607155,0.01346122,0.10904093,-0.00696242,0.00474284,0.4224,0.5776,164.7
Cortex,jrc_mus-cortex-3,crop1045,Chemical,11,5783845,46270760.0,270801,540236,186026,0.00581952,0.01312966,0.29917908,-0.00680853,0.00459276,0.4406,0.5594,171.8
Cortex,jrc_mus-cortex-3,crop1045,Chemical,12,714224,5713792.0,62214,123518,29786,0.00747804,0.03414924,1.8737883,-0.0098545,0.00536865,0.4416,0.5584,133.7
Cortex,jrc_mus-cortex-3,crop1045,Chemical,13,15601565,124812520.0,370654,737760,346161,0.00325332,0.01248423,0.37437487,-0.00288889,0.00365012,0.5162,0.4838,307.4
Cortex,jrc_mus-cortex-3,crop1045,Chemical,14,3641763,29134104.0,229140,457004,140818,0.00623703,0.01377235,0.11782611,-0.00799761,0.0038547,0.4008,0.5992,160.3
Cortex,jrc_mus-cortex-3,crop1045,Chemical,15,5273451,42187608.0,243798,485447,178611,0.00547673,0.01729855,0.36054274,-0.00549112,0.00545952,0.4918,0.5082,182.6
Cortex,jrc_mus-cortex-3,crop1045,Chemical,16,9260533,74084264.0,373241,744644,261884,0.00618002,0.01423273,0.11469711,-0.00686683,0.00523391,0.4485,0.5515,161.8
Cortex,jrc_mus-cortex-3,crop1045,Chemical,17,9275788,74206304.0,246655,490567,176109,0.00658008,0.01649573,0.34624901,-0.0045592,0.0088952,0.5718,0.4282,152.0
Cortex,jrc_mus-cortex-3,crop1045,Chemical,18,4094522,32756176.0,232371,463280,146513,0.00693718,0.01351687,0.20575863,-0.00826958,0.00465136,0.4042,0.5958,144.2
Cortex,jrc_mus-cortex-3,crop1045,Chemical,19,1373604,10988832.0,76503,151828,50197,0.00551759,0.01946231,0.13485485,-0.00670848,0.00375384,0.4075,0.5925,181.2
Cortex,jrc_mus-cortex-3,crop1045,Chemical,21,3117827,24942616.0,185967,369612,131153,0.00514329,0.01917674,0.13004356,-0.00465758,0.0056616,0.5117,0.4883,194.4
Cortex,jrc_mus-cortex-3,crop1045,Chemical,22,325725,2605800.0,28688,56419,17403,0.00810169,0.03512752,0.22185019,-0.00837854,0.00778719,0.474,0.526,123.4
Cortex,jrc_mus-cortex-3,crop1046,Chemical,1,7588418,60707344.0,468817,933698,365600,0.00504191,0.01565329,0.28805484,-0.0024158,0.00752268,0.6244,0.3755,198.3
Cortex,jrc_mus-cortex-3,crop1046,Chemical,2,10508599,84068792.0,199543,397246,142694,0.00534039,0.0132386,0.08625723,-0.0051048,0.00559704,0.5048,0.4952,187.3
Cortex,jrc_mus-cortex-3,crop1046,Chemical,3,4641767,37134136.0,130799,259935,92234,0.00632275,0.02202218,0.1824764,-0.00697416,0.00541353,0.4452,0.5548,158.2
Cortex,jrc_mus-cortex-3,crop1046,Chemical,5,4213508,33708064.0,257597,514212,154635,0.00613685,0.01414822,0.1846025,-0.00810375,0.00330631,0.3741,0.6259,162.9
Cortex,jrc_mus-cortex-3,crop1046,Chemical,6,2611267,20890136.0,208740,416634,127762,0.00570459,0.01169332,0.07957756,-0.00730518,0.00440441,0.4528,0.5472,175.3
Cortex,jrc_mus-cortex-3,crop1046,Chemical,7,2922545,23380360.0,216402,431904,122235,0.00547327,0.0136258,0.7041396,-0.00781076,0.00284687,0.3793,0.6207,182.7
Cortex,jrc_mus-cortex-3,crop1046,Chemical,8,598835,4790680.0,85664,170328,38652,0.0060092,0.02807651,0.14699457,-0.01105215,0.00161924,0.3549,0.6451,166.4
Cortex,jrc_mus-cortex-3,crop1046,Chemical,9,17026181,136209448.0,359270,715971,280325,0.0050265,0.01637857,0.19301046,-0.00377819,0.00673587,0.5433,0.4567,198.9
Cortex,jrc_mus-cortex-3,crop1046,Chemical,11,611927,4895416.0,84646,168836,31344,0.00591035,0.0172163,0.10877303,-0.00777627,0.00425254,0.4436,0.5564,169.2
Cortex,jrc_mus-cortex-3,crop1046,Chemical,12,3007808,24062464.0,208054,415278,122514,0.00642067,0.01720498,1.67529029,-0.00864471,0.00376698,0.3991,0.6009,155.7
Cortex,jrc_mus-cortex-3,crop1046,Chemical,13,10111079,80888632.0,286086,568995,246526,0.00355786,0.01366956,0.10581668,-0.00269521,0.00454342,0.5504,0.4496,281.1
Cortex,jrc_mus-cortex-3,crop1046,Chemical,15,2619806,20958448.0,231881,461971,180120,0.00398495,0.01549447,0.57221414,-0.00314531,0.0048115,0.5515,0.4485,250.9
Cortex,jrc_mus-cortex-4,crop1139,Rapid HPF,1,9822,5028864.0,1840,3513,1796,0.00820261,0.03326184,0.1215225,-0.01367286,-0.00169597,0.1954,0.8046,121.9
Cortex,jrc_mus-cortex-4,crop1139,Rapid HPF,4,307975,157683200.0,36416,71667,36172,0.00729988,0.02160712,0.1524896,-0.01062448,0.00134474,0.2949,0.7051,137.0
Cortex,jrc_mus-cortex-4,crop1139,Rapid HPF,6,37933,19421696.0,7260,14238,7119,0.0101197,0.02948066,0.34216417,-0.01771239,-0.00334994,0.1492,0.8508,98.8
Cortex,jrc_mus-cortex-4,crop1139,Rapid HPF,8,181553,92955136.0,24203,47808,23616,0.00733648,0.02933302,1.09022838,-0.01233904,-0.00054698,0.2293,0.7707,136.3
Cortex,jrc_mus-cortex-4,crop1139,Rapid HPF,9,53841,27566592.0,9613,18926,9277,0.00858649,0.0194427,0.08643939,-0.0149696,-0.00247171,0.1596,0.8404,116.5
Cortex,jrc_mus-cortex-4,crop1139,Rapid HPF,10,364025,186380800.0,79991,158460,77947,0.00732812,0.02001572,0.59180305,-0.01322112,0.00183229,0.3205,0.6795,136.5
Cortex,jrc_mus-cortex-4,crop1139,Rapid HPF,12,19921,10199552.0,6433,12654,6041,0.01706423,0.02932016,0.08304264,-0.02838811,-0.00742107,0.0738,0.9262,58.6
Cortex,jrc_mus-cortex-4,crop1139,Rapid HPF,13,707024,361996288.0,63390,125830,62798,0.00681338,0.01546691,0.17043044,-0.01128983,0.00160923,0.3136,0.6863,146.8
Cortex,jrc_mus-cortex-4,crop1139,Rapid HPF,14,321471,164593152.0,68135,135566,65904,0.00567622,0.01305769,0.08642035,-0.01029954,0.00208544,0.3605,0.6395,176.2
Cortex,jrc_mus-cortex-4,crop1139,Rapid HPF,15,48943,25058816.0,13205,26232,12868,0.01326145,0.018831,0.04102114,-0.02124897,-0.00704622,0.0569,0.9431,75.4
Cortex,jrc_mus-cortex-4,crop1139,Rapid HPF,16,380702,194919424.0,114694,228457,113001,0.00540173,0.01502852,1.2649865,-0.00773489,0.0030938,0.3978,0.6022,185.1
Cortex,jrc_mus-cortex-4,crop1139,Rapid HPF,17,49056,25116672.0,14787,29312,13892,0.01513261,0.02482219,0.21502755,-0.02506196,-0.00728219,0.0746,0.9254,66.1
Cortex,jrc_mus-cortex-4,crop1139,Rapid HPF,18,5487,2809344.0,2190,4274,2027,0.01536922,0.04154985,0.38227411,-0.0255291,-0.00543198,0.1426,0.8574,65.1
Cortex,jrc_mus-cortex-4,crop1139,Rapid HPF,19,477775,244620800.0,96617,192756,95262,0.0045594,0.00972,0.05816766,-0.00792489,0.00125568,0.3273,0.6727,219.3
Cortex,jrc_mus-cortex-4,crop1139,Rapid HPF,21,2731972,1398769664.0,281702,560338,281459,0.00255108,0.00936437,0.54977885,-0.00256923,0.00253094,0.4921,0.5076,392.0
Cortex,jrc_mus-cortex-4,crop1139,Rapid HPF,23,800539,409875968.0,94878,187724,94198,0.00750625,0.01821698,0.15592155,-0.01321029,0.00223426,0.3336,0.6658,133.2
Cortex,jrc_mus-cortex-4,crop1139,Rapid HPF,24,10118,5180416.0,2840,5452,2788,0.01193109,0.15311654,6.12568004,-0.02026916,-0.00347194,0.1489,0.8511,83.8
Cortex,jrc_mus-cortex-4,crop1139,Rapid HPF,26,12425,6361600.0,3199,6290,3165,0.01528965,0.02471438,0.05061253,-0.02204174,-0.00933297,0.0603,0.9397,65.4
Cortex,jrc_mus-cortex-4,crop1139,Rapid HPF,29,33531,17167872.0,10808,21332,10203,0.0144671,0.03332753,0.858842,-0.02336748,-0.00445932,0.17,0.83,69.1
Cortex,jrc_mus-cortex-4,crop1139,Rapid HPF,30,100779,51598848.0,19683,39038,19533,0.01015402,0.01729231,0.05505155,-0.0170101,-0.00293561,0.1662,0.8338,98.5
Cortex,jrc_mus-cortex-4,crop1139,Rapid HPF,32,874978,447988736.0,98574,194904,97819,0.00403788,0.01997811,0.74662206,-0.00341121,0.00480656,0.5258,0.4741,247.7
Cortex,jrc_mus-cortex-4,crop1139,Rapid HPF,33,27635,14149120.0,6120,11900,5952,0.01157634,0.03385644,0.31255955,-0.01887188,-0.00202568,0.1951,0.8049,86.4
Cortex,jrc_mus-cortex-4,crop1139,Rapid HPF,34,21015,10759680.0,3823,7404,3791,0.0082374,0.02960639,0.15648473,-0.01433248,-0.0026738,0.1469,0.8531,121.4
Cortex,jrc_mus-cortex-4,crop1139,Rapid HPF,35,47733,24439296.0,10286,20200,10036,0.00998961,0.02283173,0.12653885,-0.01754145,-0.00351952,0.1303,0.8697,100.1
Cortex,jrc_mus-cortex-4,crop1139,Rapid HPF,36,9050,4633600.0,3620,7166,3399,0.01940707,0.0338665,0.24370359,-0.03032588,-0.00998139,0.0883,0.9117,51.5
Cortex,jrc_mus-cortex-4,crop1139,Rapid HPF,37,27017,13832704.0,8174,16124,8011,0.01356105,0.02402515,0.12087992,-0.02147534,-0.00521743,0.1256,0.8744,73.7
Cortex,jrc_mus-cortex-4,crop1139,Rapid HPF,38,8619,4412928.0,4370,8562,3783,0.02682036,0.04119334,0.1170402,-0.03814142,-0.01657434,0.0225,0.9775,37.3
Cortex,jrc_mus-cortex-4,crop1139,Rapid HPF,39,46668,23894016.0,10848,21350,10060,0.01486563,0.03101914,0.16510493,-0.02759886,-0.00494309,0.1339,0.8661,67.3
Cortex,jrc_mus-cortex-4,crop1139,Rapid HPF,40,40866,20923392.0,10983,21868,10748,0.01237194,0.01938287,0.21493906,-0.01968439,-0.00592411,0.0988,0.9012,80.8
Cortex,jrc_mus-cortex-4,crop1139,Rapid HPF,41,13372,6846464.0,3831,7450,3661,0.00854872,0.03099384,0.38651279,-0.01625048,-0.00180639,0.1784,0.8216,117.0
Cortex,jrc_mus-cortex-4,crop1139,Rapid HPF,42,21047,10776064.0,6827,13600,6408,0.01479285,0.0207667,0.08463469,-0.02373696,-0.00824328,0.0543,0.9457,67.6
Cortex,jrc_mus-cortex-4,crop1139,Rapid HPF,43,53871,27581952.0,15919,31324,15578,0.01412096,0.02669537,0.16752311,-0.02161503,-0.00499129,0.1433,0.8567,70.8
Cortex,jrc_mus-cortex-4,crop1139,Rapid HPF,44,99207,50793984.0,20789,40970,19890,0.01165389,0.02349299,0.10053795,-0.02076992,-0.00435303,0.1163,0.8837,85.8
Cortex,jrc_mus-cortex-4,crop1139,Rapid HPF,45,28464,14573568.0,4815,9396,4791,0.0102375,0.02586199,0.13539744,-0.01621063,-0.00191958,0.1966,0.8034,97.7
Cortex,jrc_mus-cortex-4,crop1139,Rapid HPF,46,80380,41154560.0,17840,34728,17594,0.00409684,0.02450764,0.34145716,-0.00398364,0.00418317,0.5067,0.4932,244.1
Cortex,jrc_mus-cortex-4,crop1139,Rapid HPF,48,6931,3548672.0,2576,5148,2493,0.02139576,0.02239789,0.01014796,-0.02798949,-0.01534642,0.0016,0.9984,46.7
Cortex,jrc_mus-cortex-4,crop1139,Rapid HPF,49,8110,4152320.0,2617,5052,2441,0.01096043,0.02716775,0.18354348,-0.01971056,-0.00498139,0.0791,0.9209,91.2
Cortex,jrc_mus-cortex-4,crop1139,Rapid HPF,50,68633,35140096.0,10782,21208,10725,0.00771281,0.02068759,0.19609858,-0.01256103,-0.00241745,0.1551,0.8449,129.7
Cortex,jrc_mus-cortex-4,crop1139,Rapid HPF,51,30970,15856640.0,6109,12060,6086,0.01194701,0.02122164,0.11269232,-0.01783495,-0.0062685,0.0764,0.9236,83.7
Cortex,jrc_mus-cortex-4,crop1139,Rapid HPF,54,18785,9617920.0,7627,15112,7347,0.01902941,0.02504885,0.03679883,-0.02809758,-0.01204847,0.0442,0.9558,52.6
Cortex,jrc_mus-cortex-4,crop1139,Rapid HPF,59,45020,23050240.0,9635,18844,9572,0.0096318,0.03291654,0.49416596,-0.0159814,-0.003013,0.1459,0.8541,103.8
Cortex,jrc_mus-cortex-4,crop1139,Rapid HPF,61,8867,4539904.0,2225,4258,2118,0.00748704,0.03010462,0.27073379,-0.01287011,-0.00352682,0.0987,0.9013,133.6
Cortex,jrc_mus-cortex-4,crop1139,Rapid HPF,62,16333,8362496.0,6625,13174,6478,0.01750798,0.02149569,0.02732483,-0.02378306,-0.01265654,0.0083,0.9917,57.1
Cortex,jrc_mus-cortex-4,crop1139,Rapid HPF,63,18511,9477632.0,3784,7332,3726,0.01038825,0.02750681,0.09905469,-0.01604155,-0.00429912,0.1251,0.8744,96.3
Cortex,jrc_mus-cortex-4,crop1139,Rapid HPF,65,12212,6252544.0,3505,6768,3407,0.01044071,0.02791029,0.08302582,-0.01699083,-0.00407897,0.1016,0.8984,95.8
Cortex,jrc_mus-cortex-4,crop1139,Rapid HPF,67,11486,5880832.0,2213,4217,2128,0.00504841,0.03401016,0.31445271,-0.01040684,-0.0007667,0.1955,0.8045,198.1
Cortex,jrc_mus-cortex-4,crop1139,Rapid HPF,68,7017,3592704.0,2325,4520,2256,0.01660695,0.03307995,0.10068303,-0.02633101,-0.00774353,0.0878,0.9122,60.2
Cortex,jrc_mus-cortex-4,crop1141,Rapid HPF,1,6910177,3538010624.0,142284,282994,142226,0.00554159,0.01134879,0.11314665,-0.00563486,0.00544474,0.4959,0.5041,180.5
Cortex,jrc_mus-cortex-4,crop1141,Rapid HPF,2,195957,100329984.0,41657,83028,41125,0.00984034,0.01440011,0.09096378,-0.01467014,0.00139298,0.2862,0.7138,101.6
Cortex,jrc_mus-cortex-4,crop1141,Rapid HPF,3,10540,5396480.0,2896,5654,2854,0.01455482,0.03138027,0.16596129,-0.02350917,-0.00745843,0.0795,0.9205,68.7
Cortex,jrc_mus-cortex-4,crop1141,Rapid HPF,6,189453,96999936.0,32409,64248,32286,0.01008141,0.01688017,0.0566033,-0.01597712,-0.00218396,0.1806,0.8194,99.2
Cortex,jrc_mus-cortex-4,crop1141,Rapid HPF,7,62776,32141312.0,10208,20102,10123,0.0097938,0.01998091,0.10578106,-0.01596416,-0.00041114,0.2408,0.7591,102.1
Cortex,jrc_mus-cortex-4,crop1141,Rapid HPF,9,758920,388567040.0,72617,144342,72249,0.00798981,0.01506614,0.1536662,-0.01354633,0.00225424,0.3279,0.6718,125.2
Cortex,jrc_mus-cortex-4,crop1141,Rapid HPF,10,429577,219943424.0,53804,106918,52884,0.01054854,0.02003088,0.17193753,-0.0178872,-0.00053097,0.2343,0.7657,94.8
Cortex,jrc_mus-cortex-4,crop1141,Rapid HPF,11,321043,164374016.0,47414,94410,46975,0.00862954,0.01350362,0.07950626,-0.01387039,0.00098831,0.2804,0.7196,115.9
Cortex,jrc_mus-cortex-4,crop1141,Rapid HPF,12,203611,104248832.0,24150,47898,24026,0.00851101,0.0163341,0.08350992,-0.01315692,0.00346482,0.3682,0.6318,117.5
Cortex,jrc_mus-cortex-4,crop1141,Rapid HPF,13,3878878,1985985536.0,223813,446778,223373,0.0065882,0.00993955,0.07077113,-0.0087769,0.00419714,0.4118,0.5882,151.8
Cortex,jrc_mus-cortex-4,crop1141,Rapid HPF,14,449595,230192640.0,61240,121908,61045,0.00750583,0.0126717,0.05144118,-0.01282243,0.0020204,0.3232,0.6768,133.2
Cortex,jrc_mus-cortex-4,crop1141,Rapid HPF,15,1253526,641805312.0,110875,220840,110733,0.00639344,0.01158222,0.15998723,-0.00952652,0.00246691,0.3472,0.6528,156.4
Cortex,jrc_mus-cortex-4,crop1141,Rapid HPF,16,15763,8070656.0,5500,10818,5243,0.0138338,0.02950671,0.1321906,-0.02293215,-3.473e-05,0.2495,0.7505,72.3
Cortex,jrc_mus-cortex-4,crop1141,Rapid HPF,17,11794,6038528.0,3627,7018,3411,0.00972056,0.03068875,0.18188125,-0.02053403,-0.00221473,0.1448,0.854,102.9
Cortex,jrc_mus-cortex-4,crop1141,Rapid HPF,18,14734,7543808.0,3667,7160,3625,0.01330267,0.03181463,0.29944528,-0.02112308,-0.00473941,0.136,0.864,75.2
Cortex,jrc_mus-cortex-4,crop1141,Rapid HPF,19,81186,41567232.0,13550,26506,13476,0.0086255,0.03653081,0.77190502,-0.0136587,0.0034374,0.3559,0.644,115.9
Cortex,jrc_mus-cortex-4,crop1141,Rapid HPF,20,758013,388102656.0,62844,124640,62780,0.00674642,0.01635776,0.1596845,-0.00954393,0.00280058,0.3537,0.6463,148.2
Cortex,jrc_mus-cortex-4,crop1141,Rapid HPF,22,5755,2946560.0,2819,5562,2474,0.02608388,0.0368894,0.07261093,-0.03708817,-0.0170029,0.0344,0.9656,38.3
Cortex,jrc_mus-cortex-4,crop1141,Rapid HPF,25,6556,3356672.0,3030,5926,2617,0.02483331,0.04026295,0.14763927,-0.03626667,-0.01168087,0.0978,0.9022,40.3
Cortex,jrc_mus-cortex-4,crop1141,Rapid HPF,26,11601,5939712.0,2511,4826,2473,0.01240288,0.03358009,0.08168765,-0.02003191,-0.00307174,0.1662,0.8338,80.6
Cortex,jrc_mus-cortex-4,crop1141,Rapid HPF,27,16165,8276480.0,2734,5253,2688,0.00955392,0.04702139,0.38915,-0.01850454,0.00087852,0.2868,0.7128,104.7
Cortex,jrc_mus-cortex-4,crop1141,Rapid HPF,29,71362,36537344.0,10120,19858,9997,0.00720216,0.0211746,0.11941596,-0.01183965,0.000562,0.2705,0.7295,138.8
Cortex,jrc_mus-cortex-4,crop1141,Rapid HPF,32,37938,19424256.0,8264,16460,8209,0.01226068,0.01719395,0.06932869,-0.01887325,-0.00435787,0.1356,0.8644,81.6
Cortex,jrc_mus-cortex-4,crop1141,Rapid HPF,33,5759,2948608.0,2125,4084,2001,0.01673313,0.03479187,0.10748588,-0.02649208,-0.00671272,0.095,0.905,59.8
Cortex,jrc_mus-cortex-4,crop1141,Rapid HPF,36,25264,12935168.0,4194,8152,4184,0.01049196,0.02600333,0.06847752,-0.01680743,-0.00231397,0.1929,0.8071,95.3
Cortex,jrc_mus-cortex-4,crop1141,Rapid HPF,40,177194,90723328.0,22821,45188,22635,0.00840513,0.01682377,0.10108027,-0.01262624,0.00265489,0.3316,0.6684,119.0
Cortex,jrc_mus-cortex-4,crop1141,Rapid HPF,43,63093,32303616.0,17850,35696,17615,0.0133713,0.01537007,0.01310051,-0.02097742,-0.00589393,0.1088,0.8912,74.8
Cortex,jrc_mus-cortex-4,crop1141,Rapid HPF,44,18020,9226240.0,5070,10136,5019,0.01562951,0.01639238,0.01001112,-0.02196472,-0.00896193,0.0199,0.9801,64.0
Cortex,jrc_mus-cortex-4,crop1141,Rapid HPF,45,136101,69683712.0,22214,43824,21901,0.00875217,0.02223078,0.29972734,-0.01514047,0.00075969,0.2742,0.7258,114.3
Cortex,jrc_mus-cortex-4,crop1141,Rapid HPF,46,20453,10471936.0,5820,11636,5776,0.0157296,0.01655509,0.01142408,-0.02234504,-0.00909641,0.0698,0.9302,63.6
Cortex,jrc_mus-cortex-4,crop1141,Rapid HPF,47,11289,5779968.0,4862,9720,4371,0.02306555,0.02543848,0.02292344,-0.03367508,-0.013146,0.062,0.938,43.4
Cortex,jrc_mus-cortex-4,crop1141,Rapid HPF,50,119951,61414912.0,18187,35770,17560,0.00850171,0.02864427,0.61781286,-0.01606929,0.00076612,0.2761,0.7239,117.6
Cortex,jrc_mus-cortex-4,crop1141,Rapid HPF,51,153029,78350848.0,29449,58708,28426,0.01139223,0.01646002,0.08484354,-0.01911072,-0.00239447,0.1903,0.8097,87.8
Cortex,jrc_mus-cortex-4,crop1141,Rapid HPF,53,545082,279081984.0,52944,105458,52593,0.00807911,0.01353489,0.09466509,-0.01413529,0.00024837,0.2589,0.7411,123.8
Cortex,jrc_mus-cortex-4,crop1141,Rapid HPF,56,1475081,755241472.0,97462,193728,97154,0.00637707,0.01273641,0.09853407,-0.00973278,0.00252671,0.3537,0.6463,156.8
Cortex,jrc_mus-cortex-4,crop1141,Rapid HPF,59,370558,189725696.0,36666,72622,36533,0.00841748,0.02114494,0.56685235,-0.01213816,0.00457975,0.3968,0.6032,118.8
Cortex,jrc_mus-cortex-4,crop1141,Rapid HPF,61,234408,120016896.0,47443,94696,47231,0.01030562,0.01305339,0.02206087,-0.01656069,-0.00249667,0.176,0.824,97.0
Cortex,jrc_mus-cortex-4,crop1141,Rapid HPF,62,170334,87211008.0,21326,42208,21253,0.00798227,0.01638548,0.06327957,-0.01287978,0.00256936,0.3352,0.6648,125.3
Cortex,jrc_mus-cortex-4,crop1141,Rapid HPF,63,95646,48970752.0,21743,43106,21297,0.01261387,0.01990495,0.06626173,-0.02107735,-0.00399557,0.1437,0.8563,79.3
Cortex,jrc_mus-cortex-4,crop1141,Rapid HPF,64,60841,31150592.0,11654,23304,11602,0.01078137,0.01221371,0.01028655,-0.01660341,-0.00472429,0.1208,0.8792,92.8
Cortex,jrc_mus-cortex-4,crop1141,Rapid HPF,65,108916,55764992.0,15108,30054,15075,0.00895749,0.01346395,0.05326779,-0.01363395,-0.00259037,0.1659,0.8341,111.6
Cortex,jrc_mus-cortex-4,crop1141,Rapid HPF,66,513161,262738432.0,78902,157100,78271,0.00837179,0.01514594,0.29994561,-0.01320136,0.00291295,0.3401,0.6599,119.4
Cortex,jrc_mus-cortex-4,crop1141,Rapid HPF,67,19507,9987584.0,5534,11064,5465,0.0161544,0.01686872,0.01253693,-0.02284613,-0.00786241,0.0941,0.9059,61.9
Cortex,jrc_mus-cortex-4,crop1141,Rapid HPF,68,8009,4100608.0,2944,5884,2809,0.01966382,0.02169003,0.01659825,-0.02812517,-0.01234995,0.057,0.943,50.9
Cortex,jrc_mus-cortex-4,crop1141,Rapid HPF,69,20818,10658816.0,5484,10964,5410,0.01492551,0.0160375,0.01126681,-0.02192578,-0.00815506,0.063,0.937,67.0
Cortex,jrc_mus-cortex-4,crop1141,Rapid HPF,71,6874,3519488.0,2548,5092,2472,0.02187714,0.02335709,0.02482931,-0.02877636,-0.01576608,0.0093,0.9907,45.7
Cortex,jrc_mus-cortex-4,crop1141,Rapid HPF,72,15227,7796224.0,3828,7538,3796,0.0137641,0.02430168,0.09359828,-0.0206343,-0.00728607,0.0674,0.9326,72.7
Cortex,jrc_mus-cortex-4,crop1141,Rapid HPF,73,64178,32859136.0,13749,27252,13567,0.01176747,0.01920781,0.05068207,-0.02099343,-0.00283752,0.172,0.828,85.0
Cortex,jrc_mus-cortex-4,crop1141,Rapid HPF,75,584523,299275776.0,52301,104130,52169,0.00752532,0.01258375,0.06010372,-0.01068845,0.00322818,0.3579,0.6421,132.9
Cortex,jrc_mus-cortex-4,crop1141,Rapid HPF,77,9309,4766208.0,2585,5030,2526,0.01513511,0.02961505,0.06849165,-0.02488161,-0.00599366,0.1235,0.8765,66.1
Cortex,jrc_mus-cortex-4,crop1141,Rapid HPF,78,19616,10043392.0,5372,10740,5325,0.01544676,0.01633782,0.01077838,-0.02191208,-0.00912062,0.0423,0.9577,64.7
Cortex,jrc_mus-cortex-4,crop1141,Rapid HPF,80,399903,204750336.0,36344,71940,36244,0.00691006,0.01593401,0.17277401,-0.01025088,0.00317097,0.3704,0.6296,144.7
Cortex,jrc_mus-cortex-4,crop1141,Rapid HPF,81,276874,141759488.0,30038,59804,29890,0.00807727,0.0155786,0.47386554,-0.01253787,0.00143311,0.2988,0.7012,123.8
Cortex,jrc_mus-cortex-4,crop1141,Rapid HPF,83,28567,14626304.0,4602,8974,4581,0.0112558,0.02757024,0.14855848,-0.01663589,-0.00149471,0.2235,0.7765,88.8
Cortex,jrc_mus-cortex-4,crop1141,Rapid HPF,84,14287,7314944.0,4460,8916,4325,0.01672726,0.0183752,0.01347893,-0.02483562,-0.00899014,0.0747,0.9253,59.8
Cortex,jrc_mus-cortex-4,crop1141,Rapid HPF,85,177435,90846720.0,24165,47580,23961,0.00743008,0.02029011,0.25823285,-0.01195104,0.00187854,0.3171,0.6829,134.6
Cortex,jrc_mus-cortex-4,crop1141,Rapid HPF,86,98634,50500608.0,15265,30204,15224,0.00789275,0.016001,0.05620551,-0.01380434,-0.00093742,0.2166,0.7834,126.7
Cortex,jrc_mus-cortex-4,crop1141,Rapid HPF,87,30272,15499264.0,7178,14352,7121,0.01326687,0.014599,0.01103081,-0.01984626,-0.00687279,0.0748,0.9252,75.4
Cortex,jrc_mus-cortex-4,crop1141,Rapid HPF,88,79922,40920064.0,10009,19692,9978,0.00942255,0.01959844,0.05858776,-0.0144628,0.00113442,0.2841,0.7159,106.1
Cortex,jrc_mus-cortex-4,crop1141,Rapid HPF,90,12745,6525440.0,4168,8332,4084,0.01645366,0.01832719,0.01518343,-0.02563538,-0.00921482,0.0357,0.9643,60.8
Cortex,jrc_mus-cortex-4,crop1141,Rapid HPF,91,19395,9930240.0,5234,10330,5107,0.01371348,0.02322127,0.05958971,-0.0222841,-0.0058549,0.1046,0.8954,72.9
Cortex,jrc_mus-cortex-4,crop1141,Rapid HPF,93,6337,3244544.0,3314,6624,2830,0.02748512,0.0301317,0.02567822,-0.03960305,-0.0166775,0.0279,0.9721,36.4
Cortex,jrc_mus-cortex-4,crop1141,Rapid HPF,94,29920,15319040.0,6400,12690,6367,0.01296132,0.01954989,0.09624712,-0.01820125,-0.00642985,0.1016,0.8984,77.2
Cortex,jrc_mus-cortex-4,crop1141,Rapid HPF,95,16136,8261632.0,5245,10394,4969,0.01798845,0.02548332,0.07061622,-0.02756576,-0.00853754,0.0837,0.9163,55.6
Cortex,jrc_mus-cortex-4,crop1141,Rapid HPF,96,13932,7133184.0,4216,8428,4142,0.0173679,0.01771756,0.01170456,-0.02462229,-0.00897425,0.0466,0.9534,57.6
Cortex,jrc_mus-cortex-4,crop1141,Rapid HPF,97,6124,3135488.0,2183,4290,2102,0.01861535,0.02918525,0.05492545,-0.02684828,-0.01226654,0.0238,0.9762,53.7
Cortex,jrc_mus-cortex-4,crop1141,Rapid HPF,99,6143,3145216.0,2831,5518,2721,0.02413493,0.0413196,0.18837766,-0.03283385,-0.01584894,0.0232,0.9768,41.4
Cortex,jrc_mus-cortex-4,crop1141,Rapid HPF,100,16124,8255488.0,3111,6040,3084,0.01409622,0.03229251,0.12795718,-0.02068883,-0.00242227,0.2004,0.7996,70.9
Cortex,jrc_mus-cortex-4,crop1141,Rapid HPF,101,10902,5581824.0,2437,4696,2368,0.01285594,0.04438037,0.43783165,-0.02142237,-0.00177558,0.2111,0.7884,77.8
Cortex,jrc_mus-cortex-4,crop1141,Rapid HPF,102,13545,6935040.0,3221,6214,3178,0.01422413,0.0408429,0.15913818,-0.02395797,-0.0006753,0.2325,0.7675,70.3
Cortex,jrc_mus-cortex-4,crop1141,Rapid HPF,104,5252,2689024.0,1725,3276,1642,0.01780179,0.0509582,0.23219557,-0.02592228,-0.00723247,0.1395,0.8605,56.2
Cortex,jrc_mus-cortex-4,crop1141,Rapid HPF,105,7746,3965952.0,2545,4954,2449,0.01846986,0.03154927,0.07304557,-0.0269034,-0.00610624,0.1739,0.8261,54.1
Cortex,jrc_mus-cortex-4,crop1141,Rapid HPF,106,11168,5718016.0,3575,6924,3412,0.0142784,0.04661596,0.56686511,-0.02263694,-0.00646333,0.1029,0.8971,70.0
Cortex,jrc_mus-cortex-4,crop1141,Rapid HPF,107,9464,4845568.0,1881,3599,1869,0.01192755,0.03996367,0.20455917,-0.01827341,-0.00411286,0.1188,0.8801,83.8
Cortex,jrc_mus-cortex-4,crop1141,Rapid HPF,108,9481,4854272.0,2265,4340,2213,0.0145852,0.04419489,0.33009121,-0.02218091,-0.00273872,0.1948,0.8048,68.6
Cortex,jrc_mus-cortex-4,crop1141,Rapid HPF,109,11724,6002688.0,2977,5800,2961,0.01453814,0.03145936,0.14867161,-0.02099584,-0.00856888,0.0179,0.9821,68.8
Cortex,jrc_mus-cortex-4,crop1141,Rapid HPF,110,9926,5082112.0,2847,5524,2765,0.0170541,0.03295961,0.06965988,-0.02555833,-0.00864086,0.0796,0.9204,58.6
Cortex,jrc_mus-cortex-4,crop1141,Rapid HPF,111,8039,4115968.0,2368,4594,2332,0.01638548,0.03679576,0.15918957,-0.02421691,-0.00946461,0.0493,0.9507,61.0
