tissue,dataset,crop,prep,cell_id,voxels_8nm,volume_nm3,volume_um3,ecs_faces,total_faces,ecs_sa_nm2,total_sa_nm2,sa_v_ratio,sphericity
Kidney,jrc_mus-kidney,crop1026,Chemical,1,12658,6480896.0,0.0065,2365,4622,151360.0,295808.0,0.0233548,1.1106
Kidney,jrc_mus-kidney,crop1026,Chemical,2,90374,46271488.0,0.0463,19179,21946,1227456.0,1404544.0,0.02652726,0.5078
Kidney,jrc_mus-kidney,crop1026,Chemical,3,14107,7222784.0,0.0072,3043,4828,194752.0,308992.0,0.02696356,0.9278
Kidney,jrc_mus-kidney,crop1026,Chemical,4,1301805,666524160.0,0.6665,156035,179792,9986240.0,11506688.0,0.01498256,0.3695
Kidney,jrc_mus-kidney,crop1026,Chemical,5,3064,1568768.0,0.0016,1133,1840,72512.0,117760.0,0.04622226,0.9004
Kidney,jrc_mus-kidney,crop1026,Chemical,6,4775287,2444946944.0,2.4449,378228,469278,24206592.0,30033792.0,0.00990066,0.3626
Kidney,jrc_mus-kidney,crop1026,Chemical,7,5481,2806272.0,0.0028,2088,3250,133632.0,208000.0,0.04761905,0.72
Kidney,jrc_mus-kidney,crop1026,Chemical,8,717,367104.0,0.0004,477,648,30528.0,41472.0,0.083159,0.8122
Kidney,jrc_mus-kidney,crop1026,Chemical,9,27884,14276608.0,0.0143,5713,7724,365632.0,494336.0,0.02561057,0.7784
Kidney,jrc_mus-kidney,crop1026,Chemical,10,14179,7259648.0,0.0073,4949,5296,316736.0,338944.0,0.04362966,0.5724
Kidney,jrc_mus-kidney,crop1026,Chemical,11,6502,3329024.0,0.0033,2732,3064,174848.0,196096.0,0.0525223,0.6166
Kidney,jrc_mus-kidney,crop1026,Chemical,12,1103010,564741120.0,0.5647,136652,184798,8745728.0,11827072.0,0.01548626,0.3778
Kidney,jrc_mus-kidney,crop1026,Chemical,13,137,70144.0,0.0001,166,258,10624.0,16512.0,0.15145985,0.7742
Kidney,jrc_mus-kidney,crop1026,Chemical,14,255,130560.0,0.0001,202,334,12928.0,21376.0,0.09901961,0.9627
Kidney,jrc_mus-kidney,crop1026,Chemical,15,4147,2123264.0,0.0021,1991,2480,127424.0,158720.0,0.06001326,0.627
Kidney,jrc_mus-kidney,crop1026,Chemical,16,55354,28341248.0,0.0283,10270,18218,657280.0,1165952.0,0.02319164,0.6839
Kidney,jrc_mus-kidney,crop1026,Chemical,17,15913,8147456.0,0.0081,6510,6660,416640.0,426240.0,0.05113743,0.47
Kidney,jrc_mus-kidney,crop1026,Chemical,18,1324,677888.0,0.0007,889,1374,56896.0,87936.0,0.08393127,0.6559
Kidney,jrc_mus-kidney,crop1026,Chemical,19,347226,177779712.0,0.1778,50974,62686,3262336.0,4011904.0,0.01835044,0.4687
Kidney,jrc_mus-kidney,crop1026,Chemical,20,172924,88537088.0,0.0885,34201,37470,2188864.0,2398080.0,0.02472257,0.4389
Kidney,jrc_mus-kidney,crop1026,Chemical,21,2083,1066496.0,0.0011,1156,1426,73984.0,91264.0,0.0693711,0.6823
Kidney,jrc_mus-kidney,crop1026,Chemical,22,17090,8750080.0,0.0088,5449,6284,348736.0,402176.0,0.03985518,0.5888
Kidney,jrc_mus-kidney,crop1026,Chemical,23,151744,77692928.0,0.0777,28577,33178,1828928.0,2123392.0,0.02354047,0.4814
Kidney,jrc_mus-kidney,crop1026,Chemical,24,212347,108721664.0,0.1087,39152,45784,2505728.0,2930176.0,0.02304718,0.4396
Kidney,jrc_mus-kidney,crop1026,Chemical,25,123078,63015936.0,0.063,23286,27920,1490304.0,1786880.0,0.02364964,0.5139
Kidney,jrc_mus-kidney,crop1026,Chemical,26,8175,4185600.0,0.0042,2504,3452,160256.0,220928.0,0.03828746,0.7837
Kidney,jrc_mus-kidney,crop1026,Chemical,27,38850,19891200.0,0.0199,10272,12018,657408.0,769152.0,0.03305019,0.54
Kidney,jrc_mus-kidney,crop1026,Chemical,28,16545,8471040.0,0.0085,6817,7046,436288.0,450944.0,0.05150348,0.4606
Kidney,jrc_mus-kidney,crop1026,Chemical,29,17439,8928768.0,0.0089,6797,7594,435008.0,486016.0,0.04871982,0.4785
Kidney,jrc_mus-kidney,crop1026,Chemical,30,10604,5429248.0,0.0054,3899,5310,249536.0,339840.0,0.04596143,0.5987
Kidney,jrc_mus-kidney,crop1026,Chemical,31,15775,8076800.0,0.0081,3487,5282,223168.0,338048.0,0.02763074,0.8723
Kidney,jrc_mus-kidney,crop1026,Chemical,32,506,259072.0,0.0003,397,598,25408.0,38272.0,0.09807312,0.7735
Kidney,jrc_mus-kidney,crop1026,Chemical,33,26026,13325312.0,0.0133,5922,8640,379008.0,552960.0,0.02844271,0.7172
Kidney,jrc_mus-kidney,crop1026,Chemical,34,10532,5392384.0,0.0054,2470,3812,158080.0,243968.0,0.02931542,0.9407
Kidney,jrc_mus-kidney,crop1026,Chemical,35,35209,18027008.0,0.018,6103,10538,390592.0,674432.0,0.02166705,0.8512
Kidney,jrc_mus-kidney,crop1026,Chemical,36,14924,7641088.0,0.0076,4909,5788,314176.0,370432.0,0.04111666,0.5971
Kidney,jrc_mus-kidney,crop1026,Chemical,37,515,263680.0,0.0003,565,900,36160.0,57600.0,0.13713592,0.5499
Kidney,jrc_mus-kidney,crop1026,Chemical,38,694,355328.0,0.0004,514,772,32896.0,49408.0,0.09257925,0.7375
Kidney,jrc_mus-kidney,crop1026,Chemical,39,8945,4579840.0,0.0046,2359,4006,150976.0,256384.0,0.03296534,0.8834
Kidney,jrc_mus-kidney,crop1026,Chemical,40,1899,972288.0,0.001,1025,1174,65600.0,75136.0,0.06746972,0.7235
Kidney,jrc_mus-kidney,crop1026,Chemical,41,3763,1926656.0,0.0019,1156,2030,73984.0,129920.0,0.03840021,1.0121
Kidney,jrc_mus-kidney,crop1026,Chemical,42,21087,10796544.0,0.0108,5585,8402,357440.0,537728.0,0.03310689,0.6609
Kidney,jrc_mus-kidney,crop1026,Chemical,43,623,318976.0,0.0003,364,608,23296.0,38912.0,0.07303371,0.9691
Kidney,jrc_mus-kidney,crop1026,Chemical,44,847,433664.0,0.0004,453,760,28992.0,48640.0,0.0668536,0.9557
Kidney,jrc_mus-kidney,crop1026,Chemical,45,1997,1022464.0,0.001,1030,1612,65920.0,103168.0,0.06447171,0.7446
Kidney,jrc_mus-kidney,crop1026,Chemical,46,158,80896.0,0.0001,143,252,9152.0,16128.0,0.11313291,0.9884
Kidney,jrc_mus-kidney,crop1026,Chemical,47,346,177152.0,0.0002,292,438,18688.0,28032.0,0.10549133,0.8162
Kidney,jrc_mus-kidney,crop1027,Chemical,1,3056734,1565047808.0,1.565,297400,364798,19033600.0,23347072.0,0.01216167,0.3425
Kidney,jrc_mus-kidney,crop1027,Chemical,2,2568645,1315146240.0,1.3151,293101,342750,18758464.0,21936000.0,0.01426341,0.3095
Kidney,jrc_mus-kidney,crop1027,Chemical,3,1063,544256.0,0.0005,581,1052,37184.0,67328.0,0.06832079,0.867
Kidney,jrc_mus-kidney,crop1027,Chemical,4,4255,2178560.0,0.0022,2006,3206,128384.0,205184.0,0.05893067,0.633
Kidney,jrc_mus-kidney,crop1027,Chemical,5,1156,591872.0,0.0006,648,892,41472.0,57088.0,0.0700692,0.822
Kidney,jrc_mus-kidney,crop1027,Chemical,6,3069,1571328.0,0.0016,1248,2246,79872.0,143744.0,0.05083089,0.8183
Kidney,jrc_mus-kidney,crop1027,Chemical,7,7118,3644416.0,0.0036,3186,4836,203904.0,309504.0,0.0559497,0.5617
Kidney,jrc_mus-kidney,crop1027,Chemical,8,16711,8556032.0,0.0086,4240,7332,271360.0,469248.0,0.03171564,0.7455
Kidney,jrc_mus-kidney,crop1027,Chemical,9,5634,2884608.0,0.0029,2162,2900,138368.0,185600.0,0.0479677,0.7082
Kidney,jrc_mus-kidney,crop1027,Chemical,10,506,259072.0,0.0003,349,582,22336.0,37248.0,0.08621542,0.8799
Kidney,jrc_mus-kidney,crop1027,Chemical,11,18643,9545216.0,0.0095,7525,7762,481600.0,496768.0,0.05045459,0.4518
Kidney,jrc_mus-kidney,crop1027,Chemical,12,176443,90338816.0,0.0903,21578,27836,1380992.0,1781504.0,0.01528681,0.705
Kidney,jrc_mus-kidney,crop1027,Chemical,13,6540,3348480.0,0.0033,2708,3334,173312.0,213376.0,0.05175841,0.6245
Kidney,jrc_mus-kidney,crop1027,Chemical,14,8585,4395520.0,0.0044,3578,4062,228992.0,259968.0,0.05209668,0.5667
Kidney,jrc_mus-kidney,crop1027,Chemical,15,203756,104323072.0,0.1043,34229,35862,2190656.0,2295168.0,0.02099877,0.4892
Kidney,jrc_mus-kidney,crop1027,Chemical,16,96708,49514496.0,0.0495,17529,19400,1121856.0,1241600.0,0.02265712,0.5813
Kidney,jrc_mus-kidney,crop1027,Chemical,17,115065,58913280.0,0.0589,24026,25150,1537664.0,1609600.0,0.02610046,0.4762
Kidney,jrc_mus-kidney,crop1027,Chemical,18,318294,162966528.0,0.163,52911,63568,3386304.0,4068352.0,0.02077914,0.4261
Kidney,jrc_mus-kidney,crop1027,Chemical,19,23318,11938816.0,0.0119,4942,6562,316288.0,419968.0,0.02649241,0.7987
Kidney,jrc_mus-kidney,crop1027,Chemical,20,2756,1411072.0,0.0014,1256,1846,80384.0,118144.0,0.05696662,0.7569
Kidney,jrc_mus-kidney,crop1027,Chemical,21,5707,2921984.0,0.0029,1944,3154,124416.0,201856.0,0.04257929,0.7944
Kidney,jrc_mus-kidney,crop1027,Chemical,22,761613,389945856.0,0.3899,218283,238284,13970112.0,15250176.0,0.03582577,0.1848
Kidney,jrc_mus-kidney,crop1027,Chemical,23,4749,2431488.0,0.0024,1937,2438,123968.0,156032.0,0.05098442,0.7054
Kidney,jrc_mus-kidney,crop1027,Chemical,24,6406,3279872.0,0.0033,2686,2956,171904.0,189184.0,0.0524118,0.621
Kidney,jrc_mus-kidney,crop1027,Chemical,25,1461,748032.0,0.0007,859,1246,54976.0,79744.0,0.07349418,0.7249
Kidney,jrc_mus-kidney,crop1027,Chemical,26,34909,17873408.0,0.0179,7309,11986,467776.0,767104.0,0.02617162,0.7067
Kidney,jrc_mus-kidney,crop1027,Chemical,27,43239,22138368.0,0.0221,12335,20574,789440.0,1316736.0,0.03565936,0.483
Kidney,jrc_mus-kidney,crop1028,Chemical,1,10516,5384192.0,0.0054,2851,4920,182464.0,314880.0,0.03388884,0.8142
Kidney,jrc_mus-kidney,crop1028,Chemical,2,12866,6587392.0,0.0066,4599,5544,294336.0,354816.0,0.04468172,0.5774
Kidney,jrc_mus-kidney,crop1028,Chemical,3,40704,20840448.0,0.0208,13386,14480,856704.0,926720.0,0.04110775,0.4275
Kidney,jrc_mus-kidney,crop1028,Chemical,4,9337,4780544.0,0.0048,3003,4018,192192.0,257152.0,0.04020296,0.7141
Kidney,jrc_mus-kidney,crop1028,Chemical,5,10948,5605376.0,0.0056,3603,4478,230592.0,286592.0,0.04113765,0.6618
Kidney,jrc_mus-kidney,crop1028,Chemical,6,7314,3744768.0,0.0037,2420,3226,154880.0,206464.0,0.04135904,0.753
Kidney,jrc_mus-kidney,crop1028,Chemical,7,14722,7537664.0,0.0075,4145,5366,265280.0,343424.0,0.03519393,0.7008
Kidney,jrc_mus-kidney,crop1028,Chemical,8,5697,2916864.0,0.0029,1919,2498,122816.0,159872.0,0.04210549,0.8038
Kidney,jrc_mus-kidney,crop1028,Chemical,9,16430,8412160.0,0.0084,4083,5158,261312.0,330112.0,0.0310636,0.7655
Kidney,jrc_mus-kidney,crop1028,Chemical,10,12700,6502400.0,0.0065,4472,4918,286208.0,314752.0,0.04401575,0.5886
Kidney,jrc_mus-kidney,crop1028,Chemical,11,1421,727552.0,0.0007,779,1136,49856.0,72704.0,0.06852569,0.7847
Kidney,jrc_mus-kidney,crop1028,Chemical,12,10911,5586432.0,0.0056,4075,4480,260800.0,286720.0,0.04668454,0.5838
Kidney,jrc_mus-kidney,crop1028,Chemical,13,1742,891904.0,0.0009,911,1324,58304.0,84736.0,0.06537026,0.7685
Kidney,jrc_mus-kidney,crop1028,Chemical,14,11017,5640704.0,0.0056,4331,4624,277184.0,295936.0,0.04913997,0.5528
Kidney,jrc_mus-kidney,crop1028,Chemical,15,28888,14790656.0,0.0148,8286,9192,530304.0,588288.0,0.03585399,0.5495
Kidney,jrc_mus-kidney,crop1028,Chemical,16,6811,3487232.0,0.0035,2340,2872,149760.0,183808.0,0.04294524,0.7426
Kidney,jrc_mus-kidney,crop1028,Chemical,17,2249,1151488.0,0.0012,1100,1368,70400.0,87552.0,0.06113828,0.7547
Kidney,jrc_mus-kidney,crop1028,Chemical,18,14121,7229952.0,0.0072,3645,4638,233280.0,296832.0,0.03226577,0.7751
Kidney,jrc_mus-kidney,crop1028,Chemical,19,39575,20262400.0,0.0203,9511,9878,608704.0,632192.0,0.03004106,0.5905
Kidney,jrc_mus-kidney,crop1028,Chemical,20,6926,3546112.0,0.0035,2102,2788,134528.0,178432.0,0.03793676,0.8359
Kidney,jrc_mus-kidney,crop1028,Chemical,21,4129,2114048.0,0.0021,1166,1880,74624.0,120320.0,0.0352991,1.0675
Kidney,jrc_mus-kidney,crop1028,Chemical,22,4307,2205184.0,0.0022,2042,2312,130688.0,147968.0,0.05926399,0.6269
Kidney,jrc_mus-kidney,crop1028,Chemical,23,266,136192.0,0.0001,248,356,15872.0,22784.0,0.11654135,0.8065
Kidney,jrc_mus-kidney,crop1028,Chemical,24,4559,2334208.0,0.0023,2021,2378,129344.0,152192.0,0.05541237,0.6579
Kidney,jrc_mus-kidney,crop1028,Chemical,25,285,145920.0,0.0001,213,368,13632.0,23552.0,0.09342105,0.9833
Kidney,jrc_mus-kidney,crop1028,Chemical,26,782,400384.0,0.0004,513,666,32832.0,42624.0,0.08200128,0.8001
Kidney,jrc_mus-kidney,crop1028,Chemical,28,4723,2418176.0,0.0024,1788,2206,114432.0,141184.0,0.04732162,0.7614
Kidney,jrc_mus-kidney,crop1028,Chemical,29,16658,8528896.0,0.0085,5097,6310,326208.0,403840.0,0.03824739,0.6188
Kidney,jrc_mus-kidney,crop1028,Chemical,30,16242,8315904.0,0.0083,6125,6304,392000.0,403456.0,0.04713859,0.5064
Kidney,jrc_mus-kidney,crop1028,Chemical,31,3269,1673728.0,0.0017,1540,1898,98560.0,121472.0,0.05888651,0.6917
Kidney,jrc_mus-kidney,crop1028,Chemical,32,18319,9379328.0,0.0094,6365,6574,407360.0,420736.0,0.04343168,0.528
Kidney,jrc_mus-kidney,crop1028,Chemical,33,15004,7682048.0,0.0077,5439,5574,348096.0,356736.0,0.04531292,0.5409
Kidney,jrc_mus-kidney,crop1028,Chemical,34,12462,6380544.0,0.0064,4802,4956,307328.0,317184.0,0.04816643,0.5413
Kidney,jrc_mus-kidney,crop1028,Chemical,35,418,214016.0,0.0002,323,430,20672.0,27520.0,0.09659091,0.837
Kidney,jrc_mus-kidney,crop1028,Chemical,36,12763,6534656.0,0.0065,5065,5260,324160.0,336640.0,0.04960628,0.5214
Kidney,jrc_mus-kidney,crop1028,Chemical,37,2572,1316864.0,0.0013,913,1322,58432.0,84608.0,0.04437208,0.9943
Kidney,jrc_mus-kidney,crop1028,Chemical,38,184,94208.0,0.0001,189,258,12096.0,16512.0,0.12839674,0.8278
Kidney,jrc_mus-kidney,crop1028,Chemical,39,6911,3538432.0,0.0035,2976,3122,190464.0,199808.0,0.05382723,0.5896
Kidney,jrc_mus-kidney,crop1028,Chemical,40,14255,7298560.0,0.0073,5278,5458,337792.0,349312.0,0.04628201,0.5387
Kidney,jrc_mus-kidney,crop1028,Chemical,41,8537,4370944.0,0.0044,3181,4544,203584.0,290816.0,0.04657667,0.635
Kidney,jrc_mus-kidney,crop1028,Chemical,42,1700,870400.0,0.0009,895,1240,57280.0,79360.0,0.06580882,0.7697
Kidney,jrc_mus-kidney,crop1028,Chemical,43,14107,7222784.0,0.0072,4050,4694,259200.0,300416.0,0.03588644,0.6971
Kidney,jrc_mus-kidney,crop1028,Chemical,44,17975,9203200.0,0.0092,6702,6902,428928.0,441728.0,0.0466064,0.4951
Kidney,jrc_mus-kidney,crop1028,Chemical,45,20108,10295296.0,0.0103,6078,6380,388992.0,408320.0,0.03778347,0.5884
Kidney,jrc_mus-kidney,crop1028,Chemical,46,10061,5151232.0,0.0052,4033,4348,258112.0,278272.0,0.05010685,0.5588
Kidney,jrc_mus-kidney,crop1028,Chemical,47,16749,8575488.0,0.0086,6369,6556,407616.0,419584.0,0.04753269,0.4971
Kidney,jrc_mus-kidney,crop1028,Chemical,48,13751,7040512.0,0.007,5214,5366,333696.0,343424.0,0.04739655,0.5324
Kidney,jrc_mus-kidney,crop1028,Chemical,49,6388,3270656.0,0.0033,2789,4000,178496.0,256000.0,0.05457498,0.597
Kidney,jrc_mus-kidney,crop1028,Chemical,50,17615,9018880.0,0.009,5927,6074,379328.0,388736.0,0.04205932,0.5524
Kidney,jrc_mus-kidney,crop1028,Chemical,51,11096,5681152.0,0.0057,4272,4482,273408.0,286848.0,0.04812545,0.5632
Kidney,jrc_mus-kidney,crop1028,Chemical,52,1406,719872.0,0.0007,747,1022,47808.0,65408.0,0.06641181,0.8125
Kidney,jrc_mus-kidney,crop1028,Chemical,53,562,287744.0,0.0003,385,584,24640.0,37376.0,0.08563167,0.8554
Kidney,jrc_mus-kidney,crop1028,Chemical,54,14559,7454208.0,0.0075,5411,5678,346304.0,363392.0,0.04645752,0.5329
Kidney,jrc_mus-kidney,crop1028,Chemical,55,6638,3398656.0,0.0034,2787,2960,178368.0,189440.0,0.05248192,0.6129
Kidney,jrc_mus-kidney,crop1028,Chemical,56,11453,5863936.0,0.0059,4428,4618,283392.0,295552.0,0.04832795,0.5549
Kidney,jrc_mus-kidney,crop1028,Chemical,57,1324,677888.0,0.0007,732,936,46848.0,59904.0,0.06910876,0.7966
Kidney,jrc_mus-kidney,crop1028,Chemical,58,1393,713216.0,0.0007,748,1034,47872.0,66176.0,0.06712132,0.8064
Kidney,jrc_mus-kidney,crop1028,Chemical,59,17655,9039360.0,0.009,6409,6722,410176.0,430208.0,0.04537666,0.5116
Kidney,jrc_mus-kidney,crop1028,Chemical,60,17981,9206272.0,0.0092,6595,6804,422080.0,435456.0,0.04584701,0.5033
Kidney,jrc_mus-kidney,crop1028,Chemical,61,25973,13298176.0,0.0133,8451,8648,540864.0,553472.0,0.04067204,0.5019
Kidney,jrc_mus-kidney,crop1028,Chemical,62,13976,7155712.0,0.0072,5073,5324,324672.0,340736.0,0.04537242,0.5531
Kidney,jrc_mus-kidney,crop1028,Chemical,63,36121,18493952.0,0.0185,9969,10154,638016.0,649856.0,0.03449863,0.5301
Kidney,jrc_mus-kidney,crop1028,Chemical,64,2144,1097728.0,0.0011,1030,1338,65920.0,85632.0,0.06005131,0.7807
Kidney,jrc_mus-kidney,crop1028,Chemical,65,4967,2543104.0,0.0025,2213,2578,141632.0,164992.0,0.05569257,0.6362
Kidney,jrc_mus-kidney,crop1028,Chemical,66,1885,965120.0,0.001,831,1316,53184.0,84224.0,0.0551061,0.888
Kidney,jrc_mus-kidney,crop1028,Chemical,67,13599,6962688.0,0.007,5124,5344,327936.0,342016.0,0.04709905,0.5377
Kidney,jrc_mus-kidney,crop1028,Chemical,68,763,390656.0,0.0004,503,686,32192.0,43904.0,0.08240498,0.8028
Kidney,jrc_mus-kidney,crop1028,Chemical,69,8042,4117504.0,0.0041,3053,3382,195392.0,216448.0,0.04745399,0.6358
Kidney,jrc_mus-kidney,crop1028,Chemical,70,14573,7461376.0,0.0075,5308,5546,339712.0,354944.0,0.0455294,0.5436
Kidney,jrc_mus-kidney,crop1028,Chemical,71,767,392704.0,0.0004,577,886,36928.0,56704.0,0.0940352,0.7023
Kidney,jrc_mus-kidney,crop1028,Chemical,72,12671,6487552.0,0.0065,3616,4944,231424.0,316416.0,0.03567201,0.7269
Kidney,jrc_mus-kidney,crop1028,Chemical,73,547,280064.0,0.0003,397,540,25408.0,34560.0,0.09072212,0.8147
Kidney,jrc_mus-kidney,crop1028,Chemical,74,16687,8543744.0,0.0085,6135,6326,392640.0,404864.0,0.04595643,0.5147
Kidney,jrc_mus-kidney,crop1028,Chemical,75,15940,8161280.0,0.0082,6000,6214,384000.0,397696.0,0.04705144,0.5105
Kidney,jrc_mus-kidney,crop1028,Chemical,76,13127,6721024.0,0.0067,4989,5202,319296.0,332928.0,0.04750705,0.5394
Kidney,jrc_mus-kidney,crop1028,Chemical,77,183,93696.0,0.0001,188,254,12032.0,16256.0,0.1284153,0.8291
Kidney,jrc_mus-kidney,crop1028,Chemical,78,15966,8174592.0,0.0082,5481,5688,350784.0,364032.0,0.0429115,0.5594
Kidney,jrc_mus-kidney,crop1028,Chemical,79,216601,110899712.0,0.1109,25295,34764,1618880.0,2224896.0,0.01459769,0.6895
Kidney,jrc_mus-kidney,crop1028,Chemical,80,12015,6151680.0,0.0062,4595,4840,294080.0,309760.0,0.04780483,0.5521
Kidney,jrc_mus-kidney,crop1028,Chemical,81,10110,5176320.0,0.0052,2878,3858,184192.0,246912.0,0.03558358,0.7856
Kidney,jrc_mus-kidney,crop1028,Chemical,82,4322,2212864.0,0.0022,1761,2206,112704.0,141184.0,0.05093128,0.7286
Kidney,jrc_mus-kidney,crop1028,Chemical,83,13121,6717952.0,0.0067,4894,5098,313216.0,326272.0,0.04662373,0.5497
Kidney,jrc_mus-kidney,crop1028,Chemical,84,10003,5121536.0,0.0051,3827,4046,244928.0,258944.0,0.04782315,0.5867
Kidney,jrc_mus-kidney,crop1028,Chemical,85,31198,15973376.0,0.016,5084,7028,325376.0,449792.0,0.0203699,0.9427
Kidney,jrc_mus-kidney,crop1028,Chemical,86,17066,8737792.0,0.0087,6319,6648,404416.0,425472.0,0.04628355,0.5073
Kidney,jrc_mus-kidney,crop1028,Chemical,87,2496,1277952.0,0.0013,1384,2044,88576.0,130816.0,0.0693109,0.643
Kidney,jrc_mus-kidney,crop1028,Chemical,88,13145,6730240.0,0.0067,5312,5480,339968.0,350720.0,0.0505135,0.5071
Kidney,jrc_mus-kidney,crop1028,Chemical,89,14092,7215104.0,0.0072,5686,6132,363904.0,392448.0,0.05043642,0.4962
Kidney,jrc_mus-kidney,crop1028,Chemical,90,1144,585728.0,0.0006,689,918,44096.0,58752.0,0.07528409,0.7677
Kidney,jrc_mus-kidney,crop1028,Chemical,91,1762,902144.0,0.0009,876,1330,56064.0,85120.0,0.06214529,0.8053
Kidney,jrc_mus-kidney,crop1028,Chemical,92,9751,4992512.0,0.005,2913,3744,186432.0,239616.0,0.03734232,0.7577
Kidney,jrc_mus-kidney,crop1028,Chemical,93,10241,5243392.0,0.0052,3258,4168,208512.0,266752.0,0.03976662,0.7
Kidney,jrc_mus-kidney,crop1028,Chemical,94,5904,3022848.0,0.003,2519,2804,161216.0,179456.0,0.05333249,0.6271
Kidney,jrc_mus-kidney,crop1028,Chemical,95,5091,2606592.0,0.0026,1576,2724,100864.0,174336.0,0.03869574,0.9081
Kidney,jrc_mus-kidney,crop1028,Chemical,96,3984,2039808.0,0.002,1507,2212,96448.0,141568.0,0.04728288,0.8065
Kidney,jrc_mus-kidney,crop1028,Chemical,97,6304,3227648.0,0.0032,2420,3096,154880.0,198144.0,0.04798541,0.6819
Kidney,jrc_mus-kidney,crop1028,Chemical,98,4985,2552320.0,0.0026,1764,2526,112896.0,161664.0,0.0442327,0.8
Kidney,jrc_mus-kidney,crop1028,Chemical,99,3385,1733120.0,0.0017,1196,2106,76544.0,134784.0,0.04416544,0.9116
Kidney,jrc_mus-kidney,crop1028,Chemical,100,131,67072.0,0.0001,140,204,8960.0,13056.0,0.13358779,0.891
Kidney,jrc_mus-kidney,crop1028,Chemical,101,625,320000.0,0.0003,355,682,22720.0,43648.0,0.071,0.9958
Kidney,jrc_mus-kidney,crop1028,Chemical,102,157,80384.0,0.0001,146,238,9344.0,15232.0,0.11624204,0.964
Kidney,jrc_mus-kidney,crop1028,Chemical,103,271,138752.0,0.0001,231,376,14784.0,24064.0,0.10654982,0.8767
Kidney,jrc_mus-kidney,crop1028,Chemical,104,105,53760.0,0.0001,102,174,6528.0,11136.0,0.12142857,1.0552
Kidney,jrc_mus-kidney,crop1029,Chemical,1,796,407552.0,0.0004,529,784,33856.0,50176.0,0.08307161,0.7852
Kidney,jrc_mus-kidney,crop1029,Chemical,2,14909,7633408.0,0.0076,2290,4452,146560.0,284928.0,0.01919981,1.2792
Kidney,jrc_mus-kidney,crop1029,Chemical,3,1219,624128.0,0.0006,734,1092,46976.0,69888.0,0.07526661,0.7518
Kidney,jrc_mus-kidney,crop1029,Chemical,4,1739,890368.0,0.0009,891,1224,57024.0,78336.0,0.06404543,0.7849
Kidney,jrc_mus-kidney,crop1029,Chemical,5,6495,3325440.0,0.0033,2702,2968,172928.0,189952.0,0.05200154,0.623
Kidney,jrc_mus-kidney,crop1029,Chemical,6,1292,661504.0,0.0007,750,1040,48000.0,66560.0,0.07256192,0.7649
Kidney,jrc_mus-kidney,crop1029,Chemical,7,2398,1227776.0,0.0012,936,1368,59904.0,87552.0,0.04879066,0.9256
Kidney,jrc_mus-kidney,crop1029,Chemical,8,5798,2968576.0,0.003,2410,2766,154240.0,177024.0,0.05195757,0.6476
Kidney,jrc_mus-kidney,crop1029,Chemical,9,3865,1978880.0,0.002,1687,2072,107968.0,132608.0,0.05456016,0.706
Kidney,jrc_mus-kidney,crop1029,Chemical,10,2724,1394688.0,0.0014,1259,1584,80576.0,101376.0,0.05777349,0.7492
Kidney,jrc_mus-kidney,crop1029,Chemical,11,505,258560.0,0.0003,437,698,27968.0,44672.0,0.10816832,0.7018
Kidney,jrc_mus-kidney,crop1029,Chemical,12,11738,6009856.0,0.006,4010,4390,256640.0,280960.0,0.04270319,0.6229
Kidney,jrc_mus-kidney,crop1029,Chemical,13,2779,1422848.0,0.0014,1224,1574,78336.0,100736.0,0.05505578,0.781
Kidney,jrc_mus-kidney,crop1029,Chemical,14,3809,1950208.0,0.002,1620,2352,103680.0,150528.0,0.05316356,0.7281
Kidney,jrc_mus-kidney,crop1029,Chemical,15,6541,3348992.0,0.0033,3018,3294,193152.0,210816.0,0.05767467,0.5604
Kidney,jrc_mus-kidney,crop1029,Chemical,16,15869,8124928.0,0.0081,5349,6132,342336.0,392448.0,0.04213403,0.5709
Kidney,jrc_mus-kidney,crop1029,Chemical,17,17311,8863232.0,0.0089,4944,5492,316416.0,351488.0,0.03569984,0.6546
Kidney,jrc_mus-kidney,crop1029,Chemical,18,7000,3584000.0,0.0036,2178,2838,139392.0,181632.0,0.03889286,0.8125
Kidney,jrc_mus-kidney,crop1029,Chemical,20,5325,2726400.0,0.0027,2044,2354,130816.0,150656.0,0.04798122,0.7215
Kidney,jrc_mus-kidney,crop1029,Chemical,21,11912,6098944.0,0.0061,4664,4894,298496.0,313216.0,0.04894224,0.5408
Kidney,jrc_mus-kidney,crop1029,Chemical,22,5142,2632704.0,0.0026,2350,2642,150400.0,169088.0,0.05712758,0.6131
Kidney,jrc_mus-kidney,crop1029,Chemical,23,15932,8157184.0,0.0082,4676,5118,299264.0,327552.0,0.03668717,0.6548
Kidney,jrc_mus-kidney,crop1029,Chemical,24,15738,8057856.0,0.0081,4799,5068,307136.0,324352.0,0.03811634,0.6328
Kidney,jrc_mus-kidney,crop1029,Chemical,25,5934,3038208.0,0.003,2334,3502,149376.0,224128.0,0.04916582,0.6791
Kidney,jrc_mus-kidney,crop1029,Chemical,26,42503,21761536.0,0.0218,11672,11978,747008.0,766592.0,0.03432699,0.5046
Kidney,jrc_mus-kidney,crop1029,Chemical,27,7537,3858944.0,0.0039,3255,3558,208320.0,227712.0,0.05398368,0.5711
Kidney,jrc_mus-kidney,crop1029,Chemical,28,5070,2595840.0,0.0026,2158,2496,138112.0,159744.0,0.05320513,0.6614
Kidney,jrc_mus-kidney,crop1029,Chemical,29,11708,5994496.0,0.006,4045,4576,258880.0,292864.0,0.04318628,0.6164
Kidney,jrc_mus-kidney,crop1029,Chemical,30,6677,3418624.0,0.0034,1937,2826,123968.0,180864.0,0.03626254,0.8853
Kidney,jrc_mus-kidney,crop1029,Chemical,31,10117,5179904.0,0.0052,4521,4836,289344.0,309504.0,0.05585895,0.5004
Kidney,jrc_mus-kidney,crop1029,Chemical,32,6654,3406848.0,0.0034,2982,3276,190848.0,209664.0,0.05601894,0.5737
Kidney,jrc_mus-kidney,crop1029,Chemical,33,10871,5565952.0,0.0056,3852,4384,246528.0,280576.0,0.04429215,0.6161
Kidney,jrc_mus-kidney,crop1029,Chemical,34,114180,58460160.0,0.0585,21861,22440,1399104.0,1436160.0,0.02393261,0.5206
Kidney,jrc_mus-kidney,crop1029,Chemical,35,15134,7748608.0,0.0077,6356,6976,406784.0,446464.0,0.05249769,0.4655
Kidney,jrc_mus-kidney,crop1029,Chemical,36,43848,22450176.0,0.0225,10203,10504,652992.0,672256.0,0.02908628,0.5894
Kidney,jrc_mus-kidney,crop1029,Chemical,37,11825,6054400.0,0.0061,4337,5116,277568.0,327424.0,0.04584567,0.5788
Kidney,jrc_mus-kidney,crop1029,Chemical,38,16973,8690176.0,0.0087,7023,7366,449472.0,471424.0,0.05172185,0.4548
Kidney,jrc_mus-kidney,crop1029,Chemical,39,16685,8542720.0,0.0085,6888,7312,440832.0,467968.0,0.05160324,0.4584
Kidney,jrc_mus-kidney,crop1029,Chemical,40,5513,2822656.0,0.0028,1806,2654,115584.0,169856.0,0.04094867,0.8357
Kidney,jrc_mus-kidney,crop1029,Chemical,41,12812,6559744.0,0.0066,4936,5254,315904.0,336256.0,0.04815798,0.5364
Kidney,jrc_mus-kidney,crop1029,Chemical,42,8565,4385280.0,0.0044,3450,4946,220800.0,316544.0,0.05035026,0.5868
Kidney,jrc_mus-kidney,crop1029,Chemical,43,24482,12534784.0,0.0125,9174,9688,587136.0,620032.0,0.04684054,0.4445
Kidney,jrc_mus-kidney,crop1029,Chemical,44,16094,8240128.0,0.0082,4460,5454,285440.0,349056.0,0.03464024,0.6912
Kidney,jrc_mus-kidney,crop1029,Chemical,45,13933,7133696.0,0.0071,5979,6298,382656.0,403072.0,0.05364064,0.4683
Kidney,jrc_mus-kidney,crop1029,Chemical,46,19267,9864704.0,0.0099,7681,8076,491584.0,516864.0,0.04983262,0.4525
Kidney,jrc_mus-kidney,crop1029,Chemical,47,8533,4368896.0,0.0044,3432,3790,219648.0,242560.0,0.0502754,0.5884
Kidney,jrc_mus-kidney,crop1029,Chemical,48,16631,8515072.0,0.0085,6847,7226,438208.0,462464.0,0.05146263,0.4602
Kidney,jrc_mus-kidney,crop1029,Chemical,49,473,242176.0,0.0002,372,518,23808.0,33152.0,0.09830867,0.7892
Kidney,jrc_mus-kidney,crop1029,Chemical,50,10913,5587456.0,0.0056,3916,4706,250624.0,301184.0,0.04485476,0.6076
Kidney,jrc_mus-kidney,crop1029,Chemical,51,10363,5305856.0,0.0053,4343,4670,277952.0,298880.0,0.05238589,0.5293
Kidney,jrc_mus-kidney,crop1029,Chemical,52,38287,19602944.0,0.0196,9961,10644,637504.0,681216.0,0.03252083,0.5515
Kidney,jrc_mus-kidney,crop1029,Chemical,53,7050,3609600.0,0.0036,3318,4656,212352.0,297984.0,0.05882979,0.5359
Kidney,jrc_mus-kidney,crop1029,Chemical,54,8650,4428800.0,0.0044,3726,5396,238464.0,345344.0,0.05384393,0.5469
Kidney,jrc_mus-kidney,crop1029,Chemical,55,13623,6974976.0,0.007,5413,5806,346432.0,371584.0,0.04966784,0.5096
Kidney,jrc_mus-kidney,crop1029,Chemical,56,17508,8964096.0,0.009,7015,7230,448960.0,462720.0,0.05008425,0.4648
Kidney,jrc_mus-kidney,crop1029,Chemical,57,19181,9820672.0,0.0098,7014,7360,448896.0,471040.0,0.0457093,0.494
Kidney,jrc_mus-kidney,crop1029,Chemical,58,11985,6136320.0,0.0061,3702,5514,236928.0,352896.0,0.03861076,0.6841
Kidney,jrc_mus-kidney,crop1029,Chemical,59,16061,8223232.0,0.0082,6394,6688,409216.0,428032.0,0.0497634,0.4815
Kidney,jrc_mus-kidney,crop1029,Chemical,60,26410,13521920.0,0.0135,8273,8552,529472.0,547328.0,0.03915657,0.5184
Kidney,jrc_mus-kidney,crop1029,Chemical,61,15932,8157184.0,0.0082,6432,6694,411648.0,428416.0,0.05046447,0.476
Kidney,jrc_mus-kidney,crop1029,Chemical,62,14940,7649280.0,0.0076,5966,6212,381824.0,397568.0,0.04991633,0.4917
Kidney,jrc_mus-kidney,crop1029,Chemical,63,14706,7529472.0,0.0075,5938,6140,380032.0,392960.0,0.0504726,0.4888
Kidney,jrc_mus-kidney,crop1029,Chemical,64,14545,7447040.0,0.0074,5495,5720,351680.0,366080.0,0.04722413,0.5244
Kidney,jrc_mus-kidney,crop1029,Chemical,65,60700,31078400.0,0.0311,13084,14026,837376.0,897664.0,0.02694399,0.5709
Kidney,jrc_mus-kidney,crop1029,Chemical,66,16179,8283648.0,0.0083,6398,6652,409472.0,425728.0,0.04943136,0.4835
Kidney,jrc_mus-kidney,crop1029,Chemical,67,14273,7307776.0,0.0073,5113,5648,327232.0,361472.0,0.0447786,0.5565
Kidney,jrc_mus-kidney,crop1029,Chemical,68,6317,3234304.0,0.0032,2360,3642,151040.0,233088.0,0.04669938,0.7002
Kidney,jrc_mus-kidney,crop1029,Chemical,69,13232,6774784.0,0.0068,5436,5642,347904.0,361088.0,0.05135278,0.4977
Kidney,jrc_mus-kidney,crop1029,Chemical,70,12679,6491648.0,0.0065,5168,5408,330752.0,346112.0,0.05095039,0.5088
Kidney,jrc_mus-kidney,crop1029,Chemical,71,17632,9027584.0,0.009,5622,6618,359808.0,423552.0,0.03985651,0.5827
Kidney,jrc_mus-kidney,crop1029,Chemical,72,12407,6352384.0,0.0064,4940,5148,316160.0,329472.0,0.04977029,0.5246
Kidney,jrc_mus-kidney,crop1029,Chemical,73,12070,6179840.0,0.0062,4958,5194,317312.0,332416.0,0.05134631,0.5132
Kidney,jrc_mus-kidney,crop1029,Chemical,74,13518,6921216.0,0.0069,5272,5498,337408.0,351872.0,0.04874982,0.5205
Kidney,jrc_mus-kidney,crop1029,Chemical,75,2385,1221120.0,0.0012,1525,2310,97600.0,147840.0,0.07992662,0.5661
Kidney,jrc_mus-kidney,crop1029,Chemical,76,12275,6284800.0,0.0063,4731,4976,302784.0,318464.0,0.04817719,0.5439
Kidney,jrc_mus-kidney,crop1029,Chemical,77,12386,6341632.0,0.0063,4446,4676,284544.0,299264.0,0.04486921,0.5823
Kidney,jrc_mus-kidney,crop1029,Chemical,78,10174,5209088.0,0.0052,3994,4270,255616.0,273280.0,0.04907116,0.5685
Kidney,jrc_mus-kidney,crop1029,Chemical,79,8052,4122624.0,0.0041,3459,3652,221376.0,233728.0,0.05369784,0.5617
Kidney,jrc_mus-kidney,crop1029,Chemical,80,6899,3532288.0,0.0035,2934,3146,187776.0,201344.0,0.05315988,0.5973
Kidney,jrc_mus-kidney,crop1029,Chemical,81,10669,5462528.0,0.0055,3886,4156,248704.0,265984.0,0.0455291,0.6031
Kidney,jrc_mus-kidney,crop1029,Chemical,82,17331,8873472.0,0.0089,4629,5292,296256.0,338688.0,0.03338671,0.6996
Kidney,jrc_mus-kidney,crop1029,Chemical,83,9791,5012992.0,0.005,3298,3674,211072.0,235136.0,0.04210499,0.6711
Kidney,jrc_mus-kidney,crop1029,Chemical,84,753,385536.0,0.0004,602,962,38528.0,61568.0,0.0999336,0.6649
Kidney,jrc_mus-kidney,crop1029,Chemical,85,293,150016.0,0.0002,284,408,18176.0,26112.0,0.12116041,0.7512
Kidney,jrc_mus-kidney,crop1029,Chemical,86,1309,670208.0,0.0007,714,1126,45696.0,72064.0,0.06818182,0.8105
Kidney,jrc_mus-kidney,crop1029,Chemical,87,4518,2313216.0,0.0023,1996,2234,127744.0,142976.0,0.05522355,0.6621
Kidney,jrc_mus-kidney,crop1029,Chemical,88,3268,1673216.0,0.0017,1403,1662,89792.0,106368.0,0.05366432,0.7591
Kidney,jrc_mus-kidney,crop1029,Chemical,89,3242,1659904.0,0.0017,1386,1662,88704.0,106368.0,0.05343924,0.7643
Kidney,jrc_mus-kidney,crop1029,Chemical,90,3474,1778688.0,0.0018,1492,1792,95488.0,114688.0,0.05368451,0.7435
Kidney,jrc_mus-kidney,crop1029,Chemical,91,2444,1251328.0,0.0013,1129,1418,72256.0,90752.0,0.05774345,0.7772
Kidney,jrc_mus-kidney,crop1029,Chemical,92,516,264192.0,0.0003,326,542,20864.0,34688.0,0.07897287,0.9543
Kidney,jrc_mus-kidney,crop1029,Chemical,93,1384,708608.0,0.0007,785,1002,50240.0,64128.0,0.07089957,0.7651
Kidney,jrc_mus-kidney,crop1029,Chemical,94,1147,587264.0,0.0006,666,906,42624.0,57984.0,0.07258065,0.7956
Kidney,jrc_mus-kidney,crop1029,Chemical,95,303,155136.0,0.0002,294,400,18816.0,25600.0,0.12128713,0.742
Kidney,jrc_mus-kidney,crop1029,Chemical,96,129,66048.0,0.0001,136,240,8704.0,15360.0,0.13178295,0.9078
Kidney,jrc_mus-kidney,crop1030,Chemical,1,1375334,704171008.0,0.7042,166327,199114,10644928.0,12743296.0,0.01511696,0.3596
Kidney,jrc_mus-kidney,crop1030,Chemical,2,950019,486409728.0,0.4864,80051,96330,5123264.0,6165120.0,0.01053282,0.5838
Kidney,jrc_mus-kidney,crop1030,Chemical,3,165935,84958720.0,0.085,41145,43244,2633280.0,2767616.0,0.03099482,0.3549
Kidney,jrc_mus-kidney,crop1030,Chemical,4,192679,98651648.0,0.0987,35111,38480,2247104.0,2462720.0,0.02277817,0.4595
Kidney,jrc_mus-kidney,crop1030,Chemical,5,261381,133827072.0,0.1338,40275,47934,2577600.0,3067776.0,0.01926068,0.4909
Kidney,jrc_mus-kidney,crop1030,Chemical,6,55316,28321792.0,0.0283,7300,12760,467200.0,816640.0,0.01649613,0.9617
Kidney,jrc_mus-kidney,crop1030,Chemical,7,13755,7042560.0,0.007,4452,5890,284928.0,376960.0,0.04045802,0.6236
Kidney,jrc_mus-kidney,crop1030,Chemical,8,345136,176709632.0,0.1767,94733,104496,6062912.0,6687744.0,0.03431003,0.2512
Kidney,jrc_mus-kidney,crop1030,Chemical,9,2046588,1047853056.0,1.0479,208965,264622,13373760.0,16935808.0,0.01276301,0.373
Kidney,jrc_mus-kidney,crop1030,Chemical,10,467248,239230976.0,0.2392,122116,133150,7815424.0,8521600.0,0.03266895,0.2385
Kidney,jrc_mus-kidney,crop1030,Chemical,11,86062,44063744.0,0.0441,16946,20288,1084544.0,1298432.0,0.02461307,0.5563
Kidney,jrc_mus-kidney,crop1030,Chemical,12,13878,7105536.0,0.0071,3691,4676,236224.0,299264.0,0.03324506,0.7566
Kidney,jrc_mus-kidney,crop1030,Chemical,13,474525,242956800.0,0.243,59053,77606,3779392.0,4966784.0,0.01555582,0.4982
Kidney,jrc_mus-kidney,crop1030,Chemical,14,742392,380104704.0,0.3801,100176,135206,6411264.0,8653184.0,0.0168671,0.3958
Kidney,jrc_mus-kidney,crop1030,Chemical,15,42199,21605888.0,0.0216,7060,10190,451840.0,652160.0,0.02091282,0.8303
Kidney,jrc_mus-kidney,crop1030,Chemical,16,52590,26926080.0,0.0269,12540,13524,802560.0,865536.0,0.02980605,0.5413
Kidney,jrc_mus-kidney,crop1030,Chemical,17,41755,21378560.0,0.0214,12698,15190,812672.0,972160.0,0.03801341,0.4584
Kidney,jrc_mus-kidney,crop1030,Chemical,18,11039,5651968.0,0.0057,4080,5274,261120.0,337536.0,0.04619984,0.5876
Kidney,jrc_mus-kidney,crop1030,Chemical,19,4843,2479616.0,0.0025,2284,2874,146176.0,183936.0,0.05895106,0.6061
Kidney,jrc_mus-kidney,crop1030,Chemical,20,32734,16759808.0,0.0168,9800,11582,627200.0,741248.0,0.03742286,0.505
Kidney,jrc_mus-kidney,crop1030,Chemical,21,2021,1034752.0,0.001,1781,1790,113984.0,114560.0,0.11015586,0.434
Kidney,jrc_mus-kidney,crop1030,Chemical,22,583165,298580480.0,0.2986,45810,58414,2931840.0,3738496.0,0.00981926,0.7369
Kidney,jrc_mus-kidney,crop1030,Chemical,23,552,282624.0,0.0003,532,586,34048.0,37504.0,0.12047101,0.6117
Kidney,jrc_mus-kidney,crop1030,Chemical,24,73295,37527040.0,0.0375,9451,16648,604864.0,1065472.0,0.01611808,0.8962
Kidney,jrc_mus-kidney,crop1030,Chemical,25,13518,6921216.0,0.0069,3616,4670,231424.0,298880.0,0.0334369,0.7589
Kidney,jrc_mus-kidney,crop1030,Chemical,26,2587,1324544.0,0.0013,1151,1932,73664.0,123648.0,0.05561461,0.7918
Kidney,jrc_mus-kidney,crop1030,Chemical,27,2955,1512960.0,0.0015,957,1914,61248.0,122496.0,0.04048223,1.0406
Kidney,jrc_mus-kidney,crop1030,Chemical,28,1041,532992.0,0.0005,701,870,44864.0,55680.0,0.08417387,0.7086
Kidney,jrc_mus-kidney,crop1031,Chemical,1,22036966,11282926592.0,11.2829,148056,555666,9475584.0,35562624.0,0.00083982,2.5674
Kidney,jrc_mus-kidney,crop1031,Chemical,2,8861397,4537035264.0,4.537,223877,462062,14328128.0,29571968.0,0.00315804,0.925
Kidney,jrc_mus-kidney,crop1032,Chemical,1,3890,1991680.0,0.002,1354,2236,86656.0,143104.0,0.043509,0.8834
Kidney,jrc_mus-kidney,crop1032,Chemical,2,39042,19989504.0,0.02,6928,10734,443392.0,686976.0,0.02218124,0.8033
Kidney,jrc_mus-kidney,crop1032,Chemical,3,128096,65585152.0,0.0656,17836,23458,1141504.0,1501312.0,0.01740492,0.689
Kidney,jrc_mus-kidney,crop1032,Chemical,4,153028,78350336.0,0.0784,31728,40444,2030592.0,2588416.0,0.02591683,0.4361
Kidney,jrc_mus-kidney,crop1032,Chemical,5,200744,102780928.0,0.1028,46262,53976,2960768.0,3454464.0,0.02880659,0.3584
Kidney,jrc_mus-kidney,crop1032,Chemical,6,978952,501223424.0,0.5012,99931,124942,6395584.0,7996288.0,0.01275995,0.4771
Kidney,jrc_mus-kidney,crop1032,Chemical,7,1131734,579447808.0,0.5794,114667,151260,7338688.0,9680640.0,0.01266497,0.458
Kidney,jrc_mus-kidney,crop1032,Chemical,8,116796,59799552.0,0.0598,27890,29790,1784960.0,1906560.0,0.02984905,0.4143
Kidney,jrc_mus-kidney,crop1032,Chemical,9,631772,323467264.0,0.3235,72163,86070,4618432.0,5508480.0,0.0142779,0.4934
Kidney,jrc_mus-kidney,crop1032,Chemical,10,448379,229570048.0,0.2296,130495,141892,8351680.0,9081088.0,0.03637966,0.2171
Kidney,jrc_mus-kidney,crop1032,Chemical,11,770445,394467840.0,0.3945,45405,87796,2905920.0,5618944.0,0.00736668,0.8951
Kidney,jrc_mus-kidney,crop1032,Chemical,12,285713,146285056.0,0.1463,104304,113322,6675456.0,7252608.0,0.04563321,0.2011
Kidney,jrc_mus-kidney,crop1032,Chemical,13,8045,4119040.0,0.0041,3863,4324,247232.0,276736.0,0.06002175,0.5026
Kidney,jrc_mus-kidney,crop1032,Chemical,14,149747,76670464.0,0.0767,26532,28986,1698048.0,1855104.0,0.02214736,0.514
Kidney,jrc_mus-kidney,crop1032,Chemical,15,40036,20498432.0,0.0205,6509,12810,416576.0,819840.0,0.02032233,0.8695
Kidney,jrc_mus-kidney,crop1032,Chemical,16,55096,28209152.0,0.0282,12403,14964,793792.0,957696.0,0.02813952,0.5646
Kidney,jrc_mus-kidney,crop1032,Chemical,17,16472,8433664.0,0.0084,4495,5522,287680.0,353408.0,0.03411092,0.6965
Kidney,jrc_mus-kidney,crop1032,Chemical,18,148332,75945984.0,0.0759,18316,26700,1172224.0,1708800.0,0.01543497,0.7398
Kidney,jrc_mus-kidney,crop1032,Chemical,19,132429,67803648.0,0.0678,14163,22578,906432.0,1444992.0,0.01336848,0.8871
Kidney,jrc_mus-kidney,crop1032,Chemical,20,8613,4409856.0,0.0044,3262,3262,208768.0,208768.0,0.04734123,0.6229
Kidney,jrc_mus-kidney,crop1032,Chemical,21,77411,39634432.0,0.0396,9362,15908,599168.0,1018112.0,0.01511736,0.9382
Kidney,jrc_mus-kidney,crop1032,Chemical,22,13620,6973440.0,0.007,2588,4786,165632.0,306304.0,0.02375184,1.0657
Kidney,jrc_mus-kidney,crop1032,Chemical,23,17873,9150976.0,0.0092,3169,6338,202816.0,405632.0,0.02216332,1.0432
Kidney,jrc_mus-kidney,crop1032,Chemical,24,18727,9588224.0,0.0096,4925,5706,315200.0,365184.0,0.03287366,0.6925
Kidney,jrc_mus-kidney,crop1032,Chemical,25,2101,1075712.0,0.0011,1279,1280,81856.0,81920.0,0.07609472,0.6202
Kidney,jrc_mus-kidney-4,crop1134,Rapid HPF,1,2492445,1276131840.0,1.2761,341504,413940,21856256.0,26492160.0,0.01712696,0.2603
Kidney,jrc_mus-kidney-4,crop1134,Rapid HPF,2,259298,132760576.0,0.1328,53472,59244,3422208.0,3791616.0,0.02577729,0.3678
Kidney,jrc_mus-kidney-4,crop1134,Rapid HPF,3,2937386,1503941632.0,1.5039,313920,374480,20090880.0,23966720.0,0.01335882,0.316
Kidney,jrc_mus-kidney-4,crop1134,Rapid HPF,4,106575,54566400.0,0.0546,20466,23256,1309824.0,1488384.0,0.02400422,0.5312
Kidney,jrc_mus-kidney-4,crop1134,Rapid HPF,5,15398,7883776.0,0.0079,3511,4912,224704.0,314368.0,0.02850208,0.8525
Kidney,jrc_mus-kidney-4,crop1134,Rapid HPF,6,971,497152.0,0.0005,526,958,33664.0,61312.0,0.0677137,0.9015
Kidney,jrc_mus-kidney-4,crop1134,Rapid HPF,7,81165,41556480.0,0.0416,16013,19020,1024832.0,1217280.0,0.02466118,0.5661
Kidney,jrc_mus-kidney-4,crop1134,Rapid HPF,8,446,228352.0,0.0002,413,658,26432.0,42112.0,0.11575112,0.6835
Kidney,jrc_mus-kidney-4,crop1134,Rapid HPF,9,14340,7342080.0,0.0073,3770,4692,241280.0,300288.0,0.03286262,0.7571
Kidney,jrc_mus-kidney-4,crop1134,Rapid HPF,10,6554,3355648.0,0.0034,2551,2978,163264.0,190592.0,0.04865349,0.6639
Kidney,jrc_mus-kidney-4,crop1134,Rapid HPF,11,7343,3759616.0,0.0038,2431,2884,155584.0,184576.0,0.04138295,0.7515
Kidney,jrc_mus-kidney-4,crop1134,Rapid HPF,12,20308,10397696.0,0.0104,5010,6942,320640.0,444288.0,0.0308376,0.7185
Kidney,jrc_mus-kidney-4,crop1134,Rapid HPF,13,14696,7524352.0,0.0075,4267,6206,273088.0,397184.0,0.03629389,0.68
Kidney,jrc_mus-kidney-4,crop1134,Rapid HPF,14,112879,57794048.0,0.0578,29395,31370,1881280.0,2007680.0,0.03255145,0.3843
Kidney,jrc_mus-kidney-4,crop1134,Rapid HPF,15,1385226,709235712.0,0.7092,187038,214058,11970432.0,13699712.0,0.01687793,0.3213
Kidney,jrc_mus-kidney-4,crop1134,Rapid HPF,16,94727,48500224.0,0.0485,17638,23156,1128832.0,1481984.0,0.02327478,0.5697
Kidney,jrc_mus-kidney-4,crop1134,Rapid HPF,17,395139,202311168.0,0.2023,71760,75584,4592640.0,4837376.0,0.02270087,0.3629
Kidney,jrc_mus-kidney-4,crop1134,Rapid HPF,18,348594,178480128.0,0.1785,61781,66128,3953984.0,4232192.0,0.02215364,0.3877
Kidney,jrc_mus-kidney-4,crop1134,Rapid HPF,19,2180,1116160.0,0.0011,972,1348,62208.0,86272.0,0.05573394,0.8365
Kidney,jrc_mus-kidney-4,crop1134,Rapid HPF,20,4358,2231296.0,0.0022,2245,2768,143680.0,177152.0,0.06439307,0.5747
Kidney,jrc_mus-kidney-4,crop1134,Rapid HPF,21,19076,9766912.0,0.0098,6706,6706,429184.0,429184.0,0.04394265,0.5148
Kidney,jrc_mus-kidney-4,crop1134,Rapid HPF,22,88556,45340672.0,0.0453,36973,42106,2366272.0,2694784.0,0.05218873,0.2599
Kidney,jrc_mus-kidney-4,crop1134,Rapid HPF,23,6768,3465216.0,0.0035,2050,2670,131200.0,170880.0,0.037862,0.8441
Kidney,jrc_mus-kidney-4,crop1134,Rapid HPF,24,11488,5881856.0,0.0059,6649,6854,425536.0,438656.0,0.07234723,0.3703
Kidney,jrc_mus-kidney-4,crop1134,Rapid HPF,25,126964,65005568.0,0.065,26336,27950,1685504.0,1788800.0,0.02592861,0.4639
Kidney,jrc_mus-kidney-4,crop1134,Rapid HPF,26,2601,1331712.0,0.0013,1490,1490,95360.0,95360.0,0.07160707,0.6138
Kidney,jrc_mus-kidney-4,crop1134,Rapid HPF,28,48109,24631808.0,0.0246,9911,13940,634304.0,892160.0,0.02575142,0.6454
Kidney,jrc_mus-kidney-4,crop1134,Rapid HPF,29,965,494080.0,0.0005,594,830,38016.0,53120.0,0.07694301,0.795
Kidney,jrc_mus-kidney-4,crop1134,Rapid HPF,30,27184,13918208.0,0.0139,6953,9164,444992.0,586496.0,0.03197193,0.6288
Kidney,jrc_mus-kidney-4,crop1134,Rapid HPF,31,1735,888320.0,0.0009,785,1200,50240.0,76800.0,0.0565562,0.8895
Kidney,jrc_mus-kidney-4,crop1134,Rapid HPF,32,2470,1264640.0,0.0013,1106,1876,70784.0,120064.0,0.05597166,0.799
Kidney,jrc_mus-kidney-4,crop1136,Rapid HPF,1,2991475,1531635200.0,1.5316,114453,219914,7324992.0,14074496.0,0.00478247,0.8772
Kidney,jrc_mus-kidney-4,crop1136,Rapid HPF,2,10356517,5302536704.0,5.3025,244262,390698,15632768.0,25004672.0,0.00294817,0.9407
Kidney,jrc_mus-kidney-4,crop1136,Rapid HPF,3,280970,143856640.0,0.1439,22393,40908,1433152.0,2618112.0,0.00996236,0.9264
Kidney,jrc_mus-kidney-4,crop1136,Rapid HPF,4,2936,1503232.0,0.0015,1051,1832,67264.0,117248.0,0.04474625,0.9434
Kidney,jrc_mus-kidney-4,crop1136,Rapid HPF,5,5673,2904576.0,0.0029,2537,2950,162368.0,188800.0,0.05590076,0.6063
Kidney,jrc_mus-kidney-4,crop1136,Rapid HPF,6,32881,16835072.0,0.0168,6283,9268,402112.0,593152.0,0.02388537,0.79
Kidney,jrc_mus-kidney-4,crop1136,Rapid HPF,7,35732,18294784.0,0.0183,14050,16272,899200.0,1041408.0,0.04915062,0.3734
Kidney,jrc_mus-kidney-4,crop1136,Rapid HPF,8,1243461,636652032.0,0.6367,67436,107844,4315904.0,6902016.0,0.00677906,0.8292
Kidney,jrc_mus-kidney-4,crop1136,Rapid HPF,9,23298,11928576.0,0.0119,6297,8254,403008.0,528256.0,0.03378509,0.6265
Kidney,jrc_mus-kidney-4,crop1136,Rapid HPF,10,5416494,2773244928.0,2.7732,558877,657480,35768128.0,42078720.0,0.01289757,0.2669
Kidney,jrc_mus-kidney-4,crop1136,Rapid HPF,11,368964,188909568.0,0.1889,83959,90222,5373376.0,5774208.0,0.02844417,0.2963
Kidney,jrc_mus-kidney-4,crop1136,Rapid HPF,12,1093833,560042496.0,0.56,135985,154736,8703040.0,9903104.0,0.01553996,0.3775
Kidney,jrc_mus-kidney-4,crop1136,Rapid HPF,13,516550,264473600.0,0.2645,68695,77332,4396480.0,4949248.0,0.01662351,0.4532
Kidney,jrc_mus-kidney-4,crop1136,Rapid HPF,14,522987,267769344.0,0.2678,50725,65750,3246400.0,4208000.0,0.01212387,0.6189
Kidney,jrc_mus-kidney-4,crop1136,Rapid HPF,15,846733,433527296.0,0.4335,41990,72482,2687360.0,4638848.0,0.00619883,1.0308
Kidney,jrc_mus-kidney-4,crop1136,Rapid HPF,16,239855,122805760.0,0.1228,35796,40076,2290944.0,2564864.0,0.01865502,0.5215
Kidney,jrc_mus-kidney-4,crop1136,Rapid HPF,17,36351,18611712.0,0.0186,7216,9680,461824.0,619520.0,0.02481362,0.7354
Kidney,jrc_mus-kidney-4,crop1136,Rapid HPF,18,10920,5591040.0,0.0056,2589,4480,165696.0,286720.0,0.02963599,0.9194
Kidney,jrc_mus-kidney-4,crop1136,Rapid HPF,19,1209,619008.0,0.0006,755,1210,48320.0,77440.0,0.07806038,0.7269
Kidney,jrc_mus-kidney-4,crop1137,Rapid HPF,1,4342420,2223319040.0,2.2233,245078,363596,15684992.0,23270144.0,0.00705476,0.5252
Kidney,jrc_mus-kidney-4,crop1137,Rapid HPF,2,247163,126547456.0,0.1265,43589,51754,2789696.0,3312256.0,0.02204466,0.4369
Kidney,jrc_mus-kidney-4,crop1137,Rapid HPF,3,143313,73376256.0,0.0734,49330,53906,3157120.0,3449984.0,0.04302645,0.2685
Kidney,jrc_mus-kidney-4,crop1137,Rapid HPF,4,276114,141370368.0,0.1414,49246,54166,3151744.0,3466624.0,0.02229423,0.4164
Kidney,jrc_mus-kidney-4,crop1137,Rapid HPF,5,216533,110864896.0,0.1109,59330,63988,3797120.0,4095232.0,0.03424998,0.2939
Kidney,jrc_mus-kidney-4,crop1137,Rapid HPF,6,303559,155422208.0,0.1554,83573,89880,5348672.0,5752320.0,0.03441382,0.2614
Kidney,jrc_mus-kidney-4,crop1137,Rapid HPF,7,80242,41083904.0,0.0411,11364,14982,727296.0,958848.0,0.0177027,0.7917
Kidney,jrc_mus-kidney-4,crop1137,Rapid HPF,8,87808,44957696.0,0.045,15942,23732,1020288.0,1518848.0,0.0226944,0.5993
Kidney,jrc_mus-kidney-4,crop1137,Rapid HPF,9,348359,178359808.0,0.1784,92824,105530,5940736.0,6753920.0,0.03330759,0.2579
Kidney,jrc_mus-kidney-4,crop1137,Rapid HPF,10,759932,389085184.0,0.3891,138622,157786,8871808.0,10098304.0,0.02280171,0.2905
Kidney,jrc_mus-kidney-4,crop1137,Rapid HPF,11,113377,58049024.0,0.058,33864,35426,2167296.0,2267264.0,0.03733561,0.3345
Kidney,jrc_mus-kidney-4,crop1137,Rapid HPF,12,207113,106041856.0,0.106,52577,53994,3364928.0,3455616.0,0.03173207,0.322
Kidney,jrc_mus-kidney-4,crop1137,Rapid HPF,13,88441,45281792.0,0.0453,10759,21248,688576.0,1359872.0,0.01520647,0.8922
Kidney,jrc_mus-kidney-4,crop1137,Rapid HPF,14,2858,1463296.0,0.0015,1214,1718,77696.0,109952.0,0.05309657,0.8022
Kidney,jrc_mus-kidney-4,crop1137,Rapid HPF,15,113562,58143744.0,0.0581,29702,32462,1900928.0,2077568.0,0.03269359,0.3818
Kidney,jrc_mus-kidney-4,crop1137,Rapid HPF,16,75326,38566912.0,0.0386,20321,23550,1300544.0,1507200.0,0.03372176,0.4245
Kidney,jrc_mus-kidney-4,crop1137,Rapid HPF,17,58063,29728256.0,0.0297,17231,20226,1102784.0,1294464.0,0.03709548,0.4208
Kidney,jrc_mus-kidney-4,crop1137,Rapid HPF,18,236,120832.0,0.0001,241,346,15424.0,22144.0,0.12764831,0.7663
Kidney,jrc_mus-kidney-4,crop1137,Rapid HPF,19,64129,32834048.0,0.0328,10815,15842,692160.0,1013888.0,0.02108056,0.7164
Kidney,jrc_mus-kidney-4,crop1137,Rapid HPF,20,58865,30138880.0,0.0301,11873,16236,759872.0,1039104.0,0.02521235,0.6164
Kidney,jrc_mus-kidney-4,crop1137,Rapid HPF,21,29834,15275008.0,0.0153,9116,9116,583424.0,583424.0,0.03819468,0.5103
Kidney,jrc_mus-kidney-4,crop1137,Rapid HPF,22,4009,2052608.0,0.0021,1821,2590,116544.0,165760.0,0.0567785,0.6702
Kidney,jrc_mus-kidney-4,crop1137,Rapid HPF,23,12544,6422528.0,0.0064,5886,6672,376704.0,427008.0,0.05865354,0.4436
Kidney,jrc_mus-kidney-4,crop1137,Rapid HPF,24,10631,5443072.0,0.0054,2403,3860,153792.0,247040.0,0.02825463,0.973
Kidney,jrc_mus-kidney-4,crop1137,Rapid HPF,25,15023,7691776.0,0.0077,4792,5992,306688.0,383488.0,0.0398722,0.6144
Kidney,jrc_mus-kidney-4,crop1137,Rapid HPF,26,2885,1477120.0,0.0015,1550,1686,99200.0,107904.0,0.06715771,0.6323
Kidney,jrc_mus-kidney-4,crop1137,Rapid HPF,27,4475,2291200.0,0.0023,1994,2580,127616.0,165120.0,0.05569832,0.6586
Kidney,jrc_mus-kidney-4,crop1137,Rapid HPF,28,2522,1291264.0,0.0013,1147,1450,73408.0,92800.0,0.05684972,0.7812
Kidney,jrc_mus-kidney-4,crop1137,Rapid HPF,29,250,128000.0,0.0001,242,340,15488.0,21760.0,0.121,0.793
Kidney,jrc_mus-kidney-4,crop1137,Rapid HPF,30,4283,2192896.0,0.0022,1690,2196,108160.0,140544.0,0.0493229,0.7547
Kidney,jrc_mus-kidney-4,crop1137,Rapid HPF,31,475,243200.0,0.0002,392,518,25088.0,33152.0,0.10315789,0.751
Kidney,jrc_mus-kidney-4,crop1144,Rapid HPF,1,24914376,12756160512.0,12.7562,1406060,1850124,89987840.0,118407936.0,0.00705446,0.2934
Kidney,jrc_mus-kidney-4,crop1144,Rapid HPF,2,3658277,1873037824.0,1.873,262919,325872,16826816.0,20855808.0,0.0089837,0.4367
Kidney,jrc_mus-kidney-4,crop1144,Rapid HPF,3,302333,154794496.0,0.1548,25928,45966,1659392.0,2941824.0,0.01071997,0.8402
Kidney,jrc_mus-kidney-4,crop1144,Rapid HPF,4,1089833,557994496.0,0.558,213606,234632,13670784.0,15016448.0,0.02449985,0.2398
Kidney,jrc_mus-kidney-4,crop1144,Rapid HPF,5,11642876,5961152512.0,5.9612,555812,711840,35571968.0,45557760.0,0.0059673,0.447
Kidney,jrc_mus-kidney-4,crop1144,Rapid HPF,6,81328,41639936.0,0.0416,15213,20912,973632.0,1338368.0,0.02338217,0.5967
Kidney,jrc_mus-kidney-4,crop1144,Rapid HPF,7,842777,431501824.0,0.4315,77869,108822,4983616.0,6964608.0,0.01154947,0.5541
Kidney,jrc_mus-kidney-4,crop1144,Rapid HPF,8,56904,29134848.0,0.0291,10949,15832,700736.0,1013248.0,0.02405147,0.6534
Kidney,jrc_mus-kidney-4,crop1144,Rapid HPF,9,111970,57328640.0,0.0573,19630,25722,1256320.0,1646208.0,0.02191435,0.5723
Kidney,jrc_mus-kidney-4,crop1144,Rapid HPF,10,3315,1697280.0,0.0017,1444,1686,92416.0,107904.0,0.05444947,0.7446
Kidney,jrc_mus-kidney-4,crop1144,Rapid HPF,11,3688,1888256.0,0.0019,1728,2744,110592.0,175616.0,0.05856833,0.668
Kidney,jrc_mus-kidney-4,crop1144,Rapid HPF,12,50104,25653248.0,0.0257,11671,12952,746944.0,828928.0,0.02911694,0.5632
Kidney,jrc_mus-kidney-4,crop1144,Rapid HPF,13,4574,2341888.0,0.0023,1783,2318,114112.0,148352.0,0.0487265,0.7474
Kidney,jrc_mus-kidney-4,crop1144,Rapid HPF,14,3863,1977856.0,0.002,1452,2236,92928.0,143104.0,0.04698421,0.82
Kidney,jrc_mus-kidney-4,crop1144,Rapid HPF,15,286,146432.0,0.0001,260,356,16640.0,22784.0,0.11363636,0.8074
Kidney,jrc_mus-kidney-4,crop1144,Rapid HPF,16,7008,3588096.0,0.0036,2315,3192,148160.0,204288.0,0.04129209,0.765
Kidney,jrc_mus-kidney-4,crop1144,Rapid HPF,17,1827,935424.0,0.0009,832,1132,53248.0,72448.0,0.05692392,0.8687
Kidney,jrc_mus-kidney-4,crop1144,Rapid HPF,18,1539,787968.0,0.0008,674,1124,43136.0,71936.0,0.05474334,0.9564
Kidney,jrc_mus-kidney-4,crop1144,Rapid HPF,19,8195,4195840.0,0.0042,2627,3578,168128.0,228992.0,0.04007016,0.7483
Kidney,jrc_mus-kidney-4,crop1144,Rapid HPF,20,200,102400.0,0.0001,203,278,12992.0,17792.0,0.126875,0.8147
Kidney,jrc_mus-kidney-4,crop1144,Rapid HPF,21,13056,6684672.0,0.0067,3889,4894,248896.0,313216.0,0.03723384,0.6895
Kidney,jrc_mus-kidney-4,crop1144,Rapid HPF,22,2700,1382400.0,0.0014,1240,1712,79360.0,109568.0,0.05740741,0.7562
Kidney,jrc_mus-kidney-4,crop1144,Rapid HPF,23,2449355,1254069760.0,1.2541,239283,277254,15314112.0,17744256.0,0.01221153,0.3672
Kidney,jrc_mus-kidney-4,crop1144,Rapid HPF,24,1226717,628079104.0,0.6281,115732,166806,7406848.0,10675584.0,0.01179286,0.4788
Kidney,jrc_mus-kidney-4,crop1144,Rapid HPF,25,9352,4788224.0,0.0048,3010,3624,192640.0,231936.0,0.04023204,0.7132
Kidney,jrc_mus-kidney-4,crop1144,Rapid HPF,26,924,473088.0,0.0005,487,874,31168.0,55936.0,0.06588203,0.942
Kidney,jrc_mus-kidney-4,crop1144,Rapid HPF,27,525303,268955136.0,0.269,119079,135552,7621056.0,8675328.0,0.02833579,0.2644
Kidney,jrc_mus-kidney-4,crop1144,Rapid HPF,28,1092833,559530496.0,0.5595,81886,102694,5240704.0,6572416.0,0.00936625,0.6266
Kidney,jrc_mus-kidney-4,crop1144,Rapid HPF,29,30133,15428096.0,0.0154,9556,9950,611584.0,636800.0,0.03964093,0.49
Kidney,jrc_mus-kidney-4,crop1144,Rapid HPF,30,543,278016.0,0.0003,438,592,28032.0,37888.0,0.10082873,0.7349
Kidney,jrc_mus-kidney-4,crop1144,Rapid HPF,31,603,308736.0,0.0003,444,598,28416.0,38272.0,0.0920398,0.7774
Heart,jrc_mus-heart-6,crop1145,Chemical,1,3595603,1840948736.0,1.8409,75676,184634,4843264.0,11816576.0,0.00263085,1.4998
Heart,jrc_mus-heart-6,crop1145,Chemical,2,902471,462065152.0,0.4621,190024,208364,12161536.0,13335296.0,0.02631996,0.2377
Heart,jrc_mus-heart-6,crop1145,Chemical,3,986129,504898048.0,0.5049,58272,89810,3729408.0,5747840.0,0.00738646,0.8222
Heart,jrc_mus-heart-6,crop1146,Chemical,1,2484210,1271915520.0,1.2719,122679,193242,7851456.0,12367488.0,0.00617294,0.7231
Heart,jrc_mus-heart-6,crop1146,Chemical,2,1126906,576975872.0,0.577,57741,110264,3695424.0,7056896.0,0.00640482,0.907
Heart,jrc_mus-heart-6,crop1146,Chemical,3,965505,494338560.0,0.4943,94147,105408,6025408.0,6746112.0,0.01218883,0.5018
Heart,jrc_mus-heart-6,crop1146,Chemical,4,2994041,1532948992.0,1.5329,154214,249172,9869696.0,15947008.0,0.00643837,0.6514
Heart,jrc_mus-heart-6,crop1146,Chemical,5,405089,207405568.0,0.2074,69206,78736,4429184.0,5039104.0,0.02135518,0.3826
Heart,jrc_mus-heart-6,crop1147,Chemical,1,2434821,1246628352.0,1.2466,69719,150968,4462016.0,9661952.0,0.00357927,1.2554
Heart,jrc_mus-heart-6,crop1147,Chemical,2,3269294,1673878528.0,1.6739,147340,241896,9429760.0,15481344.0,0.00563348,0.723
Heart,jrc_mus-heart-6,crop1147,Chemical,3,1393166,713300992.0,0.7133,92686,135650,5931904.0,8681600.0,0.00831613,0.6508
Liver,jrc_mus-liver,crop1038,Chemical,1,52695,26979840.0,0.027,10669,12596,682816.0,806144.0,0.02530838,0.6371
Liver,jrc_mus-liver,crop1038,Chemical,2,2633349,1348274688.0,1.3483,450214,525620,28813696.0,33639680.0,0.02137079,0.2048
Liver,jrc_mus-liver,crop1038,Chemical,3,4718,2415616.0,0.0024,1791,2186,114624.0,139904.0,0.04745125,0.7596
Liver,jrc_mus-liver,crop1038,Chemical,4,48703,24935936.0,0.0249,13239,14494,847296.0,927616.0,0.03397891,0.4872
Liver,jrc_mus-liver,crop1038,Chemical,5,170,87040.0,0.0001,209,234,13376.0,14976.0,0.15367647,0.7101
Liver,jrc_mus-liver,crop1038,Chemical,6,6545,3351040.0,0.0034,2898,3582,185472.0,229248.0,0.05534759,0.5839
Liver,jrc_mus-liver,crop1038,Chemical,7,15190,7777280.0,0.0078,4131,4994,264384.0,319616.0,0.0339944,0.718
Liver,jrc_mus-liver,crop1038,Chemical,9,319,163328.0,0.0002,364,364,23296.0,23296.0,0.14263323,0.6203
Liver,jrc_mus-liver,crop1038,Chemical,10,1433,733696.0,0.0007,978,978,62592.0,62592.0,0.08531054,0.6285
Liver,jrc_mus-liver,crop1038,Chemical,11,677377,346817024.0,0.3468,112006,135958,7168384.0,8701312.0,0.02066907,0.333
Liver,jrc_mus-liver,crop1038,Chemical,12,378,193536.0,0.0002,422,422,27008.0,27008.0,0.13955026,0.5991
Liver,jrc_mus-liver,crop1038,Chemical,13,280,143360.0,0.0001,307,326,19648.0,20864.0,0.13705357,0.6742
Liver,jrc_mus-liver,crop1038,Chemical,14,774,396288.0,0.0004,672,672,43008.0,43008.0,0.10852713,0.6067
Liver,jrc_mus-liver,crop1038,Chemical,15,4761,2437632.0,0.0024,1975,2566,126400.0,164224.0,0.0518536,0.693
Liver,jrc_mus-liver,crop1038,Chemical,16,528,270336.0,0.0003,490,490,31360.0,31360.0,0.11600379,0.6447
Liver,jrc_mus-liver,crop1038,Chemical,17,754,386048.0,0.0004,640,640,40960.0,40960.0,0.1061008,0.626
Liver,jrc_mus-liver,crop1038,Chemical,18,291,148992.0,0.0001,366,366,23424.0,23424.0,0.15721649,0.5802
Liver,jrc_mus-liver,crop1038,Chemical,19,405,207360.0,0.0002,408,408,26112.0,26112.0,0.12592593,0.6488
Liver,jrc_mus-liver,crop1038,Chemical,20,747,382464.0,0.0004,618,618,39552.0,39552.0,0.10341365,0.6442
Liver,jrc_mus-liver,crop1038,Chemical,21,6764,3463168.0,0.0035,2202,2958,140928.0,189312.0,0.04069338,0.7855
Liver,jrc_mus-liver,crop1038,Chemical,22,297,152064.0,0.0002,372,374,23808.0,23936.0,0.15656566,0.5787
Liver,jrc_mus-liver,crop1038,Chemical,23,10490,5370880.0,0.0054,3891,4382,249024.0,280448.0,0.04636559,0.5956
Liver,jrc_mus-liver,crop1038,Chemical,24,444,227328.0,0.0002,456,456,29184.0,29184.0,0.12837838,0.6172
Liver,jrc_mus-liver,crop1038,Chemical,25,722,369664.0,0.0004,808,808,51712.0,51712.0,0.1398892,0.4817
Liver,jrc_mus-liver,crop1038,Chemical,26,352,180224.0,0.0002,388,388,24832.0,24832.0,0.13778409,0.6214
Liver,jrc_mus-liver,crop1038,Chemical,27,183,93696.0,0.0001,248,248,15872.0,15872.0,0.16939891,0.6285
Liver,jrc_mus-liver,crop1038,Chemical,28,8664,4435968.0,0.0044,2729,3238,174656.0,207232.0,0.03937269,0.7475
Liver,jrc_mus-liver,crop1038,Chemical,29,414,211968.0,0.0002,412,412,26368.0,26368.0,0.12439614,0.652
Liver,jrc_mus-liver,crop1038,Chemical,30,20301,10394112.0,0.0104,7856,7856,502784.0,502784.0,0.048372,0.4581
Liver,jrc_mus-liver,crop1038,Chemical,31,1668,854016.0,0.0009,1039,1614,66496.0,103296.0,0.07786271,0.6546
Liver,jrc_mus-liver,crop1038,Chemical,32,6865,3514880.0,0.0035,2453,2782,156992.0,178048.0,0.04466497,0.7121
Liver,jrc_mus-liver,crop1038,Chemical,33,9042,4629504.0,0.0046,3733,4166,238912.0,266624.0,0.05160639,0.5623
Liver,jrc_mus-liver,crop1038,Chemical,34,787,402944.0,0.0004,660,660,42240.0,42240.0,0.10482846,0.6246
Liver,jrc_mus-liver,crop1038,Chemical,35,3813,1952256.0,0.002,1677,1930,107328.0,123520.0,0.0549764,0.7038
Liver,jrc_mus-liver,crop1038,Chemical,36,473,242176.0,0.0002,470,470,30080.0,30080.0,0.12420719,0.6246
Liver,jrc_mus-liver,crop1038,Chemical,37,486,248832.0,0.0002,454,454,29056.0,29056.0,0.11676955,0.6584
Liver,jrc_mus-liver,crop1038,Chemical,38,540,276480.0,0.0003,526,526,33664.0,33664.0,0.12175926,0.6097
Liver,jrc_mus-liver,crop1038,Chemical,39,139,71168.0,0.0001,154,196,9856.0,12544.0,0.13848921,0.8426
Liver,jrc_mus-liver,crop1038,Chemical,42,967,495104.0,0.0005,798,798,51072.0,51072.0,0.10315408,0.5926
Liver,jrc_mus-liver,crop1038,Chemical,43,4267,2184704.0,0.0022,1885,2308,120640.0,147712.0,0.0552203,0.6749
Liver,jrc_mus-liver,crop1038,Chemical,44,429,219648.0,0.0002,359,538,22976.0,34432.0,0.10460373,0.7662
Liver,jrc_mus-liver,crop1038,Chemical,45,26039,13331968.0,0.0133,7820,9578,500480.0,612992.0,0.03753984,0.5433
Liver,jrc_mus-liver,crop1038,Chemical,46,506,259072.0,0.0003,416,626,26624.0,40064.0,0.1027668,0.7382
Liver,jrc_mus-liver,crop1038,Chemical,47,273,139776.0,0.0001,328,328,20992.0,20992.0,0.15018315,0.6205
Liver,jrc_mus-liver,crop1038,Chemical,48,437,223744.0,0.0002,460,460,29440.0,29440.0,0.13157895,0.6054
Liver,jrc_mus-liver,crop1038,Chemical,49,10856,5558272.0,0.0056,4342,4342,277888.0,277888.0,0.04999539,0.5461
Liver,jrc_mus-liver,crop1038,Chemical,51,3343,1711616.0,0.0017,1407,1836,90048.0,117504.0,0.05260993,0.7684
Liver,jrc_mus-liver,crop1038,Chemical,52,143,73216.0,0.0001,212,212,13568.0,13568.0,0.18531469,0.6238
Liver,jrc_mus-liver,crop1038,Chemical,53,486,248832.0,0.0002,323,494,20672.0,31616.0,0.08307613,0.9255
Liver,jrc_mus-liver,crop1038,Chemical,54,6066,3105792.0,0.0031,2115,3008,135360.0,192512.0,0.04358309,0.7605
Liver,jrc_mus-liver,crop1038,Chemical,55,26074,13349888.0,0.0133,7335,8876,469440.0,568064.0,0.03516434,0.5797
Liver,jrc_mus-liver,crop1038,Chemical,56,231,118272.0,0.0001,302,316,19328.0,20224.0,0.16341991,0.6029
Liver,jrc_mus-liver,crop1038,Chemical,57,237,121344.0,0.0001,250,300,16000.0,19200.0,0.13185654,0.7408
Liver,jrc_mus-liver,crop1038,Chemical,58,10258,5252096.0,0.0053,2879,3678,184256.0,235392.0,0.03508237,0.793
Liver,jrc_mus-liver,crop1038,Chemical,59,127,65024.0,0.0001,119,206,7616.0,13184.0,0.11712598,1.0268
Liver,jrc_mus-liver,crop1038,Chemical,60,327,167424.0,0.0002,384,384,24576.0,24576.0,0.14678899,0.5977
Liver,jrc_mus-liver,crop1039,Chemical,1,3267609,1673015808.0,1.673,196841,290446,12597824.0,18588544.0,0.00753001,0.541
Liver,jrc_mus-liver,crop1039,Chemical,2,3958,2026496.0,0.002,1632,2120,104448.0,135680.0,0.05154118,0.7414
Liver,jrc_mus-liver,crop1039,Chemical,3,5169,2646528.0,0.0026,1847,2346,118208.0,150144.0,0.04466531,0.7827
Liver,jrc_mus-liver,crop1039,Chemical,4,241,123392.0,0.0001,235,330,15040.0,21120.0,0.12188797,0.7969
Liver,jrc_mus-liver,crop1039,Chemical,5,3184,1630208.0,0.0016,1872,2202,119808.0,140928.0,0.07349246,0.5591
Liver,jrc_mus-liver,crop1039,Chemical,6,1138063,582688256.0,0.5827,129631,175740,8296384.0,11247360.0,0.01423812,0.4066
Liver,jrc_mus-liver,crop1039,Chemical,7,1366,699392.0,0.0007,562,904,35968.0,57856.0,0.05142753,1.0594
Liver,jrc_mus-liver,crop1039,Chemical,8,322,164864.0,0.0002,200,376,12800.0,24064.0,0.07763975,1.1359
Liver,jrc_mus-liver,crop1039,Chemical,9,740,378880.0,0.0004,554,840,35456.0,53760.0,0.09358108,0.7142
Liver,jrc_mus-liver,crop1039,Chemical,10,12079,6184448.0,0.0062,4862,4862,311168.0,311168.0,0.0503146,0.5236
Liver,jrc_mus-liver,crop1039,Chemical,11,2014522,1031435264.0,1.0314,178483,239312,11422912.0,15315968.0,0.01107477,0.4322
Liver,jrc_mus-liver,crop1039,Chemical,12,2394,1225728.0,0.0012,1145,1592,73280.0,101888.0,0.05978488,0.7558
Liver,jrc_mus-liver,crop1039,Chemical,13,4569,2339328.0,0.0023,1811,2216,115904.0,141824.0,0.04954585,0.7353
Liver,jrc_mus-liver,crop1039,Chemical,14,2586,1324032.0,0.0013,1127,1436,72128.0,91904.0,0.05447602,0.8084
Liver,jrc_mus-liver,crop1039,Chemical,15,606,310272.0,0.0003,441,636,28224.0,40704.0,0.09096535,0.7853
Liver,jrc_mus-liver,crop1039,Chemical,16,3753,1921536.0,0.0019,1986,1986,127104.0,127104.0,0.06614708,0.5881
Liver,jrc_mus-liver,crop1039,Chemical,17,218,111616.0,0.0001,209,284,13376.0,18176.0,0.11983945,0.8381
Liver,jrc_mus-liver,crop1039,Chemical,18,5387,2758144.0,0.0028,2266,2478,145024.0,158592.0,0.05258029,0.6558
Liver,jrc_mus-liver,crop1039,Chemical,19,1548,792576.0,0.0008,848,1156,54272.0,73984.0,0.06847545,0.7631
Liver,jrc_mus-liver,crop1040,Chemical,1,4634922,2373080064.0,2.3731,320591,473286,20517824.0,30290304.0,0.00864607,0.4193
Liver,jrc_mus-liver,crop1040,Chemical,2,1441654,738126848.0,0.7381,255596,314792,16358144.0,20146688.0,0.0221617,0.2415
Liver,jrc_mus-liver,crop1040,Chemical,3,8018,4105216.0,0.0041,2844,3588,182016.0,229632.0,0.04433774,0.6812
Liver,jrc_mus-liver,crop1040,Chemical,4,139,71168.0,0.0001,164,232,10496.0,14848.0,0.14748201,0.7913
Liver,jrc_mus-liver,crop1040,Chemical,5,8728,4468736.0,0.0045,3082,3340,197248.0,213760.0,0.04413955,0.6652
Liver,jrc_mus-liver,crop1040,Chemical,6,603,308736.0,0.0003,419,552,26816.0,35328.0,0.08685738,0.8238
Liver,jrc_mus-liver,crop1040,Chemical,7,4677,2394624.0,0.0024,2340,2340,149760.0,149760.0,0.06254009,0.578
Liver,jrc_mus-liver,crop1040,Chemical,8,2157,1104384.0,0.0011,1029,1384,65856.0,88576.0,0.05963143,0.7846
Liver,jrc_mus-liver,crop1040,Chemical,9,10449,5349888.0,0.0053,3528,4108,225792.0,262912.0,0.042205,0.6551
Liver,jrc_mus-liver,crop1040,Chemical,10,2932,1501184.0,0.0015,1492,1492,95488.0,95488.0,0.06360846,0.664
Liver,jrc_mus-liver,crop1040,Chemical,11,1645,842240.0,0.0008,865,1164,55360.0,74496.0,0.06572948,0.7791
Liver,jrc_mus-liver,crop1040,Chemical,12,3948,2021376.0,0.002,1543,2028,98752.0,129792.0,0.04885385,0.7829
Liver,jrc_mus-liver,crop1040,Chemical,13,6121,3133952.0,0.0031,2409,2784,154176.0,178176.0,0.04919539,0.6717
Liver,jrc_mus-liver,crop1040,Chemical,14,2777,1421824.0,0.0014,1718,1718,109952.0,109952.0,0.07733165,0.5561
Liver,jrc_mus-liver,crop1040,Chemical,15,2055,1052160.0,0.0011,1221,1734,78144.0,110976.0,0.07427007,0.6402
Liver,jrc_mus-liver,crop1040,Chemical,16,2757,1411584.0,0.0014,1252,1502,80128.0,96128.0,0.0567646,0.7595
Liver,jrc_mus-liver,crop1040,Chemical,17,12380,6338560.0,0.0063,4629,5416,296256.0,346624.0,0.04673869,0.5591
Liver,jrc_mus-liver,crop1040,Chemical,18,6044,3094528.0,0.0031,2242,2762,143488.0,176768.0,0.0463683,0.7157
Liver,jrc_mus-liver,crop1040,Chemical,19,6574,3365888.0,0.0034,2831,3004,181184.0,192256.0,0.05382948,0.5995
Liver,jrc_mus-liver,crop1040,Chemical,20,13041,6676992.0,0.0067,4826,5134,308864.0,328576.0,0.04625796,0.5552
Liver,jrc_mus-liver,crop1040,Chemical,21,10157,5200384.0,0.0052,3710,4020,237440.0,257280.0,0.04565817,0.6113
Liver,jrc_mus-liver,crop1040,Chemical,22,2583,1322496.0,0.0013,1201,1470,76864.0,94080.0,0.0581204,0.758
Liver,jrc_mus-liver,crop1040,Chemical,23,8268,4233216.0,0.0042,2991,3488,191424.0,223232.0,0.04521952,0.6611
Liver,jrc_mus-liver,crop1040,Chemical,24,5141,2632192.0,0.0026,1679,2386,107456.0,152704.0,0.04082377,0.858
Liver,jrc_mus-liver,crop1040,Chemical,25,5314,2720768.0,0.0027,1867,2528,119488.0,161792.0,0.04391701,0.7888
Liver,jrc_mus-liver,crop1040,Chemical,26,3850,1971200.0,0.002,1657,2096,106048.0,134144.0,0.0537987,0.7169
Liver,jrc_mus-liver,crop1040,Chemical,27,126,64512.0,0.0001,122,204,7808.0,13056.0,0.12103175,0.9963
Liver,jrc_mus-liver,crop1041,Chemical,1,4486801,2297242112.0,2.2972,272664,399676,17450496.0,25579264.0,0.00759628,0.4825
Liver,jrc_mus-liver,crop1041,Chemical,2,2315,1185280.0,0.0012,891,1328,57024.0,84992.0,0.04811015,0.9498
Liver,jrc_mus-liver,crop1041,Chemical,3,7226,3699712.0,0.0037,2876,3332,184064.0,213248.0,0.0497509,0.6285
Liver,jrc_mus-liver,crop1041,Chemical,4,7852,4020224.0,0.004,3720,3770,238080.0,241280.0,0.05922058,0.5136
Liver,jrc_mus-liver,crop1041,Chemical,5,7397,3787264.0,0.0038,2827,3584,180928.0,229376.0,0.04777275,0.6494
Liver,jrc_mus-liver,crop1041,Chemical,6,7468,3823616.0,0.0038,3038,3406,194432.0,217984.0,0.05085029,0.6082
Liver,jrc_mus-liver,crop1041,Chemical,7,2359,1207808.0,0.0012,1225,1380,78400.0,88320.0,0.06491098,0.6996
Liver,jrc_mus-liver,crop1041,Chemical,8,7504,3842048.0,0.0038,3274,3658,209536.0,234112.0,0.05453758,0.5662
Liver,jrc_mus-liver,crop1041,Chemical,9,971918,497622016.0,0.4976,81693,106888,5228352.0,6840832.0,0.01050667,0.5808
Liver,jrc_mus-liver,crop1041,Chemical,10,9343,4783616.0,0.0048,4049,4526,259136.0,289664.0,0.05417157,0.5298
Liver,jrc_mus-liver,crop1041,Chemical,11,267,136704.0,0.0001,192,314,12288.0,20096.0,0.08988764,1.0444
Liver,jrc_mus-liver,crop1041,Chemical,12,681,348672.0,0.0003,517,760,33088.0,48640.0,0.09489721,0.724
Liver,jrc_mus-liver,crop1041,Chemical,13,684,350208.0,0.0004,598,598,38272.0,38272.0,0.10928363,0.6278
Liver,jrc_mus-liver,crop1041,Chemical,15,304119,155708928.0,0.1557,69543,84146,4450752.0,5385344.0,0.02858379,0.3145
Liver,jrc_mus-liver,crop1041,Chemical,16,305,156160.0,0.0002,350,350,22400.0,22400.0,0.14344262,0.6261
Liver,jrc_mus-liver,crop1041,Chemical,17,148,75776.0,0.0001,210,210,13440.0,13440.0,0.17736486,0.6443
Liver,jrc_mus-liver,crop1041,Chemical,18,3972,2033664.0,0.002,1870,2490,119680.0,159360.0,0.05884945,0.6486
Liver,jrc_mus-liver,crop1041,Chemical,19,266,136192.0,0.0001,314,314,20096.0,20096.0,0.14755639,0.637
Liver,jrc_mus-liver,crop1041,Chemical,20,257,131584.0,0.0001,306,306,19584.0,19584.0,0.14883268,0.6388
Liver,jrc_mus-liver,crop1041,Chemical,21,5338,2733056.0,0.0027,1807,3002,115648.0,192128.0,0.04231454,0.8174
Liver,jrc_mus-liver,crop1041,Chemical,22,1300,665600.0,0.0007,733,954,46912.0,61056.0,0.07048077,0.7859
Liver,jrc_mus-liver,crop1041,Chemical,24,371,189952.0,0.0002,382,382,24448.0,24448.0,0.1287062,0.6536
Liver,jrc_mus-liver,crop1041,Chemical,25,517,264704.0,0.0003,504,504,32256.0,32256.0,0.12185687,0.6181
Liver,jrc_mus-liver,crop1041,Chemical,26,1232,630784.0,0.0006,886,886,56704.0,56704.0,0.08989448,0.6273
Liver,jrc_mus-liver,crop1041,Chemical,27,112,57344.0,0.0001,182,184,11648.0,11776.0,0.203125,0.6174
Liver,jrc_mus-liver,crop1041,Chemical,28,123,62976.0,0.0001,192,192,12288.0,12288.0,0.19512195,0.6229
Liver,jrc_mus-liver,crop1041,Chemical,29,345,176640.0,0.0002,374,374,23936.0,23936.0,0.13550725,0.6361
Liver,jrc_mus-liver,crop1041,Chemical,30,133,68096.0,0.0001,153,208,9792.0,13312.0,0.14379699,0.8236
Liver,jrc_mus-liver,crop1041,Chemical,31,422,216064.0,0.0002,444,444,28416.0,28416.0,0.13151659,0.6128
Liver,jrc_mus-liver,crop1041,Chemical,32,485,248320.0,0.0002,474,474,30336.0,30336.0,0.12216495,0.6298
Liver,jrc_mus-liver,crop1041,Chemical,33,325,166400.0,0.0002,374,374,23936.0,23936.0,0.14384615,0.6112
Liver,jrc_mus-liver,crop1041,Chemical,34,459,235008.0,0.0002,444,444,28416.0,28416.0,0.12091503,0.6481
Liver,jrc_mus-liver,crop1041,Chemical,35,401,205312.0,0.0002,396,396,25344.0,25344.0,0.1234414,0.6641
Liver,jrc_mus-liver,crop1041,Chemical,36,630,322560.0,0.0003,568,568,36352.0,36352.0,0.11269841,0.6257
Liver,jrc_mus-liver,crop1041,Chemical,37,382,195584.0,0.0002,402,402,25728.0,25728.0,0.1315445,0.6333
Liver,jrc_mus-liver,crop1041,Chemical,38,245,125440.0,0.0001,310,310,19840.0,19840.0,0.15816327,0.6108
Liver,jrc_mus-liver,crop1041,Chemical,39,481,246272.0,0.0002,446,446,28544.0,28544.0,0.11590437,0.6657
Liver,jrc_mus-liver,crop1041,Chemical,40,4536,2322432.0,0.0023,1791,2092,114624.0,133888.0,0.04935516,0.7399
Liver,jrc_mus-liver,crop1041,Chemical,41,243,124416.0,0.0001,292,292,18688.0,18688.0,0.15020576,0.6449
Liver,jrc_mus-liver,crop1041,Chemical,42,707,361984.0,0.0004,598,598,38272.0,38272.0,0.10572843,0.6418
Liver,jrc_mus-liver,crop1041,Chemical,43,1008,516096.0,0.0005,774,774,49536.0,49536.0,0.09598214,0.6281
Liver,jrc_mus-liver,crop1041,Chemical,44,764,391168.0,0.0004,630,630,40320.0,40320.0,0.10307592,0.6415
Liver,jrc_mus-liver,crop1041,Chemical,45,756,387072.0,0.0004,628,628,40192.0,40192.0,0.10383598,0.6391
Liver,jrc_mus-liver,crop1041,Chemical,46,4064,2080768.0,0.0021,2046,2330,130944.0,149120.0,0.06293061,0.6019
Liver,jrc_mus-liver,crop1041,Chemical,47,5346,2737152.0,0.0027,2039,2638,130496.0,168832.0,0.04767583,0.7251
Liver,jrc_mus-liver,crop1041,Chemical,48,152,77824.0,0.0001,224,224,14336.0,14336.0,0.18421053,0.6149
Liver,jrc_mus-liver,crop1041,Chemical,49,429,219648.0,0.0002,313,480,20032.0,30720.0,0.09120047,0.8788
Liver,jrc_mus-liver,crop1041,Chemical,50,374,191488.0,0.0002,330,470,21120.0,30080.0,0.11029412,0.7607
Liver,jrc_mus-liver,crop1042,Chemical,1,4825823,2470821376.0,2.4708,212043,350864,13570752.0,22455296.0,0.00549241,0.6513
Liver,jrc_mus-liver,crop1042,Chemical,2,22110,11320320.0,0.0113,8966,9306,573824.0,595584.0,0.05068973,0.4249
Liver,jrc_mus-liver,crop1042,Chemical,3,7115,3642880.0,0.0036,2969,3270,190016.0,209280.0,0.05216093,0.6025
Liver,jrc_mus-liver,crop1042,Chemical,4,25210,12907520.0,0.0129,6211,7114,397504.0,455296.0,0.03079631,0.6694
Liver,jrc_mus-liver,crop1042,Chemical,5,9946,5092352.0,0.0051,3927,4434,251328.0,283776.0,0.04935401,0.5695
Liver,jrc_mus-liver,crop1042,Chemical,6,2432,1245184.0,0.0012,1084,1588,69376.0,101632.0,0.05571546,0.8068
Liver,jrc_mus-liver,crop1042,Chemical,7,14081,7209472.0,0.0072,5555,6100,355520.0,390400.0,0.0493129,0.5076
Liver,jrc_mus-liver,crop1042,Chemical,8,4190,2145280.0,0.0021,2450,2504,156800.0,160256.0,0.07309069,0.513
Liver,jrc_mus-liver,crop1042,Chemical,9,998,510976.0,0.0005,670,834,42880.0,53376.0,0.08391784,0.7208
Liver,jrc_mus-liver,crop1042,Chemical,10,24189,12384768.0,0.0124,4589,6720,293696.0,430080.0,0.02371429,0.8814
Liver,jrc_mus-liver,crop1042,Chemical,11,1843,943616.0,0.0009,725,1112,46400.0,71168.0,0.04917254,1.0027
Liver,jrc_mus-liver,crop1042,Chemical,12,1555103,796212736.0,0.7962,182178,252986,11659392.0,16191104.0,0.01464356,0.3563
Liver,jrc_mus-liver,crop1042,Chemical,13,12733,6519296.0,0.0065,5284,5284,338176.0,338176.0,0.05187309,0.499
Liver,jrc_mus-liver,crop1042,Chemical,14,26460,13547520.0,0.0135,7018,7234,449152.0,462976.0,0.03315382,0.6119
Liver,jrc_mus-liver,crop1042,Chemical,15,809,414208.0,0.0004,668,668,42752.0,42752.0,0.10321384,0.6286
Liver,jrc_mus-liver,crop1042,Chemical,16,10893,5577216.0,0.0056,4458,4458,285312.0,285312.0,0.05115671,0.5331
Liver,jrc_mus-liver,crop1042,Chemical,17,5155,2639360.0,0.0026,2586,2586,165504.0,165504.0,0.06270611,0.5581
Liver,jrc_mus-liver,crop1042,Chemical,18,3295,1687040.0,0.0017,1475,1758,94400.0,112512.0,0.05595599,0.726
Liver,jrc_mus-liver,crop1042,Chemical,19,28875,14784000.0,0.0148,11980,11980,766720.0,766720.0,0.05186147,0.3799
Liver,jrc_mus-liver,crop1042,Chemical,20,736,376832.0,0.0004,620,620,39680.0,39680.0,0.10529891,0.6358
Liver,jrc_mus-liver,crop1042,Chemical,21,5611,2872832.0,0.0029,2527,2756,161728.0,176384.0,0.05629567,0.6043
Liver,jrc_mus-liver,crop1042,Chemical,22,941,481792.0,0.0005,551,744,35264.0,47616.0,0.07319341,0.8428
Liver,jrc_mus-liver,crop1042,Chemical,23,5000,2560000.0,0.0026,2520,2636,161280.0,168704.0,0.063,0.5611
Liver,jrc_mus-liver,crop1042,Chemical,24,3692,1890304.0,0.0019,1924,2074,123136.0,132736.0,0.06514085,0.6004
Liver,jrc_mus-liver,crop1043,Chemical,1,2428191,1243233792.0,1.2432,178887,250140,11448768.0,16008960.0,0.00920886,0.4884
Liver,jrc_mus-liver,crop1043,Chemical,2,487445,249571840.0,0.2496,100635,116082,6440640.0,7429248.0,0.02580676,0.2976
Liver,jrc_mus-liver,crop1043,Chemical,3,2133,1092096.0,0.0011,1090,1548,69760.0,99072.0,0.06387717,0.7352
Liver,jrc_mus-liver,crop1043,Chemical,4,1826,934912.0,0.0009,890,1202,56960.0,76928.0,0.06092552,0.8118
Liver,jrc_mus-liver,crop1043,Chemical,5,2285989,1170426368.0,1.1704,270613,341852,17319232.0,21878528.0,0.01479737,0.3101
Liver,jrc_mus-liver,crop1043,Chemical,6,1660,849920.0,0.0008,896,1264,57344.0,80896.0,0.06746988,0.7567
Liver,jrc_mus-liver,crop1043,Chemical,7,158,80896.0,0.0001,226,226,14464.0,14464.0,0.17879747,0.6254
Liver,jrc_mus-liver,crop1043,Chemical,8,310,158720.0,0.0002,338,338,21632.0,21632.0,0.13629032,0.6554
Liver,jrc_mus-liver,crop1043,Chemical,9,114,58368.0,0.0001,174,174,11136.0,11136.0,0.19078947,0.6534
Liver,jrc_mus-liver,crop1043,Chemical,10,544,278528.0,0.0003,596,596,38144.0,38144.0,0.13694853,0.5407
Liver,jrc_mus-liver,crop1043,Chemical,11,137,70144.0,0.0001,208,208,13312.0,13312.0,0.18978102,0.6179
Liver,jrc_mus-liver,crop1043,Chemical,12,320092,163887104.0,0.1639,52778,66670,3377792.0,4266880.0,0.02061048,0.4288
Liver,jrc_mus-liver,crop1043,Chemical,13,608,311296.0,0.0003,439,620,28096.0,39680.0,0.09025493,0.7906
Liver,jrc_mus-liver,crop1043,Chemical,14,134,68608.0,0.0001,161,216,10304.0,13824.0,0.15018657,0.7866
Liver,jrc_mus-liver,crop1043,Chemical,15,592,303104.0,0.0003,534,534,34176.0,34176.0,0.11275338,0.6385
Liver,jrc_mus-liver,crop1043,Chemical,16,590,302080.0,0.0003,524,524,33536.0,33536.0,0.11101695,0.6492
Liver,jrc_mus-liver,crop1043,Chemical,17,16857,8630784.0,0.0086,7282,7478,466048.0,478592.0,0.05399834,0.4366
Liver,jrc_mus-liver,crop1043,Chemical,18,674,345088.0,0.0003,568,568,36352.0,36352.0,0.10534125,0.6545
Liver,jrc_mus-liver,crop1043,Chemical,19,19018,9737216.0,0.0097,6367,7324,407488.0,468736.0,0.04184851,0.5412
Liver,jrc_mus-liver,crop1043,Chemical,20,5712,2924544.0,0.0029,2270,2520,145280.0,161280.0,0.04967612,0.6807
Liver,jrc_mus-liver,crop1043,Chemical,21,14294,7318528.0,0.0073,4911,6290,314304.0,402560.0,0.04294634,0.58
Liver,jrc_mus-liver,crop1043,Chemical,23,228,116736.0,0.0001,282,282,18048.0,18048.0,0.15460526,0.64
Liver,jrc_mus-liver,crop1043,Chemical,25,1062,543744.0,0.0005,788,788,50432.0,50432.0,0.09274953,0.6388
Liver,jrc_mus-liver,crop1043,Chemical,26,641,328192.0,0.0003,562,562,35968.0,35968.0,0.10959438,0.6397
Liver,jrc_mus-liver,crop1043,Chemical,27,346,177152.0,0.0002,368,368,23552.0,23552.0,0.13294798,0.6477
Liver,jrc_mus-liver,crop1043,Chemical,28,167,85504.0,0.0001,170,224,10880.0,14336.0,0.12724551,0.8627
Liver,jrc_mus-liver,crop1043,Chemical,29,1422,728064.0,0.0007,758,1042,48512.0,66688.0,0.0666315,0.8068
Liver,jrc_mus-liver,crop1043,Chemical,30,369,188928.0,0.0002,380,380,24320.0,24320.0,0.12872629,0.6547
Liver,jrc_mus-liver,crop1043,Chemical,31,506,259072.0,0.0003,482,482,30848.0,30848.0,0.11907115,0.6371
Liver,jrc_mus-liver,crop1043,Chemical,32,8736,4472832.0,0.0045,3217,3618,205888.0,231552.0,0.04603079,0.6376
Liver,jrc_mus-liver,crop1043,Chemical,33,417,213504.0,0.0002,430,430,27520.0,27520.0,0.12889688,0.6277
Liver,jrc_mus-liver,crop1043,Chemical,34,1332,681984.0,0.0007,946,946,60544.0,60544.0,0.08877628,0.6189
Liver,jrc_mus-liver,crop1043,Chemical,35,378,193536.0,0.0002,380,380,24320.0,24320.0,0.12566138,0.6653
Liver,jrc_mus-liver,crop1043,Chemical,36,535,273920.0,0.0003,490,490,31360.0,31360.0,0.11448598,0.6504
Liver,jrc_mus-liver,crop1043,Chemical,37,607,310784.0,0.0003,548,548,35072.0,35072.0,0.11285008,0.6326
Liver,jrc_mus-liver,crop1043,Chemical,39,699,357888.0,0.0004,588,588,37632.0,37632.0,0.10515021,0.6478
Liver,jrc_mus-liver,crop1043,Chemical,40,652,333824.0,0.0003,566,566,36224.0,36224.0,0.10851227,0.6424
Liver,jrc_mus-liver,crop1043,Chemical,41,433,221696.0,0.0002,428,428,27392.0,27392.0,0.12355658,0.6467
Liver,jrc_mus-liver,crop1043,Chemical,42,992,507904.0,0.0005,640,916,40960.0,58624.0,0.08064516,0.7516
Liver,jrc_mus-liver,crop1043,Chemical,43,1824,933888.0,0.0009,1128,1128,72192.0,72192.0,0.07730263,0.64
Liver,jrc_mus-liver,crop1043,Chemical,44,404,206848.0,0.0002,418,418,26752.0,26752.0,0.12933168,0.6323
Liver,jrc_mus-liver,crop1043,Chemical,45,1108,567296.0,0.0006,810,810,51840.0,51840.0,0.09138087,0.6393
Liver,jrc_mus-liver,crop1043,Chemical,46,160,81920.0,0.0001,234,234,14976.0,14976.0,0.1828125,0.6091
Liver,jrc_mus-liver,crop1043,Chemical,47,202,103424.0,0.0001,260,260,16640.0,16640.0,0.16089109,0.6403
Liver,jrc_mus-liver,crop1043,Chemical,48,155217,79471104.0,0.0795,19756,26798,1264384.0,1715072.0,0.01590998,0.707
Liver,jrc_mus-liver,crop1043,Chemical,49,762,390144.0,0.0004,492,712,31488.0,45568.0,0.08070866,0.82
Liver,jrc_mus-liver,crop1043,Chemical,50,195,99840.0,0.0001,248,248,15872.0,15872.0,0.15897436,0.6557
Liver,jrc_mus-liver,crop1043,Chemical,51,34013,17414656.0,0.0174,9616,10566,615424.0,676224.0,0.03533943,0.5279
Liver,jrc_mus-liver,crop1043,Chemical,52,872,446464.0,0.0004,508,682,32512.0,43648.0,0.0728211,0.8689
Liver,jrc_mus-liver,crop1043,Chemical,53,8052,4122624.0,0.0041,3294,3758,210816.0,240512.0,0.05113636,0.5898
Liver,jrc_mus-liver,crop1043,Chemical,54,955,488960.0,0.0005,728,728,46592.0,46592.0,0.09528796,0.6442
Liver,jrc_mus-liver,crop1043,Chemical,55,16093,8239616.0,0.0082,6132,6132,392448.0,392448.0,0.0476294,0.5027
Liver,jrc_mus-liver,crop1043,Chemical,56,15241,7803392.0,0.0078,3288,6116,210432.0,391424.0,0.02696673,0.9041
Liver,jrc_mus-liver,crop1043,Chemical,57,8176,4186112.0,0.0042,2858,3438,182912.0,220032.0,0.04369496,0.6867
Liver,jrc_mus-liver,crop1043,Chemical,59,1515,775680.0,0.0008,673,1112,43072.0,71168.0,0.05552805,0.9479
Liver,jrc_mus-liver,crop1043,Chemical,60,193,98816.0,0.0001,250,250,16000.0,16000.0,0.1619171,0.646
Liver,jrc_mus-liver,crop1043,Chemical,61,11239,5754368.0,0.0058,3557,3914,227648.0,250496.0,0.0395609,0.6822
Liver,jrc_mus-liver,crop1043,Chemical,62,287,146944.0,0.0001,310,310,19840.0,19840.0,0.13501742,0.6788
Liver,jrc_mus-liver,crop1043,Chemical,63,3256,1667072.0,0.0017,1463,1846,93632.0,118144.0,0.05616554,0.7262
Liver,jrc_mus-liver,crop1043,Chemical,64,249,127488.0,0.0001,284,284,18176.0,18176.0,0.14257028,0.674
Liver,jrc_mus-liver,crop1043,Chemical,66,223,114176.0,0.0001,266,268,17024.0,17152.0,0.14910314,0.6686
Liver,jrc_mus-liver,crop1043,Chemical,67,2687,1375744.0,0.0014,1190,1568,76160.0,100352.0,0.05535914,0.7854
Liver,jrc_mus-liver,crop1043,Chemical,68,621,317952.0,0.0003,522,522,33408.0,33408.0,0.10507246,0.6743
Liver,jrc_mus-liver,crop1043,Chemical,69,277,141824.0,0.0001,330,330,21120.0,21120.0,0.14891697,0.6227
Liver,jrc_mus-liver,crop1043,Chemical,70,560,286720.0,0.0003,510,510,32640.0,32640.0,0.11383929,0.6442
Liver,jrc_mus-liver,crop1043,Chemical,71,975,499200.0,0.0005,639,856,40896.0,54784.0,0.08192308,0.7441
Liver,jrc_mus-liver,crop1043,Chemical,73,232,118784.0,0.0001,296,296,18944.0,18944.0,0.15948276,0.6169
Liver,jrc_mus-liver,crop1043,Chemical,75,2437,1247744.0,0.0012,1139,1502,72896.0,96128.0,0.05842224,0.7689
Liver,jrc_mus-liver,crop1043,Chemical,76,632,323584.0,0.0003,344,534,22016.0,34176.0,0.06803797,1.0353
Liver,jrc_mus-liver,crop1043,Chemical,77,785,401920.0,0.0004,490,634,31360.0,40576.0,0.07802548,0.8398
Liver,jrc_mus-liver,crop1043,Chemical,78,4495,2301440.0,0.0023,2067,3136,132288.0,200704.0,0.05748053,0.6372
Liver,jrc_mus-liver,crop1043,Chemical,79,312,159744.0,0.0002,222,340,14208.0,21760.0,0.08894231,1.0021
Liver,jrc_mus-liver,crop1043,Chemical,80,137,70144.0,0.0001,161,194,10304.0,12416.0,0.14689781,0.7982
Liver,jrc_mus-liver,crop1043,Chemical,81,158,80896.0,0.0001,168,236,10752.0,15104.0,0.13291139,0.8413
Liver,jrc_mus-liver,crop1044,Chemical,1,682584,349483008.0,0.3495,39548,77930,2531072.0,4987520.0,0.00724233,0.948
Liver,jrc_mus-liver,crop1044,Chemical,2,5502175,2817113600.0,2.8171,262815,418268,16820160.0,26769152.0,0.00597071,0.5735
Liver,jrc_mus-liver,crop1044,Chemical,3,3098,1586176.0,0.0016,1210,1556,77440.0,99584.0,0.04882182,0.8493
Liver,jrc_mus-liver,crop1044,Chemical,4,4712,2412544.0,0.0024,1526,2568,97664.0,164352.0,0.04048175,0.8907
Liver,jrc_mus-liver,crop1044,Chemical,5,649,332288.0,0.0003,577,668,36928.0,42752.0,0.11113251,0.6283
Liver,jrc_mus-liver,crop1044,Chemical,6,16326,8358912.0,0.0084,6591,6754,421824.0,432256.0,0.05046398,0.4722
Liver,jrc_mus-liver,crop1044,Chemical,7,660,337920.0,0.0003,512,576,32768.0,36864.0,0.0969697,0.716
Liver,jrc_mus-liver,crop1044,Chemical,8,318,162816.0,0.0002,342,342,21888.0,21888.0,0.13443396,0.6588
Liver,jrc_mus-liver,crop1044,Chemical,9,1326,678912.0,0.0007,954,954,61056.0,61056.0,0.08993213,0.6118
Liver,jrc_mus-liver,crop1044,Chemical,10,677,346624.0,0.0003,626,626,40064.0,40064.0,0.11558346,0.5956
Liver,jrc_mus-liver,crop1044,Chemical,11,782,400384.0,0.0004,544,782,34816.0,50048.0,0.08695652,0.7546
Liver,jrc_mus-liver,crop1044,Chemical,12,677,346624.0,0.0003,580,580,37120.0,37120.0,0.1070901,0.6429
Liver,jrc_mus-liver,crop1044,Chemical,13,1550,793600.0,0.0008,1158,1158,74112.0,74112.0,0.0933871,0.5593
Liver,jrc_mus-liver,crop1044,Chemical,14,2059,1054208.0,0.0011,1346,1346,86144.0,86144.0,0.08171442,0.5815
Liver,jrc_mus-liver,crop1044,Chemical,15,311,159232.0,0.0002,356,356,22784.0,22784.0,0.14308682,0.6236
Liver,jrc_mus-liver,crop1044,Chemical,16,539,275968.0,0.0003,484,484,30976.0,30976.0,0.1122449,0.6618
Liver,jrc_mus-liver,crop1044,Chemical,17,374,191488.0,0.0002,292,376,18688.0,24064.0,0.09759358,0.8597
Liver,jrc_mus-liver,crop1044,Chemical,18,1344,688128.0,0.0007,914,914,58496.0,58496.0,0.08500744,0.6444
Liver,jrc_mus-liver,crop1044,Chemical,21,667,341504.0,0.0003,676,676,43264.0,43264.0,0.12668666,0.5461
Liver,jrc_mus-liver,crop1044,Chemical,22,701,358912.0,0.0004,596,596,38144.0,38144.0,0.10627675,0.6403
Liver,jrc_mus-liver,crop1044,Chemical,23,501,256512.0,0.0003,478,478,30592.0,30592.0,0.11926148,0.6382
Liver,jrc_mus-liver,crop1044,Chemical,24,160,81920.0,0.0001,174,244,11136.0,15616.0,0.1359375,0.8191
Liver,jrc_mus-liver,crop1044,Chemical,25,544,278528.0,0.0003,500,500,32000.0,32000.0,0.11488971,0.6445
Liver,jrc_mus-liver,crop1044,Chemical,26,146,74752.0,0.0001,167,252,10688.0,16128.0,0.14297945,0.8029
Liver,jrc_mus-liver,crop1044,Chemical,27,2644,1353728.0,0.0014,1179,1426,75456.0,91264.0,0.05573941,0.7843
Liver,jrc_mus-liver,crop1044,Chemical,28,182,93184.0,0.0001,244,244,15616.0,15616.0,0.16758242,0.6365
Liver,jrc_mus-liver,crop1044,Chemical,29,146,74752.0,0.0001,212,212,13568.0,13568.0,0.18150685,0.6325
Liver,jrc_mus-liver,crop1044,Chemical,30,1078,551936.0,0.0006,814,814,52096.0,52096.0,0.09438776,0.6246
Liver,jrc_mus-liver,crop1044,Chemical,31,565,289280.0,0.0003,502,502,32128.0,32128.0,0.11106195,0.6584
Liver,jrc_mus-liver,crop1044,Chemical,32,4834,2475008.0,0.0025,1795,2286,114880.0,146304.0,0.04641601,0.7702
Liver,jrc_mus-liver,crop1044,Chemical,33,6564,3360768.0,0.0034,2450,3174,156800.0,203136.0,0.046656,0.692
Liver,jrc_mus-liver,crop1044,Chemical,34,1044,534528.0,0.0005,806,806,51584.0,51584.0,0.09650383,0.6175
Liver,jrc_mus-liver,crop1044,Chemical,35,222,113664.0,0.0001,272,272,17408.0,17408.0,0.15315315,0.6519
Liver,jrc_mus-liver,crop1044,Chemical,36,2849,1458688.0,0.0015,1698,1698,108672.0,108672.0,0.07449982,0.5724
Liver,jrc_mus-liver,crop1044,Chemical,37,1318,674816.0,0.0007,725,1018,46400.0,65152.0,0.06875948,0.8018
Liver,jrc_mus-liver,crop1044,Chemical,38,143,73216.0,0.0001,162,222,10368.0,14208.0,0.14160839,0.8163
Liver,jrc_mus-liver,crop1044,Chemical,39,4142,2120704.0,0.0021,1592,2106,101888.0,134784.0,0.04804442,0.7835
Liver,jrc_mus-liver,crop1044,Chemical,40,1070,547840.0,0.0005,512,784,32768.0,50176.0,0.05981308,0.9881
Liver,jrc_mus-liver,crop1044,Chemical,41,704,360448.0,0.0004,476,668,30464.0,42752.0,0.08451705,0.804
Liver,jrc_mus-liver-8,crop1123,Rapid HPF,1,3764398,1927371776.0,1.9274,67660,181648,4330240.0,11625472.0,0.00224671,1.7296
Liver,jrc_mus-liver-8,crop1123,Rapid HPF,2,4029361,2063032832.0,2.063,63528,182474,4065792.0,11678336.0,0.00197078,1.9276
Liver,jrc_mus-liver-8,crop1123,Rapid HPF,3,3618,1852416.0,0.0019,1598,1946,102272.0,124544.0,0.05521006,0.7132
Liver,jrc_mus-liver-8,crop1124,Rapid HPF,1,13444594,6883632128.0,6.8836,227550,522828,14563200.0,33460992.0,0.00211563,1.2016
Liver,jrc_mus-liver-8,crop1124,Rapid HPF,2,13969864,7152570368.0,7.1526,228741,529212,14639424.0,33869568.0,0.00204674,1.2263
Liver,jrc_mus-liver-8,crop1124,Rapid HPF,3,1316,673792.0,0.0007,980,980,62720.0,62720.0,0.09308511,0.5926
Liver,jrc_mus-liver-8,crop1124,Rapid HPF,4,13163,6739456.0,0.0067,5734,5734,366976.0,366976.0,0.05445187,0.4702
Liver,jrc_mus-liver-8,crop1124,Rapid HPF,5,1770,906240.0,0.0009,1094,1094,70016.0,70016.0,0.07725989,0.6468
Liver,jrc_mus-liver-8,crop1124,Rapid HPF,6,1476,755712.0,0.0008,1090,1090,69760.0,69760.0,0.0923103,0.5752
Liver,jrc_mus-liver-8,crop1124,Rapid HPF,7,116,59392.0,0.0001,148,208,9472.0,13312.0,0.15948276,0.7772
Liver,jrc_mus-liver-8,crop1124,Rapid HPF,8,9269,4745728.0,0.0047,4432,4432,283648.0,283648.0,0.05976912,0.4815
Liver,jrc_mus-liver-8,crop1124,Rapid HPF,9,125,64000.0,0.0001,190,230,12160.0,14720.0,0.19,0.6363
Liver,jrc_mus-liver-8,crop1124,Rapid HPF,10,15468,7919616.0,0.0079,5706,6838,365184.0,437632.0,0.04611133,0.5261
Liver,jrc_mus-liver-8,crop1125,Rapid HPF,1,2399147,1228363264.0,1.2284,76294,165624,4882816.0,10599936.0,0.00397506,1.136
Liver,jrc_mus-liver-8,crop1125,Rapid HPF,2,3394047,1737752064.0,1.7378,133736,200472,8559104.0,12830208.0,0.00492539,0.8167
Liver,jrc_mus-liver-8,crop1125,Rapid HPF,3,3890555,1991964160.0,1.992,77058,194518,4931712.0,12449152.0,0.0024758,1.5524
Liver,jrc_mus-liver-8,crop1126,Rapid HPF,1,26428636,13531461632.0,13.5315,260207,708620,16653248.0,45351680.0,0.00123071,1.649
Liver,jrc_mus-liver-8,crop1126,Rapid HPF,2,12728026,6516749312.0,6.5167,263238,565490,16847232.0,36191360.0,0.00258522,1.0015
Liver,jrc_mus-liver-8,crop1127,Rapid HPF,1,7802682,3994973184.0,3.995,120411,314368,7706304.0,20119552.0,0.001929,1.58
Liver,jrc_mus-liver-8,crop1127,Rapid HPF,2,2125914,1088467968.0,1.0885,77985,138502,4991040.0,8864128.0,0.00458538,1.0253
Liver,jrc_mus-liver-8,crop1127,Rapid HPF,3,252,129024.0,0.0001,190,290,12160.0,18560.0,0.09424603,1.0155
Liver,jrc_mus-liver-8,crop1127,Rapid HPF,4,2996030,1533967360.0,1.534,93305,204192,5971520.0,13068288.0,0.00389286,1.0772
Liver,jrc_mus-liver-8,crop1127,Rapid HPF,5,12456,6377472.0,0.0064,5316,5316,340224.0,340224.0,0.05334778,0.4888
Liver,jrc_mus-liver-8,crop1127,Rapid HPF,6,9713,4973056.0,0.005,3902,3902,249728.0,249728.0,0.05021621,0.5642
Liver,jrc_mus-liver-8,crop1127,Rapid HPF,7,6300,3225600.0,0.0032,2834,3080,181376.0,197120.0,0.05623016,0.5821
Liver,jrc_mus-liver-8,crop1127,Rapid HPF,8,5013,2566656.0,0.0026,2264,2264,144896.0,144896.0,0.05645322,0.6257
Liver,jrc_mus-liver-8,crop1071,Rapid HPF,1,2397541,1227540992.0,1.2275,140083,223832,8965312.0,14325248.0,0.00730347,0.6184
Liver,jrc_mus-liver-8,crop1071,Rapid HPF,2,10871734,5566327808.0,5.5663,881488,1060896,56415232.0,67897344.0,0.01013509,0.2692
Liver,jrc_mus-liver-8,crop1071,Rapid HPF,3,126352,64692224.0,0.0647,17581,23484,1125184.0,1502976.0,0.01739288,0.6926
Liver,jrc_mus-liver-8,crop1071,Rapid HPF,4,22190,11361280.0,0.0114,9742,10996,623488.0,703744.0,0.05487832,0.392
Liver,jrc_mus-liver-8,crop1071,Rapid HPF,5,1807452,925415424.0,0.9254,168015,196348,10752960.0,12566272.0,0.0116196,0.4271
Liver,jrc_mus-liver-8,crop1071,Rapid HPF,6,29080,14888960.0,0.0149,9017,10384,577088.0,664576.0,0.03875946,0.5072
Liver,jrc_mus-liver-8,crop1071,Rapid HPF,7,26870,13757440.0,0.0138,5451,6578,348864.0,420992.0,0.02535821,0.7959
Liver,jrc_mus-liver-8,crop1071,Rapid HPF,8,4482,2294784.0,0.0023,2817,2890,180288.0,184960.0,0.07856426,0.4667
Liver,jrc_mus-liver-8,crop1071,Rapid HPF,9,2952,1511424.0,0.0015,2590,2618,165760.0,167552.0,0.10967141,0.3842
Liver,jrc_mus-liver-8,crop1071,Rapid HPF,10,85612,43833344.0,0.0438,23718,24712,1517952.0,1581568.0,0.03463008,0.3961
Liver,jrc_mus-liver-8,crop1071,Rapid HPF,11,53736,27512832.0,0.0275,8762,10440,560768.0,668160.0,0.02038205,0.7859
Liver,jrc_mus-liver-8,crop1071,Rapid HPF,12,557,285184.0,0.0003,414,514,26496.0,32896.0,0.09290844,0.7908
Liver,jrc_mus-liver-8,crop1071,Rapid HPF,13,1864,954368.0,0.001,1131,1700,72384.0,108800.0,0.07584496,0.6476
Liver,jrc_mus-liver-8,crop1071,Rapid HPF,14,2540,1300480.0,0.0013,1246,1530,79744.0,97920.0,0.0613189,0.7225
Liver,jrc_mus-liver-8,crop1071,Rapid HPF,15,132063,67616256.0,0.0676,29544,30442,1890816.0,1948288.0,0.02796393,0.4245
Liver,jrc_mus-liver-8,crop1071,Rapid HPF,16,94179,48219648.0,0.0482,27996,30870,1791744.0,1975680.0,0.03715797,0.3576
Liver,jrc_mus-liver-8,crop1071,Rapid HPF,17,23602,12084224.0,0.0121,7658,9564,490112.0,612096.0,0.040558,0.5196
Liver,jrc_mus-liver-8,crop1071,Rapid HPF,18,15018,7689216.0,0.0077,3695,4994,236480.0,319616.0,0.03075476,0.7967
Liver,jrc_mus-liver-8,crop1071,Rapid HPF,19,44173,22616576.0,0.0226,12970,13686,830080.0,875904.0,0.03670228,0.4659
Liver,jrc_mus-liver-8,crop1071,Rapid HPF,20,1639752,839553024.0,0.8396,250263,310532,16016832.0,19874048.0,0.01907781,0.2687
Liver,jrc_mus-liver-8,crop1071,Rapid HPF,21,6142,3144704.0,0.0031,2098,3142,134272.0,201088.0,0.04269782,0.7731
Liver,jrc_mus-liver-8,crop1071,Rapid HPF,22,6443,3298816.0,0.0033,2157,2828,138048.0,180992.0,0.04184774,0.7763
Liver,jrc_mus-liver-8,crop1071,Rapid HPF,23,11289,5779968.0,0.0058,4454,4668,285056.0,298752.0,0.04931792,0.5464
Liver,jrc_mus-liver-8,crop1071,Rapid HPF,24,1303,667136.0,0.0007,746,1098,47744.0,70272.0,0.07156562,0.7733
Liver,jrc_mus-liver-8,crop1071,Rapid HPF,25,14476,7411712.0,0.0074,5379,6118,344256.0,391552.0,0.04644757,0.534
Liver,jrc_mus-liver-8,crop1071,Rapid HPF,26,3706,1897472.0,0.0019,1625,1978,104000.0,126592.0,0.05480977,0.7127
Liver,jrc_mus-liver-8,crop1071,Rapid HPF,27,61473,31474176.0,0.0315,13785,14118,882240.0,903552.0,0.0280306,0.5464
Liver,jrc_mus-liver-8,crop1071,Rapid HPF,28,10754,5506048.0,0.0055,3850,4464,246400.0,285696.0,0.04475079,0.612
Liver,jrc_mus-liver-8,crop1071,Rapid HPF,29,114898,58827776.0,0.0588,26983,27360,1726912.0,1751040.0,0.02935538,0.4236
Liver,jrc_mus-liver-8,crop1071,Rapid HPF,30,50401,25805312.0,0.0258,16346,16476,1046144.0,1054464.0,0.04053987,0.4037
Liver,jrc_mus-liver-8,crop1071,Rapid HPF,31,113592,58159104.0,0.0582,24028,29226,1537792.0,1870464.0,0.02644112,0.4721
Liver,jrc_mus-liver-8,crop1071,Rapid HPF,32,33424,17113088.0,0.0171,11146,12224,713344.0,782336.0,0.04168412,0.4502
Liver,jrc_mus-liver-8,crop1071,Rapid HPF,33,90954,46568448.0,0.0466,21682,21682,1387648.0,1387648.0,0.02979803,0.4511
Liver,jrc_mus-liver-8,crop1071,Rapid HPF,34,12348,6322176.0,0.0063,5540,5540,354560.0,354560.0,0.05608196,0.4663
Liver,jrc_mus-liver-8,crop1071,Rapid HPF,35,12439,6368768.0,0.0064,4892,4892,313088.0,313088.0,0.0491599,0.5307
Liver,jrc_mus-liver-8,crop1071,Rapid HPF,36,14800,7577600.0,0.0076,5554,5554,355456.0,355456.0,0.04690878,0.5249
Liver,jrc_mus-liver-8,crop1071,Rapid HPF,37,4862,2489344.0,0.0025,2200,2200,140800.0,140800.0,0.05656109,0.6309
Liver,jrc_mus-liver-8,crop1071,Rapid HPF,38,17645,9034240.0,0.009,5861,6856,375104.0,438784.0,0.04152026,0.5592
Liver,jrc_mus-liver-8,crop1071,Rapid HPF,39,18016,9224192.0,0.0092,6376,6376,408064.0,408064.0,0.04423845,0.5212
Liver,jrc_mus-liver-8,crop1071,Rapid HPF,40,8494,4348928.0,0.0043,3502,3502,224128.0,224128.0,0.05153638,0.5749
Liver,jrc_mus-liver-8,crop1071,Rapid HPF,41,608,311296.0,0.0003,508,800,32512.0,51200.0,0.10444079,0.6832
Liver,jrc_mus-liver-8,crop1071,Rapid HPF,42,7054,3611648.0,0.0036,3016,3188,193024.0,204032.0,0.05344485,0.5898
Liver,jrc_mus-liver-8,crop1071,Rapid HPF,43,19597,10033664.0,0.01,11577,12408,740928.0,794112.0,0.07384421,0.3036
Liver,jrc_mus-liver-8,crop1071,Rapid HPF,44,6322,3236864.0,0.0032,2838,2838,181632.0,181632.0,0.05611357,0.5826
Liver,jrc_mus-liver-8,crop1071,Rapid HPF,45,9232,4726784.0,0.0047,3752,3752,240128.0,240128.0,0.05080156,0.5672
Liver,jrc_mus-liver-8,crop1071,Rapid HPF,46,20380,10434560.0,0.0104,11739,11910,751296.0,762240.0,0.07200074,0.3074
Liver,jrc_mus-liver-8,crop1071,Rapid HPF,47,3721,1905152.0,0.0019,1513,2024,96832.0,129536.0,0.05082639,0.7675
Liver,jrc_mus-liver-8,crop1071,Rapid HPF,48,21762,11142144.0,0.0111,7376,7376,472064.0,472064.0,0.04236743,0.511
Liver,jrc_mus-liver-8,crop1071,Rapid HPF,49,1327,679424.0,0.0007,918,918,58752.0,58752.0,0.08647325,0.6361
Liver,jrc_mus-liver-8,crop1071,Rapid HPF,50,19442,9954304.0,0.01,7218,7218,461952.0,461952.0,0.04640726,0.4844
Liver,jrc_mus-liver-8,crop1071,Rapid HPF,51,2911,1490432.0,0.0015,2618,2618,167552.0,167552.0,0.11241841,0.3766
Liver,jrc_mus-liver-8,crop1071,Rapid HPF,52,5174,2649088.0,0.0026,2990,2990,191360.0,191360.0,0.07223618,0.4838
Liver,jrc_mus-liver-8,crop1071,Rapid HPF,53,18060,9246720.0,0.0092,5972,5972,382208.0,382208.0,0.04133444,0.5574
Liver,jrc_mus-liver-8,crop1071,Rapid HPF,54,43839,22445568.0,0.0224,11492,11492,735488.0,735488.0,0.03276763,0.5232
Liver,jrc_mus-liver-8,crop1071,Rapid HPF,55,20621,10557952.0,0.0106,8358,8358,534912.0,534912.0,0.05066437,0.4351
Liver,jrc_mus-liver-8,crop1071,Rapid HPF,56,16552,8474624.0,0.0085,5869,6724,375616.0,430336.0,0.04432244,0.5352
Liver,jrc_mus-liver-8,crop1071,Rapid HPF,57,10925,5593600.0,0.0056,3882,3882,248448.0,248448.0,0.04441648,0.6134
Liver,jrc_mus-liver-8,crop1071,Rapid HPF,58,45931,23516672.0,0.0235,10508,10508,672512.0,672512.0,0.02859724,0.5902
Liver,jrc_mus-liver-8,crop1071,Rapid HPF,59,6983,3575296.0,0.0036,2826,2826,180864.0,180864.0,0.05058714,0.6252
Liver,jrc_mus-liver-8,crop1071,Rapid HPF,60,93848,48050176.0,0.0481,18426,18426,1179264.0,1179264.0,0.02454235,0.542
Liver,jrc_mus-liver-8,crop1071,Rapid HPF,61,15392,7880704.0,0.0079,7718,7718,493952.0,493952.0,0.06267866,0.3877
Liver,jrc_mus-liver-8,crop1071,Rapid HPF,62,18532,9488384.0,0.0095,5288,5288,338432.0,338432.0,0.03566803,0.6404
Liver,jrc_mus-liver-8,crop1071,Rapid HPF,63,104999,53759488.0,0.0538,24512,27380,1568768.0,1752320.0,0.02918123,0.4391
Liver,jrc_mus-liver-8,crop1071,Rapid HPF,64,1992,1019904.0,0.001,1097,1270,70208.0,81280.0,0.06883785,0.6979
Liver,jrc_mus-liver-8,crop1071,Rapid HPF,65,10252,5249024.0,0.0052,3483,4120,222912.0,263680.0,0.04246732,0.6552
Liver,jrc_mus-liver-8,crop1071,Rapid HPF,66,7160,3665920.0,0.0037,3000,3000,192000.0,192000.0,0.0523743,0.5988
Liver,jrc_mus-liver-8,crop1071,Rapid HPF,67,2195,1123840.0,0.0011,1187,1416,75968.0,90624.0,0.06759681,0.6881
Liver,jrc_mus-liver-8,crop1071,Rapid HPF,68,197912,101330944.0,0.1013,29464,45878,1885696.0,2936192.0,0.01860928,0.5574
Liver,jrc_mus-liver-8,crop1071,Rapid HPF,69,17309,8862208.0,0.0089,5769,6294,369216.0,402816.0,0.04166185,0.5609
Liver,jrc_mus-liver-8,crop1071,Rapid HPF,70,18445,9443840.0,0.0094,5406,5810,345984.0,371840.0,0.03663594,0.6245
Liver,jrc_mus-liver-8,crop1071,Rapid HPF,71,23053,11803136.0,0.0118,6319,7346,404416.0,470144.0,0.03426344,0.6199
Liver,jrc_mus-liver-8,crop1071,Rapid HPF,72,106407,54480384.0,0.0545,21489,22396,1375296.0,1433344.0,0.02524387,0.5053
Liver,jrc_mus-liver-8,crop1071,Rapid HPF,73,6321,3236352.0,0.0032,2940,2940,188160.0,188160.0,0.05813953,0.5623
Liver,jrc_mus-liver-8,crop1071,Rapid HPF,74,14014,7175168.0,0.0072,4489,6258,287296.0,400512.0,0.04004032,0.6262
Liver,jrc_mus-liver-8,crop1071,Rapid HPF,75,9953,5095936.0,0.0051,3477,3694,222528.0,236416.0,0.04366774,0.6435
Liver,jrc_mus-liver-8,crop1071,Rapid HPF,76,16048,8216576.0,0.0082,5224,6414,334336.0,410496.0,0.04069043,0.589
Liver,jrc_mus-liver-8,crop1071,Rapid HPF,77,22859,11703808.0,0.0117,8040,8040,514560.0,514560.0,0.04396518,0.4845
Liver,jrc_mus-liver-8,crop1071,Rapid HPF,78,7815,4001280.0,0.004,3458,3458,221312.0,221312.0,0.0553103,0.5507
Liver,jrc_mus-liver-8,crop1071,Rapid HPF,79,16854,8629248.0,0.0086,5318,6654,340352.0,425856.0,0.03944168,0.5978
Liver,jrc_mus-liver-8,crop1071,Rapid HPF,80,1952,999424.0,0.001,945,1370,60480.0,87680.0,0.06051486,0.7993
Liver,jrc_mus-liver-8,crop1071,Rapid HPF,81,1471,753152.0,0.0008,778,1036,49792.0,66304.0,0.06611149,0.804
Liver,jrc_mus-liver-8,crop1071,Rapid HPF,82,22531,11535872.0,0.0115,5940,6868,380160.0,439552.0,0.0329546,0.6495
Liver,jrc_mus-liver-8,crop1071,Rapid HPF,83,61035,31249920.0,0.0312,16618,16618,1063552.0,1063552.0,0.03403375,0.4511
Liver,jrc_mus-liver-8,crop1071,Rapid HPF,84,54950,28134400.0,0.0281,12403,13452,793792.0,860928.0,0.02821429,0.5636
Liver,jrc_mus-liver-8,crop1071,Rapid HPF,85,25286,12946432.0,0.0129,10000,10000,640000.0,640000.0,0.04943447,0.4166
Liver,jrc_mus-liver-8,crop1071,Rapid HPF,86,11667,5973504.0,0.006,5872,5872,375808.0,375808.0,0.06291249,0.4236
Liver,jrc_mus-liver-8,crop1071,Rapid HPF,87,624,319488.0,0.0003,442,562,28288.0,35968.0,0.08854167,0.7989
Liver,jrc_mus-liver-8,crop1071,Rapid HPF,88,4640,2375680.0,0.0024,2352,2604,150528.0,166656.0,0.06336207,0.572
Liver,jrc_mus-liver-8,crop1071,Rapid HPF,89,2137,1094144.0,0.0011,916,1420,58624.0,90880.0,0.05357978,0.8759
Liver,jrc_mus-liver-8,crop1071,Rapid HPF,90,29470,15088640.0,0.0151,7304,7304,467456.0,467456.0,0.03098066,0.6317
Liver,jrc_mus-liver-8,crop1071,Rapid HPF,91,3110,1592320.0,0.0016,1507,1752,96448.0,112128.0,0.06057074,0.6837
Liver,jrc_mus-liver-8,crop1071,Rapid HPF,92,10658,5456896.0,0.0055,3369,4836,215616.0,309504.0,0.03951257,0.6952
Liver,jrc_mus-liver-8,crop1071,Rapid HPF,93,1790,916480.0,0.0009,1003,1440,64192.0,92160.0,0.0700419,0.7108
Liver,jrc_mus-liver-8,crop1071,Rapid HPF,94,2506,1283072.0,0.0013,1304,1894,83456.0,121216.0,0.06504389,0.6842
Liver,jrc_mus-liver-8,crop1071,Rapid HPF,95,9816,5025792.0,0.005,3458,3458,221312.0,221312.0,0.04403525,0.6411
Liver,jrc_mus-liver-8,crop1071,Rapid HPF,96,15517,7944704.0,0.0079,4654,4654,297856.0,297856.0,0.03749114,0.6464
Liver,jrc_mus-liver-8,crop1071,Rapid HPF,97,4121,2109952.0,0.0021,1797,2518,115008.0,161152.0,0.0545074,0.6917
Liver,jrc_mus-liver-8,crop1071,Rapid HPF,98,52732,26998784.0,0.027,17298,18434,1107072.0,1179776.0,0.04100451,0.3931
Liver,jrc_mus-liver-8,crop1071,Rapid HPF,99,8602,4404224.0,0.0044,3651,3712,233664.0,237568.0,0.05305452,0.5561
Liver,jrc_mus-liver-8,crop1071,Rapid HPF,100,29196,14948352.0,0.0149,6831,7706,437184.0,493184.0,0.0292463,0.6712
Liver,jrc_mus-liver-8,crop1071,Rapid HPF,101,6125,3136000.0,0.0031,4215,4280,269760.0,273920.0,0.08602041,0.3841
Liver,jrc_mus-liver-8,crop1071,Rapid HPF,102,33757,17283584.0,0.0173,6805,9592,435520.0,613888.0,0.02519848,0.7423
Liver,jrc_mus-liver-8,crop1071,Rapid HPF,103,20675,10585600.0,0.0106,5676,5676,363264.0,363264.0,0.03431681,0.6418
Liver,jrc_mus-liver-8,crop1071,Rapid HPF,104,6971,3569152.0,0.0036,2143,2754,137152.0,176256.0,0.03842705,0.8235
Liver,jrc_mus-liver-8,crop1071,Rapid HPF,105,1396,714752.0,0.0007,952,952,60928.0,60928.0,0.08524355,0.6345
Liver,jrc_mus-liver-8,crop1071,Rapid HPF,106,3604,1845248.0,0.0018,2070,2070,132480.0,132480.0,0.07179523,0.5492
Liver,jrc_mus-liver-8,crop1071,Rapid HPF,107,2093,1071616.0,0.0011,918,1246,58752.0,79744.0,0.05482561,0.862
Liver,jrc_mus-liver-8,crop1071,Rapid HPF,108,7159,3665408.0,0.0037,2236,2724,143104.0,174336.0,0.03904177,0.8034
Liver,jrc_mus-liver-8,crop1072,Rapid HPF,1,22901297,11725464064.0,11.7255,223911,633082,14330304.0,40517248.0,0.00122215,1.7417
Liver,jrc_mus-liver-8,crop1072,Rapid HPF,2,1082,553984.0,0.0006,593,854,37952.0,54656.0,0.06850739,0.8595
Liver,jrc_mus-liver-8,crop1072,Rapid HPF,3,3011987,1542137344.0,1.5421,153757,258442,9840448.0,16540288.0,0.00638105,0.656
Liver,jrc_mus-liver-8,crop1072,Rapid HPF,4,3069,1571328.0,0.0016,1493,1772,95552.0,113408.0,0.06080971,0.6841
Liver,jrc_mus-liver-8,crop1072,Rapid HPF,5,945,483840.0,0.0005,621,856,39744.0,54784.0,0.08214286,0.7499
Liver,jrc_mus-liver-8,crop1072,Rapid HPF,6,2030,1039360.0,0.001,1166,1462,74624.0,93568.0,0.07179803,0.6649
Liver,jrc_mus-liver-8,crop1072,Rapid HPF,7,220,112640.0,0.0001,236,346,15104.0,22144.0,0.13409091,0.7468
Liver,jrc_mus-liver-8,crop1072,Rapid HPF,8,1911,978432.0,0.001,1241,1524,79424.0,97536.0,0.08117478,0.6001
Liver,jrc_mus-liver-8,crop1072,Rapid HPF,9,130,66560.0,0.0001,156,212,9984.0,13568.0,0.15,0.7955
Liver,jrc_mus-liver-8,crop1072,Rapid HPF,10,3094,1584128.0,0.0016,1435,1852,91840.0,118528.0,0.05797511,0.7156
Liver,jrc_mus-liver-8,crop1072,Rapid HPF,11,1115,570880.0,0.0006,791,922,50624.0,59008.0,0.08867713,0.6574
Liver,jrc_mus-liver-8,crop1072,Rapid HPF,12,118,60416.0,0.0001,185,262,11840.0,16768.0,0.19597458,0.6289
Liver,jrc_mus-liver-8,crop1072,Rapid HPF,13,4978,2548736.0,0.0025,2411,2642,154304.0,169088.0,0.06054138,0.5848
Liver,jrc_mus-liver-8,crop1072,Rapid HPF,14,1382,707584.0,0.0007,813,1018,52032.0,65152.0,0.07353473,0.738
Liver,jrc_mus-liver-8,crop1072,Rapid HPF,15,1418,726016.0,0.0007,910,1034,58240.0,66176.0,0.08021862,0.6707
Liver,jrc_mus-liver-8,crop1072,Rapid HPF,16,687,351744.0,0.0004,510,608,32640.0,38912.0,0.09279476,0.7383
Liver,jrc_mus-liver-8,crop1072,Rapid HPF,17,4827,2471424.0,0.0025,3204,3204,205056.0,205056.0,0.08297079,0.4311
Liver,jrc_mus-liver-8,crop1072,Rapid HPF,18,1740,890880.0,0.0009,1330,1330,85120.0,85120.0,0.09554598,0.526
Liver,jrc_mus-liver-8,crop1072,Rapid HPF,19,1059,542208.0,0.0005,868,868,55552.0,55552.0,0.10245515,0.5788
Liver,jrc_mus-liver-8,crop1072,Rapid HPF,20,2420,1239040.0,0.0012,1742,1742,111488.0,111488.0,0.08997934,0.5004
Liver,jrc_mus-liver-8,crop1073,Rapid HPF,1,9457772,4842379264.0,4.8424,147202,360764,9420928.0,23088896.0,0.00194552,1.4693
Liver,jrc_mus-liver-8,crop1073,Rapid HPF,2,6342493,3247356416.0,3.2474,409843,501110,26229952.0,32071040.0,0.00807732,0.4043
Liver,jrc_mus-liver-8,crop1073,Rapid HPF,3,24172,12376064.0,0.0124,9760,11310,624640.0,723840.0,0.05047162,0.4142
Liver,jrc_mus-liver-8,crop1073,Rapid HPF,4,28372,14526464.0,0.0145,10060,10636,643840.0,680704.0,0.04432187,0.4472
Liver,jrc_mus-liver-8,crop1073,Rapid HPF,5,6148,3147776.0,0.0031,2907,3104,186048.0,198656.0,0.05910459,0.5583
Liver,jrc_mus-liver-8,crop1073,Rapid HPF,6,5189,2656768.0,0.0027,2088,2658,133632.0,170112.0,0.05029871,0.6942
Liver,jrc_mus-liver-8,crop1073,Rapid HPF,7,5335,2731520.0,0.0027,2586,2766,165504.0,177024.0,0.06059044,0.571
Liver,jrc_mus-liver-8,crop1073,Rapid HPF,8,4623,2366976.0,0.0024,2187,2456,139968.0,157184.0,0.05913368,0.6136
Liver,jrc_mus-liver-8,crop1073,Rapid HPF,9,1972,1009664.0,0.001,764,1166,48896.0,74624.0,0.04842799,0.9954
Liver,jrc_mus-liver-8,crop1073,Rapid HPF,10,1223,626176.0,0.0006,701,986,44864.0,63104.0,0.07164759,0.789
Liver,jrc_mus-liver-8,crop1073,Rapid HPF,11,10839,5549568.0,0.0055,4357,4570,278848.0,292480.0,0.05024679,0.5436
Liver,jrc_mus-liver-8,crop1073,Rapid HPF,12,7195800,3684249600.0,3.6842,280108,455882,17926912.0,29176448.0,0.00486582,0.6435
Liver,jrc_mus-liver-8,crop1073,Rapid HPF,13,4198,2149376.0,0.0021,1840,2038,117760.0,130432.0,0.05478799,0.684
Liver,jrc_mus-liver-8,crop1073,Rapid HPF,14,1152,589824.0,0.0006,727,1050,46528.0,67200.0,0.07888455,0.731
Liver,jrc_mus-liver-8,crop1073,Rapid HPF,15,2465,1262080.0,0.0013,1146,1462,73344.0,93568.0,0.05811359,0.77
Liver,jrc_mus-liver-8,crop1073,Rapid HPF,16,1529,782848.0,0.0008,792,1066,50688.0,68224.0,0.0647482,0.8104
Liver,jrc_mus-liver-8,crop1073,Rapid HPF,17,2564,1312768.0,0.0013,1516,1668,97024.0,106752.0,0.07390796,0.5976
Liver,jrc_mus-liver-8,crop1073,Rapid HPF,18,7377,3777024.0,0.0038,2600,3224,166400.0,206336.0,0.04405585,0.7049
Liver,jrc_mus-liver-8,crop1073,Rapid HPF,19,2146,1098752.0,0.0011,1326,1326,84864.0,84864.0,0.07723672,0.6068
Liver,jrc_mus-liver-8,crop1073,Rapid HPF,20,213,109056.0,0.0001,215,306,13760.0,19584.0,0.12617371,0.8022
Liver,jrc_mus-liver-8,crop1073,Rapid HPF,21,7304,3739648.0,0.0037,3500,3500,224000.0,224000.0,0.05989869,0.5201
Liver,jrc_mus-liver-8,crop1073,Rapid HPF,22,12020,6154240.0,0.0062,4733,5106,302912.0,326784.0,0.04922005,0.5361
Liver,jrc_mus-liver-8,crop1073,Rapid HPF,23,4237,2169344.0,0.0022,2388,2388,152832.0,152832.0,0.07045079,0.5303
Liver,jrc_mus-liver-8,crop1073,Rapid HPF,24,161,82432.0,0.0001,142,250,9088.0,16000.0,0.11024845,1.0079
Liver,jrc_mus-liver-8,crop1073,Rapid HPF,25,2180,1116160.0,0.0011,1540,1540,98560.0,98560.0,0.08830275,0.528
Liver,jrc_mus-liver-8,crop1073,Rapid HPF,26,146,74752.0,0.0001,183,278,11712.0,17792.0,0.15667808,0.7327
Liver,jrc_mus-liver-8,crop1073,Rapid HPF,27,4965,2542080.0,0.0025,2662,2744,170368.0,175616.0,0.06701913,0.5287
Liver,jrc_mus-liver-8,crop1073,Rapid HPF,28,2326,1190912.0,0.0012,1434,1652,91776.0,105728.0,0.07706363,0.592
Liver,jrc_mus-liver-8,crop1073,Rapid HPF,29,2717,1391104.0,0.0014,1264,1460,80896.0,93440.0,0.05815237,0.745
Liver,jrc_mus-liver-8,crop1073,Rapid HPF,30,1520,778240.0,0.0008,833,954,53312.0,61056.0,0.06850329,0.7675
Liver,jrc_mus-liver-8,crop1073,Rapid HPF,31,1232,630784.0,0.0006,579,920,37056.0,58880.0,0.05874594,0.9599
Liver,jrc_mus-liver-8,crop1073,Rapid HPF,32,158,80896.0,0.0001,153,262,9792.0,16768.0,0.1210443,0.9238
Liver,jrc_mus-liver-8,crop1074,Rapid HPF,1,20947681,10725212672.0,10.7252,270834,640434,17333376.0,40987776.0,0.00161613,1.3569
Liver,jrc_mus-liver-8,crop1074,Rapid HPF,2,2254604,1154357248.0,1.1544,219203,288124,14028992.0,18439936.0,0.01215308,0.3793
Liver,jrc_mus-liver-8,crop1074,Rapid HPF,3,3509,1796608.0,0.0018,1481,1786,94784.0,114304.0,0.0527572,0.754
Liver,jrc_mus-liver-8,crop1074,Rapid HPF,4,1924,985088.0,0.001,1099,1220,70336.0,78080.0,0.07140073,0.6807
Liver,jrc_mus-liver-8,crop1074,Rapid HPF,5,1870,957440.0,0.001,1087,1190,69568.0,76160.0,0.07266043,0.6753
Liver,jrc_mus-liver-8,crop1074,Rapid HPF,6,369,188928.0,0.0002,266,430,17024.0,27520.0,0.0901084,0.9353
Liver,jrc_mus-liver-8,crop1074,Rapid HPF,7,10744,5500928.0,0.0055,4621,5200,295744.0,332800.0,0.05376257,0.5096
Liver,jrc_mus-liver-8,crop1074,Rapid HPF,8,1685,862720.0,0.0009,899,1248,57536.0,79872.0,0.06669139,0.7617
Liver,jrc_mus-liver-8,crop1074,Rapid HPF,9,5494,2812928.0,0.0028,2218,2666,141952.0,170624.0,0.05046414,0.6789
Liver,jrc_mus-liver-8,crop1074,Rapid HPF,10,762,390144.0,0.0004,527,732,33728.0,46848.0,0.08645013,0.7656
Liver,jrc_mus-liver-8,crop1074,Rapid HPF,11,906517,464136704.0,0.4641,118604,169692,7590656.0,10860288.0,0.01635435,0.3819
Liver,jrc_mus-liver-8,crop1074,Rapid HPF,12,6925,3545600.0,0.0035,3103,3332,198592.0,213248.0,0.05601083,0.5662
Liver,jrc_mus-liver-8,crop1074,Rapid HPF,13,2468,1263616.0,0.0013,1345,1520,86080.0,97280.0,0.06812196,0.6566
Liver,jrc_mus-liver-8,crop1074,Rapid HPF,14,694,355328.0,0.0004,384,626,24576.0,40064.0,0.06916427,0.9872
Liver,jrc_mus-liver-8,crop1074,Rapid HPF,15,10912,5586944.0,0.0056,4754,4920,304256.0,314880.0,0.05445839,0.5005
Liver,jrc_mus-liver-8,crop1074,Rapid HPF,16,2314,1184768.0,0.0012,1280,1426,81920.0,91264.0,0.06914434,0.661
Liver,jrc_mus-liver-8,crop1074,Rapid HPF,17,2803,1435136.0,0.0014,1356,1590,86784.0,101760.0,0.06047092,0.709
Liver,jrc_mus-liver-8,crop1074,Rapid HPF,18,2862,1465344.0,0.0015,1417,2068,90688.0,132352.0,0.06188854,0.688
Liver,jrc_mus-liver-8,crop1074,Rapid HPF,19,1515,775680.0,0.0008,794,1088,50816.0,69632.0,0.06551155,0.8034
Liver,jrc_mus-liver-8,crop1074,Rapid HPF,21,2654,1358848.0,0.0014,1362,1480,87168.0,94720.0,0.06414846,0.6806
Liver,jrc_mus-liver-8,crop1074,Rapid HPF,22,3744,1916928.0,0.0019,1891,2016,121024.0,129024.0,0.06313435,0.6166
Liver,jrc_mus-liver-8,crop1074,Rapid HPF,23,222,113664.0,0.0001,219,288,14016.0,18432.0,0.12331081,0.8096
Liver,jrc_mus-liver-8,crop1074,Rapid HPF,24,1963,1005056.0,0.001,982,1302,62848.0,83328.0,0.06253184,0.7721
Liver,jrc_mus-liver-8,crop1074,Rapid HPF,25,7490,3834880.0,0.0038,3307,3472,211648.0,222208.0,0.05519025,0.5598
Liver,jrc_mus-liver-8,crop1074,Rapid HPF,26,6505,3330560.0,0.0033,2978,3168,190592.0,202752.0,0.05722521,0.5659
Liver,jrc_mus-liver-8,crop1074,Rapid HPF,27,8742,4475904.0,0.0045,3882,3882,248448.0,248448.0,0.05550789,0.5287
Liver,jrc_mus-liver-8,crop1074,Rapid HPF,28,6820,3491840.0,0.0035,2523,2808,161472.0,179712.0,0.04624267,0.6893
Liver,jrc_mus-liver-8,crop1074,Rapid HPF,29,3163,1619456.0,0.0016,1588,1754,101632.0,112256.0,0.06275688,0.6562
Liver,jrc_mus-liver-8,crop1074,Rapid HPF,30,2723,1394176.0,0.0014,1433,2000,91712.0,128000.0,0.06578223,0.6581
Liver,jrc_mus-liver-8,crop1074,Rapid HPF,31,5596,2865152.0,0.0029,2168,2630,138752.0,168320.0,0.04842745,0.7031
Liver,jrc_mus-liver-8,crop1074,Rapid HPF,32,828,423936.0,0.0004,529,708,33856.0,45312.0,0.07986111,0.8061
Liver,jrc_mus-liver-8,crop1074,Rapid HPF,33,4286,2194432.0,0.0022,1938,2328,124032.0,148992.0,0.05652123,0.6584
Liver,jrc_mus-liver-8,crop1074,Rapid HPF,34,173,88576.0,0.0001,192,254,12288.0,16256.0,0.13872832,0.782
Liver,jrc_mus-liver-8,crop1074,Rapid HPF,35,4839,2477568.0,0.0025,2189,2342,140096.0,149888.0,0.05654577,0.632
Liver,jrc_mus-liver-8,crop1074,Rapid HPF,36,840,430080.0,0.0004,534,688,34176.0,44032.0,0.07946429,0.8062
Liver,jrc_mus-liver-8,crop1074,Rapid HPF,37,2140,1095680.0,0.0011,1303,1394,83392.0,89216.0,0.07610981,0.6163
Liver,jrc_mus-liver-8,crop1074,Rapid HPF,38,6713,3437056.0,0.0034,2888,3090,184832.0,197760.0,0.05377626,0.5959
Liver,jrc_mus-liver-8,crop1074,Rapid HPF,39,5751,2944512.0,0.0029,2869,3236,183616.0,207104.0,0.06235872,0.5411
Liver,jrc_mus-liver-8,crop1074,Rapid HPF,40,6291,3220992.0,0.0032,2468,2684,157952.0,171776.0,0.04903831,0.6678
Liver,jrc_mus-liver-8,crop1074,Rapid HPF,41,3480,1781760.0,0.0018,1545,1686,98880.0,107904.0,0.05549569,0.7188
Liver,jrc_mus-liver-8,crop1074,Rapid HPF,42,3911,2002432.0,0.002,1725,2068,110400.0,132352.0,0.05513296,0.6959
Liver,jrc_mus-liver-8,crop1074,Rapid HPF,43,2264,1159168.0,0.0012,1130,1306,72320.0,83584.0,0.06238958,0.7379
Liver,jrc_mus-liver-8,crop1074,Rapid HPF,44,557,285184.0,0.0003,418,538,26752.0,34432.0,0.0938061,0.7832
Liver,jrc_mus-liver-8,crop1075,Rapid HPF,1,19219360,9840312320.0,9.8403,249206,600862,15949184.0,38455168.0,0.0016208,1.3924
Liver,jrc_mus-liver-8,crop1075,Rapid HPF,2,6397832,3275689984.0,3.2757,222961,390356,14269504.0,24982784.0,0.00435618,0.7475
Liver,jrc_mus-liver-8,crop1075,Rapid HPF,3,840,430080.0,0.0004,716,716,45824.0,45824.0,0.10654762,0.6013
Liver,jrc_mus-liver-8,crop1075,Rapid HPF,4,1477,756224.0,0.0008,848,1090,54272.0,69760.0,0.0717671,0.7396
Liver,jrc_mus-liver-8,crop1075,Rapid HPF,5,1897,971264.0,0.001,1067,1210,68288.0,77440.0,0.07030838,0.6945
Liver,jrc_mus-liver-8,crop1075,Rapid HPF,6,1170,599040.0,0.0006,766,848,49024.0,54272.0,0.08183761,0.701
Liver,jrc_mus-liver-8,crop1075,Rapid HPF,7,4922,2520064.0,0.0025,2673,2800,171072.0,179200.0,0.06788399,0.5235
Liver,jrc_mus-liver-8,crop1075,Rapid HPF,8,177,90624.0,0.0001,191,274,12224.0,17536.0,0.13488701,0.7982
Liver,jrc_mus-liver-8,crop1075,Rapid HPF,9,2431,1244672.0,0.0012,1414,1414,90496.0,90496.0,0.07270671,0.6183
Liver,jrc_mus-liver-8,crop1075,Rapid HPF,10,4807,2461184.0,0.0025,3020,3020,193280.0,193280.0,0.07853131,0.4561
Liver,jrc_mus-liver-8,crop1075,Rapid HPF,12,213,109056.0,0.0001,215,290,13760.0,18560.0,0.12617371,0.8022
Liver,jrc_mus-liver-8,crop1075,Rapid HPF,13,3493,1788416.0,0.0018,1768,1768,113152.0,113152.0,0.0632694,0.6297
Liver,jrc_mus-liver-8,crop1075,Rapid HPF,14,4049,2073088.0,0.0021,2154,2154,137856.0,137856.0,0.0664979,0.5703
Liver,jrc_mus-liver-8,crop1075,Rapid HPF,15,5423,2776576.0,0.0028,2982,2982,190848.0,190848.0,0.06873502,0.5006
Liver,jrc_mus-liver-8,crop1075,Rapid HPF,16,9574,4901888.0,0.0049,4087,4408,261568.0,282112.0,0.05336066,0.5335
Liver,jrc_mus-liver-8,crop1075,Rapid HPF,17,3288,1683456.0,0.0017,1730,1730,110720.0,110720.0,0.06576946,0.6181
Liver,jrc_mus-liver-8,crop1075,Rapid HPF,18,1581,809472.0,0.0008,1106,1106,70784.0,70784.0,0.08744466,0.5934
Liver,jrc_mus-liver-8,crop1075,Rapid HPF,19,5285,2705920.0,0.0027,2469,2690,158016.0,172160.0,0.0583964,0.5943
Liver,jrc_mus-liver-8,crop1075,Rapid HPF,20,4060,2078720.0,0.0021,2230,2230,142720.0,142720.0,0.06865764,0.5519
Liver,jrc_mus-liver-8,crop1075,Rapid HPF,21,6572,3364864.0,0.0034,3384,3384,216576.0,216576.0,0.06436397,0.5014
Liver,jrc_mus-liver-8,crop1075,Rapid HPF,22,3102,1588224.0,0.0016,1876,1876,120064.0,120064.0,0.07559639,0.5483
Liver,jrc_mus-liver-8,crop1075,Rapid HPF,23,543,278016.0,0.0003,470,692,30080.0,44288.0,0.10819521,0.6848
Liver,jrc_mus-liver-8,crop1075,Rapid HPF,24,2403,1230336.0,0.0012,1744,1744,111616.0,111616.0,0.09071993,0.4975
Liver,jrc_mus-liver-8,crop1075,Rapid HPF,25,4558,2333696.0,0.0023,2256,2256,144384.0,144384.0,0.06186924,0.5893
Liver,jrc_mus-liver-8,crop1075,Rapid HPF,26,2849,1458688.0,0.0015,1644,1644,105216.0,105216.0,0.07213057,0.5912
Liver,jrc_mus-liver-8,crop1075,Rapid HPF,27,3252,1665024.0,0.0017,2090,2090,133760.0,133760.0,0.08033518,0.5079
Liver,jrc_mus-liver-8,crop1075,Rapid HPF,28,3893,1993216.0,0.002,2090,2090,133760.0,133760.0,0.06710763,0.5726
Liver,jrc_mus-liver-8,crop1075,Rapid HPF,29,244,124928.0,0.0001,370,370,23680.0,23680.0,0.18954918,0.5104
Liver,jrc_mus-liver-8,crop1075,Rapid HPF,30,5466,2798592.0,0.0028,2786,2786,178304.0,178304.0,0.06371204,0.5386
Liver,jrc_mus-liver-8,crop1075,Rapid HPF,31,978,500736.0,0.0005,772,772,49408.0,49408.0,0.09867076,0.6172
Liver,jrc_mus-liver-8,crop1075,Rapid HPF,32,2273,1163776.0,0.0012,1328,1328,84992.0,84992.0,0.07303124,0.6295
Liver,jrc_mus-liver-8,crop1075,Rapid HPF,33,1410,721920.0,0.0007,1036,1036,66304.0,66304.0,0.09184397,0.587
Liver,jrc_mus-liver-8,crop1075,Rapid HPF,34,192,98304.0,0.0001,224,322,14336.0,20608.0,0.14583333,0.7185
Liver,jrc_mus-liver-8,crop1075,Rapid HPF,35,4270,2186240.0,0.0022,2286,2286,146304.0,146304.0,0.06692037,0.5568
Liver,jrc_mus-liver-8,crop1075,Rapid HPF,36,3985,2040320.0,0.002,2072,2072,132608.0,132608.0,0.06499373,0.5867
Liver,jrc_mus-liver-8,crop1075,Rapid HPF,37,4355,2229760.0,0.0022,2181,2280,139584.0,145920.0,0.06260046,0.5913
Liver,jrc_mus-liver-8,crop1075,Rapid HPF,38,487,249344.0,0.0002,395,570,25280.0,36480.0,0.10138604,0.7578
Liver,jrc_mus-liver-8,crop1075,Rapid HPF,39,2397,1227264.0,0.0012,1582,1582,101248.0,101248.0,0.08249896,0.5475
Liver,jrc_mus-liver-8,crop1075,Rapid HPF,40,2082,1065984.0,0.0011,1320,1320,84480.0,84480.0,0.07925072,0.5974
Liver,jrc_mus-liver-8,crop1075,Rapid HPF,41,526,269312.0,0.0003,552,552,35328.0,35328.0,0.13117871,0.5709
Liver,jrc_mus-liver-8,crop1075,Rapid HPF,42,5443,2786816.0,0.0028,3180,3180,203520.0,203520.0,0.07302958,0.4706
Liver,jrc_mus-liver-8,crop1075,Rapid HPF,43,6122,3134464.0,0.0031,2888,2888,184832.0,184832.0,0.05896766,0.5604
Liver,jrc_mus-liver-8,crop1075,Rapid HPF,44,5081,2601472.0,0.0026,2760,2760,176640.0,176640.0,0.06790002,0.5179
Liver,jrc_mus-liver-8,crop1075,Rapid HPF,45,4874,2495488.0,0.0025,2746,2746,175744.0,175744.0,0.0704247,0.5063
Liver,jrc_mus-liver-8,crop1075,Rapid HPF,46,2264,1159168.0,0.0012,1654,1654,105856.0,105856.0,0.09132067,0.5041
Liver,jrc_mus-liver-8,crop1075,Rapid HPF,47,13382,6851584.0,0.0069,5846,5846,374144.0,374144.0,0.05460693,0.4663
Liver,jrc_mus-liver-8,crop1075,Rapid HPF,48,5073,2597376.0,0.0026,2167,2382,138688.0,152448.0,0.05339543,0.6589
Liver,jrc_mus-liver-8,crop1075,Rapid HPF,49,3661,1874432.0,0.0019,1734,1964,110976.0,125696.0,0.05920514,0.6625
Liver,jrc_mus-liver-8,crop1075,Rapid HPF,50,1962,1004544.0,0.001,991,1154,63424.0,73856.0,0.0631371,0.7648
Liver,jrc_mus-liver-8,crop1075,Rapid HPF,51,1203,615936.0,0.0006,767,936,49088.0,59904.0,0.07969659,0.7132
Liver,jrc_mus-liver-8,crop1075,Rapid HPF,52,4055,2076160.0,0.0021,1786,2456,114304.0,157184.0,0.05505549,0.6885
Liver,jrc_mus-liver-8,crop1075,Rapid HPF,53,681,348672.0,0.0003,463,572,29632.0,36608.0,0.08498532,0.8085
Liver,jrc_mus-liver-8,crop1075,Rapid HPF,54,313,160256.0,0.0002,318,386,20352.0,24704.0,0.12699681,0.7011
Liver,jrc_mus-liver-8,crop1075,Rapid HPF,55,280,143360.0,0.0001,288,376,18432.0,24064.0,0.12857143,0.7187
Cortex,jrc_mus-cortex-2,crop1116,Rapid HPF,1,66176,33882112.0,0.0339,9180,13026,587520.0,833664.0,0.01734012,0.8619
Cortex,jrc_mus-cortex-2,crop1116,Rapid HPF,2,16142,8264704.0,0.0083,6905,7548,441920.0,483072.0,0.05347076,0.4473
Cortex,jrc_mus-cortex-2,crop1116,Rapid HPF,3,46720,23920640.0,0.0239,13512,16350,864768.0,1046400.0,0.03615154,0.4643
Cortex,jrc_mus-cortex-2,crop1116,Rapid HPF,4,25298,12952576.0,0.013,7622,9326,487808.0,596864.0,0.03766108,0.5468
Cortex,jrc_mus-cortex-2,crop1116,Rapid HPF,5,149690,76641280.0,0.0766,28162,32186,1802368.0,2059904.0,0.02351693,0.4841
Cortex,jrc_mus-cortex-2,crop1116,Rapid HPF,6,1362366,697531392.0,0.6975,394328,408428,25236992.0,26139392.0,0.03618044,0.1507
Cortex,jrc_mus-cortex-2,crop1116,Rapid HPF,7,611887,313286144.0,0.3133,345282,351472,22098048.0,22494208.0,0.07053631,0.1009
Cortex,jrc_mus-cortex-2,crop1116,Rapid HPF,8,3314331,1696937472.0,1.6969,161578,198902,10340992.0,12729728.0,0.00609391,0.6653
Cortex,jrc_mus-cortex-2,crop1116,Rapid HPF,9,37836,19372032.0,0.0194,5929,9018,379456.0,577152.0,0.01958783,0.9193
Cortex,jrc_mus-cortex-2,crop1116,Rapid HPF,10,19187,9823744.0,0.0098,3924,6212,251136.0,397568.0,0.02556418,0.8833
Cortex,jrc_mus-cortex-2,crop1116,Rapid HPF,11,12738,6521856.0,0.0065,2549,4684,163136.0,299776.0,0.02501374,1.0348
Cortex,jrc_mus-cortex-2,crop1116,Rapid HPF,12,117742,60283904.0,0.0603,20379,25864,1304256.0,1655296.0,0.02163523,0.5701
Cortex,jrc_mus-cortex-2,crop1116,Rapid HPF,13,44350,22707200.0,0.0227,12254,14910,784256.0,954240.0,0.03453777,0.4945
Cortex,jrc_mus-cortex-2,crop1116,Rapid HPF,14,14461,7404032.0,0.0074,5315,6958,340160.0,445312.0,0.04594254,0.5401
Cortex,jrc_mus-cortex-2,crop1116,Rapid HPF,15,90960,46571520.0,0.0466,15476,15562,990464.0,995968.0,0.02126759,0.632
Cortex,jrc_mus-cortex-2,crop1116,Rapid HPF,16,172332,88233984.0,0.0882,26620,26836,1703680.0,1717504.0,0.01930866,0.5626
Cortex,jrc_mus-cortex-2,crop1116,Rapid HPF,17,114820,58787840.0,0.0588,33276,33708,2129664.0,2157312.0,0.03622627,0.3433
Cortex,jrc_mus-cortex-2,crop1116,Rapid HPF,18,2761,1413632.0,0.0014,1275,1678,81600.0,107392.0,0.05772365,0.7465
Cortex,jrc_mus-cortex-2,crop1116,Rapid HPF,19,1989499,1018623488.0,1.0186,169056,181330,10819584.0,11605120.0,0.01062177,0.4525
Cortex,jrc_mus-cortex-2,crop1116,Rapid HPF,20,236968,121327616.0,0.1213,49703,52646,3180992.0,3369344.0,0.0262182,0.3726
Cortex,jrc_mus-cortex-2,crop1116,Rapid HPF,21,94324,48293888.0,0.0483,19515,20198,1248960.0,1292672.0,0.02586166,0.5135
Cortex,jrc_mus-cortex-2,crop1116,Rapid HPF,22,869,444928.0,0.0004,466,766,29824.0,49024.0,0.06703107,0.945
Cortex,jrc_mus-cortex-2,crop1116,Rapid HPF,23,3539,1811968.0,0.0018,3939,4356,252096.0,278784.0,0.13912828,0.2851
Cortex,jrc_mus-cortex-2,crop1116,Rapid HPF,24,98846,50609152.0,0.0506,23567,24624,1508288.0,1575936.0,0.02980267,0.4387
Cortex,jrc_mus-cortex-2,crop1116,Rapid HPF,25,82205,42088960.0,0.0421,12890,16364,824960.0,1047296.0,0.01960039,0.7093
Cortex,jrc_mus-cortex-2,crop1116,Rapid HPF,26,137869,70588928.0,0.0706,37139,39268,2376896.0,2513152.0,0.03367236,0.3475
Cortex,jrc_mus-cortex-2,crop1116,Rapid HPF,27,95614,48954368.0,0.049,24625,29508,1576000.0,1888512.0,0.03219325,0.4106
Cortex,jrc_mus-cortex-2,crop1116,Rapid HPF,28,171,87552.0,0.0001,146,244,9344.0,15616.0,0.10672515,1.0205
Cortex,jrc_mus-cortex-2,crop1116,Rapid HPF,29,315549,161561088.0,0.1616,60386,73950,3864704.0,4732800.0,0.02392101,0.3712
Cortex,jrc_mus-cortex-2,crop1116,Rapid HPF,30,529024,270860288.0,0.2709,85241,90844,5455424.0,5814016.0,0.0201411,0.3711
Cortex,jrc_mus-cortex-2,crop1116,Rapid HPF,31,558440,285921280.0,0.2859,108084,108108,6917376.0,6918912.0,0.02419329,0.3034
Cortex,jrc_mus-cortex-2,crop1116,Rapid HPF,32,398949,204261888.0,0.2043,64878,65184,4152192.0,4171776.0,0.02032779,0.404
Cortex,jrc_mus-cortex-2,crop1116,Rapid HPF,34,244021,124938752.0,0.1249,40842,42354,2613888.0,2710656.0,0.02092136,0.4624
Cortex,jrc_mus-cortex-2,crop1116,Rapid HPF,35,522705,267624960.0,0.2676,147594,150506,9446016.0,9632384.0,0.03529572,0.2126
Cortex,jrc_mus-cortex-2,crop1116,Rapid HPF,37,70990,36346880.0,0.0363,33510,38726,2144640.0,2478464.0,0.05900479,0.2474
Cortex,jrc_mus-cortex-2,crop1116,Rapid HPF,38,169861,86968832.0,0.087,41639,43210,2664896.0,2765440.0,0.03064197,0.3562
Cortex,jrc_mus-cortex-2,crop1116,Rapid HPF,39,81908,41936896.0,0.0419,12567,22546,804288.0,1442944.0,0.01917853,0.7258
Cortex,jrc_mus-cortex-2,crop1116,Rapid HPF,40,507477,259828224.0,0.2598,59333,68672,3797312.0,4395008.0,0.0146147,0.5186
Cortex,jrc_mus-cortex-2,crop1116,Rapid HPF,41,149584,76587008.0,0.0766,39134,39182,2504576.0,2507648.0,0.03270236,0.3482
Cortex,jrc_mus-cortex-2,crop1116,Rapid HPF,42,288613,147769856.0,0.1478,53935,54034,3451840.0,3458176.0,0.02335957,0.3916
Cortex,jrc_mus-cortex-2,crop1116,Rapid HPF,43,132374,67775488.0,0.0678,23346,23564,1494144.0,1508096.0,0.02204549,0.538
Cortex,jrc_mus-cortex-2,crop1116,Rapid HPF,44,135273,69259776.0,0.0693,41316,41896,2644224.0,2681344.0,0.03817835,0.3084
Cortex,jrc_mus-cortex-2,crop1116,Rapid HPF,45,212950,109030400.0,0.109,40420,44148,2586880.0,2825472.0,0.02372623,0.4267
Cortex,jrc_mus-cortex-2,crop1116,Rapid HPF,46,1110,568320.0,0.0006,818,938,52352.0,60032.0,0.09211712,0.6338
Cortex,jrc_mus-cortex-2,crop1116,Rapid HPF,47,101401,51917312.0,0.0519,19341,19392,1237824.0,1241088.0,0.02384222,0.5437
Cortex,jrc_mus-cortex-2,crop1116,Rapid HPF,48,292147,149579264.0,0.1496,50916,54952,3258624.0,3516928.0,0.02178527,0.4182
Cortex,jrc_mus-cortex-2,crop1116,Rapid HPF,49,217825,111526400.0,0.1115,38337,45110,2453568.0,2887040.0,0.02199989,0.4567
Cortex,jrc_mus-cortex-2,crop1116,Rapid HPF,50,593366,303803392.0,0.3038,83204,84002,5325056.0,5376128.0,0.01752797,0.4104
Cortex,jrc_mus-cortex-2,crop1116,Rapid HPF,51,98095,50224640.0,0.0502,20510,23926,1312640.0,1531264.0,0.02613538,0.5015
Cortex,jrc_mus-cortex-2,crop1116,Rapid HPF,52,258899,132556288.0,0.1326,47557,49508,3043648.0,3168512.0,0.02296117,0.4131
Cortex,jrc_mus-cortex-2,crop1116,Rapid HPF,53,48337,24748544.0,0.0247,12035,12064,770240.0,772096.0,0.03112264,0.5332
Cortex,jrc_mus-cortex-2,crop1116,Rapid HPF,54,1524797,780696064.0,0.7807,149619,153248,9575616.0,9807872.0,0.01226549,0.4282
Cortex,jrc_mus-cortex-2,crop1116,Rapid HPF,55,134362,68793344.0,0.0688,36894,38704,2361216.0,2477056.0,0.03432332,0.3439
Cortex,jrc_mus-cortex-2,crop1116,Rapid HPF,56,554225,283763200.0,0.2838,105645,106640,6761280.0,6824960.0,0.02382719,0.3089
Cortex,jrc_mus-cortex-2,crop1116,Rapid HPF,57,217553,111387136.0,0.1114,46322,46492,2964608.0,2975488.0,0.02661535,0.3776
Cortex,jrc_mus-cortex-2,crop1116,Rapid HPF,58,362295,185495040.0,0.1855,54489,54786,3487296.0,3506304.0,0.01879994,0.451
Cortex,jrc_mus-cortex-2,crop1116,Rapid HPF,59,146766,75144192.0,0.0751,55116,56130,3527424.0,3592320.0,0.04694207,0.2441
Cortex,jrc_mus-cortex-2,crop1116,Rapid HPF,60,1874875,959936000.0,0.9599,155322,162618,9940608.0,10407552.0,0.01035549,0.4734
Cortex,jrc_mus-cortex-2,crop1116,Rapid HPF,61,798335,408747520.0,0.4087,83545,84038,5346880.0,5378432.0,0.01308113,0.4981
Cortex,jrc_mus-cortex-2,crop1116,Rapid HPF,62,1570535,804113920.0,0.8041,411290,427242,26322560.0,27343488.0,0.03273486,0.1589
Cortex,jrc_mus-cortex-2,crop1116,Rapid HPF,63,613416,314068992.0,0.3141,78031,81538,4993984.0,5218432.0,0.01590091,0.4474
Cortex,jrc_mus-cortex-2,crop1116,Rapid HPF,64,897011,459269632.0,0.4593,227930,236876,14587520.0,15160064.0,0.03176243,0.1973
Cortex,jrc_mus-cortex-2,crop1116,Rapid HPF,65,195374,100031488.0,0.1,162382,164858,10392448.0,10550912.0,0.10389177,0.1003
Cortex,jrc_mus-cortex-2,crop1116,Rapid HPF,66,2545143,1303113216.0,1.3031,171835,198864,10997440.0,12727296.0,0.00843936,0.5246
Cortex,jrc_mus-cortex-2,crop1116,Rapid HPF,67,272181,139356672.0,0.1394,105013,108074,6720832.0,6916736.0,0.04822756,0.1934
Cortex,jrc_mus-cortex-2,crop1116,Rapid HPF,68,182496,93437952.0,0.0934,46002,46674,2944128.0,2987136.0,0.03150891,0.3382
Cortex,jrc_mus-cortex-2,crop1116,Rapid HPF,69,58955,30184960.0,0.0302,14594,14678,934016.0,939392.0,0.03094309,0.5019
Cortex,jrc_mus-cortex-2,crop1116,Rapid HPF,70,140596,71985152.0,0.072,27335,32380,1749440.0,2072320.0,0.02430279,0.4784
Cortex,jrc_mus-cortex-2,crop1116,Rapid HPF,71,631902,323533824.0,0.3235,69188,81476,4428032.0,5214464.0,0.01368646,0.5147
Cortex,jrc_mus-cortex-2,crop1116,Rapid HPF,72,278528,142606336.0,0.1426,58321,59442,3732544.0,3804288.0,0.02617376,0.3536
Cortex,jrc_mus-cortex-2,crop1116,Rapid HPF,73,47985,24568320.0,0.0246,16404,17122,1049856.0,1095808.0,0.0427321,0.3893
Cortex,jrc_mus-cortex-2,crop1116,Rapid HPF,74,523865,268218880.0,0.2682,70937,71008,4539968.0,4544512.0,0.01692636,0.443
Cortex,jrc_mus-cortex-2,crop1116,Rapid HPF,75,534649,273740288.0,0.2737,66538,75634,4258432.0,4840576.0,0.01555647,0.4788
Cortex,jrc_mus-cortex-2,crop1116,Rapid HPF,76,461158,236112896.0,0.2361,69661,69920,4458304.0,4474880.0,0.01888209,0.4144
Cortex,jrc_mus-cortex-2,crop1116,Rapid HPF,77,232785,119185920.0,0.1192,35316,35626,2260224.0,2280064.0,0.01896385,0.5182
Cortex,jrc_mus-cortex-2,crop1116,Rapid HPF,78,48459,24811008.0,0.0248,7250,10454,464000.0,669056.0,0.01870138,0.8866
Cortex,jrc_mus-cortex-2,crop1116,Rapid HPF,79,51708,26474496.0,0.0265,10269,11138,657216.0,712832.0,0.0248245,0.6536
Cortex,jrc_mus-cortex-2,crop1116,Rapid HPF,80,1746,893952.0,0.0009,1101,1346,70464.0,86144.0,0.07882302,0.6369
Cortex,jrc_mus-cortex-2,crop1116,Rapid HPF,81,18979,9717248.0,0.0097,7672,9166,491008.0,586624.0,0.05052953,0.4485
Cortex,jrc_mus-cortex-2,crop1116,Rapid HPF,82,23124,11839488.0,0.0118,7278,8076,465792.0,516864.0,0.03934224,0.5393
Cortex,jrc_mus-cortex-2,crop1116,Rapid HPF,83,89629,45890048.0,0.0459,34250,35054,2192000.0,2243456.0,0.04776635,0.2828
Cortex,jrc_mus-cortex-2,crop1116,Rapid HPF,84,274922,140760064.0,0.1408,168048,173662,10755072.0,11114368.0,0.07640713,0.1217
Cortex,jrc_mus-cortex-2,crop1116,Rapid HPF,85,25103,12852736.0,0.0129,11481,12432,734784.0,795648.0,0.05716946,0.3611
Cortex,jrc_mus-cortex-2,crop1116,Rapid HPF,86,58018,29705216.0,0.0297,18775,20084,1201600.0,1285376.0,0.04045081,0.386
Cortex,jrc_mus-cortex-2,crop1116,Rapid HPF,87,1541,788992.0,0.0008,958,1548,61312.0,99072.0,0.07770928,0.6735
Cortex,jrc_mus-cortex-2,crop1116,Rapid HPF,88,315609,161591808.0,0.1616,21376,38978,1368064.0,2494592.0,0.00846617,1.0487
Cortex,jrc_mus-cortex-2,crop1116,Rapid HPF,89,560465,286958080.0,0.287,62173,79276,3979072.0,5073664.0,0.01386639,0.5287
Cortex,jrc_mus-cortex-2,crop1116,Rapid HPF,90,367868,188348416.0,0.1883,160450,166044,10268800.0,10626816.0,0.05452024,0.1547
Cortex,jrc_mus-cortex-2,crop1116,Rapid HPF,91,28294,14486528.0,0.0145,17198,17636,1100672.0,1128704.0,0.07597901,0.2611
Cortex,jrc_mus-cortex-2,crop1116,Rapid HPF,92,226436,115935232.0,0.1159,22396,27752,1433344.0,1776128.0,0.01236332,0.8022
Cortex,jrc_mus-cortex-2,crop1116,Rapid HPF,93,159170,81495040.0,0.0815,129686,131444,8299904.0,8412416.0,0.10184551,0.1095
Cortex,jrc_mus-cortex-2,crop1116,Rapid HPF,94,180711,92524032.0,0.0925,41163,41588,2634432.0,2661632.0,0.02847295,0.3755
Cortex,jrc_mus-cortex-2,crop1116,Rapid HPF,95,564468,289007616.0,0.289,56161,62790,3594304.0,4018560.0,0.01243671,0.5881
Cortex,jrc_mus-cortex-2,crop1116,Rapid HPF,96,47959,24555008.0,0.0246,20704,21984,1325056.0,1406976.0,0.05396276,0.3083
Cortex,jrc_mus-cortex-2,crop1116,Rapid HPF,97,76970,39408640.0,0.0394,30835,35438,1973440.0,2268032.0,0.05007633,0.2838
Cortex,jrc_mus-cortex-2,crop1116,Rapid HPF,98,208484,106743808.0,0.1067,38010,48102,2432640.0,3078528.0,0.02278952,0.4473
Cortex,jrc_mus-cortex-2,crop1116,Rapid HPF,99,79420,40663040.0,0.0407,21172,25656,1355008.0,1641984.0,0.03332284,0.422
Cortex,jrc_mus-cortex-2,crop1116,Rapid HPF,100,24596,12593152.0,0.0126,21137,23380,1352768.0,1496320.0,0.10742092,0.1935
Cortex,jrc_mus-cortex-2,crop1116,Rapid HPF,101,103151,52813312.0,0.0528,30247,32180,1935808.0,2059520.0,0.03665379,0.3517
Cortex,jrc_mus-cortex-2,crop1116,Rapid HPF,102,56281,28815872.0,0.0288,13142,22660,841088.0,1450240.0,0.02918836,0.5404
Cortex,jrc_mus-cortex-2,crop1116,Rapid HPF,104,133998,68606976.0,0.0686,38308,39368,2451712.0,2519552.0,0.03573561,0.3306
Cortex,jrc_mus-cortex-2,crop1116,Rapid HPF,105,335101,171571712.0,0.1716,35698,38998,2284672.0,2495872.0,0.01331613,0.6536
Cortex,jrc_mus-cortex-2,crop1116,Rapid HPF,106,74853,38324736.0,0.0383,30206,34608,1933184.0,2214912.0,0.0504422,0.2844
Cortex,jrc_mus-cortex-2,crop1116,Rapid HPF,107,131338,67245056.0,0.0672,21544,22420,1378816.0,1434880.0,0.02050435,0.58
Cortex,jrc_mus-cortex-2,crop1116,Rapid HPF,108,52609,26935808.0,0.0269,8453,15380,540992.0,984320.0,0.02008449,0.8032
Cortex,jrc_mus-cortex-2,crop1116,Rapid HPF,109,73817,37794304.0,0.0378,14945,18218,956480.0,1165952.0,0.02530752,0.5694
Cortex,jrc_mus-cortex-2,crop1116,Rapid HPF,110,144513,73990656.0,0.074,29384,29430,1880576.0,1883520.0,0.0254164,0.4532
Cortex,jrc_mus-cortex-2,crop1116,Rapid HPF,111,52551,26906112.0,0.0269,14375,21870,920000.0,1399680.0,0.03419297,0.472
Cortex,jrc_mus-cortex-2,crop1116,Rapid HPF,112,28851,14771712.0,0.0148,10572,11742,676608.0,751488.0,0.0458043,0.4303
Cortex,jrc_mus-cortex-2,crop1116,Rapid HPF,113,3513,1798656.0,0.0018,1982,1982,126848.0,126848.0,0.07052377,0.5639
Cortex,jrc_mus-cortex-2,crop1116,Rapid HPF,114,172235,88184320.0,0.0882,20011,24954,1280704.0,1597056.0,0.01452304,0.7481
Cortex,jrc_mus-cortex-2,crop1116,Rapid HPF,115,12216,6254592.0,0.0063,6380,6516,408320.0,417024.0,0.06528324,0.4021
Cortex,jrc_mus-cortex-2,crop1116,Rapid HPF,116,21986,11256832.0,0.0113,5039,6248,322496.0,399872.0,0.02864891,0.7532
Cortex,jrc_mus-cortex-2,crop1116,Rapid HPF,117,169390,86727680.0,0.0867,24940,28918,1596160.0,1850752.0,0.01840427,0.5936
Cortex,jrc_mus-cortex-2,crop1116,Rapid HPF,118,5698,2917376.0,0.0029,1970,2356,126080.0,150784.0,0.04321692,0.7831
Cortex,jrc_mus-cortex-2,crop1116,Rapid HPF,119,14123,7230976.0,0.0072,8147,8320,521408.0,532480.0,0.07210756,0.3468
Cortex,jrc_mus-cortex-2,crop1116,Rapid HPF,120,17720,9072640.0,0.0091,7534,9204,482176.0,589056.0,0.05314616,0.4363
Cortex,jrc_mus-cortex-2,crop1116,Rapid HPF,121,8873,4542976.0,0.0045,2801,4248,179264.0,271872.0,0.0394596,0.74
Cortex,jrc_mus-cortex-2,crop1116,Rapid HPF,122,518592,265519104.0,0.2655,38350,47462,2454400.0,3037568.0,0.00924378,0.814
Cortex,jrc_mus-cortex-2,crop1116,Rapid HPF,123,270728,138612736.0,0.1386,89689,91164,5740096.0,5834496.0,0.04141103,0.2256
Cortex,jrc_mus-cortex-2,crop1116,Rapid HPF,124,3165,1620480.0,0.0016,1704,1704,109056.0,109056.0,0.06729858,0.6118
Cortex,jrc_mus-cortex-2,crop1116,Rapid HPF,125,72254,36994048.0,0.037,24933,25338,1595712.0,1621632.0,0.04313429,0.3365
Cortex,jrc_mus-cortex-2,crop1116,Rapid HPF,126,43840,22446080.0,0.0224,13550,13550,867200.0,867200.0,0.03863481,0.4437
Cortex,jrc_mus-cortex-2,crop1116,Rapid HPF,127,686914,351699968.0,0.3517,57575,76224,3684800.0,4878336.0,0.01047711,0.6539
Cortex,jrc_mus-cortex-2,crop1116,Rapid HPF,128,211,108032.0,0.0001,280,280,17920.0,17920.0,0.16587678,0.6121
Cortex,jrc_mus-cortex-2,crop1116,Rapid HPF,129,309440,158433280.0,0.1584,37937,37968,2427968.0,2429952.0,0.01532486,0.5832
Cortex,jrc_mus-cortex-2,crop1116,Rapid HPF,130,1450,742400.0,0.0007,1644,1704,105216.0,109056.0,0.14172414,0.3768
Cortex,jrc_mus-cortex-2,crop1116,Rapid HPF,131,547225,280179200.0,0.2802,49346,69020,3158144.0,4417280.0,0.01127187,0.6557
Cortex,jrc_mus-cortex-2,crop1116,Rapid HPF,132,17955,9192960.0,0.0092,8790,8790,562560.0,562560.0,0.06119465,0.3772
Cortex,jrc_mus-cortex-2,crop1116,Rapid HPF,133,360280,184463360.0,0.1845,39902,47106,2553728.0,3014784.0,0.01384409,0.6136
Cortex,jrc_mus-cortex-2,crop1116,Rapid HPF,134,241638,123718656.0,0.1237,30514,33410,1952896.0,2138240.0,0.01578498,0.6148
Cortex,jrc_mus-cortex-2,crop1116,Rapid HPF,135,332954,170472448.0,0.1705,43804,51776,2803456.0,3313664.0,0.01644521,0.5303
Cortex,jrc_mus-cortex-2,crop1116,Rapid HPF,136,837775,428940800.0,0.4289,234030,242162,14977920.0,15498368.0,0.03491839,0.1836
Cortex,jrc_mus-cortex-2,crop1116,Rapid HPF,137,303288,155283456.0,0.1553,51103,52080,3270592.0,3333120.0,0.02106208,0.4272
Cortex,jrc_mus-cortex-2,crop1116,Rapid HPF,138,2985,1528320.0,0.0015,1524,1524,97536.0,97536.0,0.0638191,0.6579
Cortex,jrc_mus-cortex-2,crop1116,Rapid HPF,139,35627,18241024.0,0.0182,14198,14198,908672.0,908672.0,0.04981475,0.3688
Cortex,jrc_mus-cortex-2,crop1116,Rapid HPF,140,88527,45325824.0,0.0453,32836,34188,2101504.0,2188032.0,0.04636439,0.2925
Cortex,jrc_mus-cortex-2,crop1116,Rapid HPF,141,48845,25008640.0,0.025,14570,14570,932480.0,932480.0,0.03728631,0.4435
Cortex,jrc_mus-cortex-2,crop1116,Rapid HPF,142,53340,27310080.0,0.0273,28206,28284,1805184.0,1810176.0,0.06609955,0.2429
Cortex,jrc_mus-cortex-2,crop1116,Rapid HPF,143,30266,15496192.0,0.0155,14504,14974,928256.0,958336.0,0.0599022,0.3238
Cortex,jrc_mus-cortex-2,crop1116,Rapid HPF,144,7240,3706880.0,0.0037,2522,3770,161408.0,241280.0,0.04354282,0.7176
Cortex,jrc_mus-cortex-2,crop1116,Rapid HPF,145,89450,45798400.0,0.0458,27236,27670,1743104.0,1770880.0,0.03806037,0.3551
Cortex,jrc_mus-cortex-2,crop1116,Rapid HPF,146,147052,75290624.0,0.0753,30725,31982,1966400.0,2046848.0,0.02611746,0.4385
Cortex,jrc_mus-cortex-2,crop1116,Rapid HPF,147,169695,86883840.0,0.0869,38892,41052,2489088.0,2627328.0,0.02864846,0.3811
Cortex,jrc_mus-cortex-2,crop1116,Rapid HPF,148,104594,53552128.0,0.0536,31870,32716,2039680.0,2093824.0,0.03808775,0.3369
Cortex,jrc_mus-cortex-2,crop1116,Rapid HPF,149,3073,1573376.0,0.0016,2596,2934,166144.0,187776.0,0.10559714,0.3938
Cortex,jrc_mus-cortex-2,crop1116,Rapid HPF,150,6091,3118592.0,0.0031,2601,4302,166464.0,275328.0,0.05337793,0.6201
Cortex,jrc_mus-cortex-2,crop1116,Rapid HPF,151,16445,8419840.0,0.0084,5554,5554,355456.0,355456.0,0.04221648,0.5631
Cortex,jrc_mus-cortex-2,crop1116,Rapid HPF,152,206547,105752064.0,0.1058,30888,30888,1976832.0,1976832.0,0.01869308,0.5471
Cortex,jrc_mus-cortex-2,crop1116,Rapid HPF,153,46315,23713280.0,0.0237,21905,22270,1401920.0,1425280.0,0.05911962,0.2847
Cortex,jrc_mus-cortex-2,crop1116,Rapid HPF,154,239253,122497536.0,0.1225,43209,46482,2765376.0,2974848.0,0.02257495,0.4313
Cortex,jrc_mus-cortex-2,crop1116,Rapid HPF,155,3303,1691136.0,0.0017,1348,1944,86272.0,124416.0,0.05101423,0.7957
Cortex,jrc_mus-cortex-2,crop1116,Rapid HPF,156,85715,43886080.0,0.0439,18568,19176,1188352.0,1227264.0,0.02707811,0.5063
Cortex,jrc_mus-cortex-2,crop1116,Rapid HPF,157,1510,773120.0,0.0008,938,938,60032.0,60032.0,0.07764901,0.6786
Cortex,jrc_mus-cortex-2,crop1116,Rapid HPF,158,23519,12041728.0,0.012,8191,9334,524224.0,597376.0,0.04353395,0.4846
Cortex,jrc_mus-cortex-2,crop1116,Rapid HPF,159,246122,126014464.0,0.126,38408,46340,2458112.0,2965760.0,0.01950659,0.4945
Cortex,jrc_mus-cortex-2,crop1116,Rapid HPF,160,290460,148715520.0,0.1487,104277,108236,6673728.0,6927104.0,0.0448758,0.2034
Cortex,jrc_mus-cortex-2,crop1116,Rapid HPF,161,3389,1735168.0,0.0017,2208,2208,141312.0,141312.0,0.08143995,0.4942
Cortex,jrc_mus-cortex-2,crop1116,Rapid HPF,162,256593,131375616.0,0.1314,48877,49036,3128128.0,3138304.0,0.02381057,0.3995
Cortex,jrc_mus-cortex-2,crop1116,Rapid HPF,163,456873,233918976.0,0.2339,53309,58372,3411776.0,3735808.0,0.01458529,0.5381
Cortex,jrc_mus-cortex-2,crop1116,Rapid HPF,164,5188,2656256.0,0.0027,2185,2400,139840.0,153600.0,0.05264553,0.6633
Cortex,jrc_mus-cortex-2,crop1116,Rapid HPF,165,126264,64647168.0,0.0646,99939,104384,6396096.0,6680576.0,0.09893853,0.1218
Cortex,jrc_mus-cortex-2,crop1116,Rapid HPF,166,52208,26730496.0,0.0267,57113,58726,3655232.0,3758464.0,0.13674389,0.1183
Cortex,jrc_mus-cortex-2,crop1116,Rapid HPF,167,66825,34214400.0,0.0342,18219,21178,1166016.0,1355392.0,0.03407969,0.4371
Cortex,jrc_mus-cortex-2,crop1116,Rapid HPF,168,115298,59032576.0,0.059,26640,26664,1704960.0,1706496.0,0.02888168,0.43
Cortex,jrc_mus-cortex-2,crop1116,Rapid HPF,169,350836,179628032.0,0.1796,63850,80136,4086400.0,5128704.0,0.02274923,0.3768
Cortex,jrc_mus-cortex-2,crop1116,Rapid HPF,170,3911,2002432.0,0.002,2152,2152,137728.0,137728.0,0.06878036,0.5578
Cortex,jrc_mus-cortex-2,crop1116,Rapid HPF,171,363110,185912320.0,0.1859,116929,124494,7483456.0,7967616.0,0.04025261,0.2105
Cortex,jrc_mus-cortex-2,crop1116,Rapid HPF,172,110910,56785920.0,0.0568,24352,24352,1558528.0,1558528.0,0.02744568,0.4584
Cortex,jrc_mus-cortex-2,crop1116,Rapid HPF,173,139177,71258624.0,0.0713,28701,30806,1836864.0,1971584.0,0.02577743,0.4525
Cortex,jrc_mus-cortex-2,crop1116,Rapid HPF,174,44115,22586880.0,0.0226,16829,16896,1077056.0,1081344.0,0.04768503,0.3588
Cortex,jrc_mus-cortex-2,crop1116,Rapid HPF,175,481349,246450688.0,0.2465,81029,82178,5185856.0,5259392.0,0.02104216,0.3666
Cortex,jrc_mus-cortex-2,crop1116,Rapid HPF,176,332154,170062848.0,0.1701,218612,220198,13991168.0,14092672.0,0.08227057,0.1061
Cortex,jrc_mus-cortex-2,crop1116,Rapid HPF,177,37423,19160576.0,0.0192,13935,14370,891840.0,919680.0,0.04654557,0.3883
Cortex,jrc_mus-cortex-2,crop1116,Rapid HPF,178,137442,70370304.0,0.0704,27638,31154,1768832.0,1993856.0,0.02513606,0.466
Cortex,jrc_mus-cortex-2,crop1116,Rapid HPF,179,10953,5607936.0,0.0056,2338,3516,149632.0,225024.0,0.02668219,1.0201
Cortex,jrc_mus-cortex-2,crop1116,Rapid HPF,180,290311,148639232.0,0.1486,88169,94602,5642816.0,6054528.0,0.03796317,0.2405
Cortex,jrc_mus-cortex-2,crop1116,Rapid HPF,181,1215,622080.0,0.0006,766,1062,49024.0,67968.0,0.07880658,0.7189
Cortex,jrc_mus-cortex-2,crop1116,Rapid HPF,182,119948,61413376.0,0.0614,28893,31892,1849152.0,2041088.0,0.03010992,0.4071
Cortex,jrc_mus-cortex-2,crop1116,Rapid HPF,183,6963,3565056.0,0.0036,2091,3536,133824.0,226304.0,0.0375377,0.8433
Cortex,jrc_mus-cortex-2,crop1116,Rapid HPF,184,1531,783872.0,0.0008,857,998,54848.0,63872.0,0.06997061,0.7496
Cortex,jrc_mus-cortex-2,crop1116,Rapid HPF,185,37476,19187712.0,0.0192,10437,10492,667968.0,671488.0,0.03481228,0.5189
Cortex,jrc_mus-cortex-2,crop1116,Rapid HPF,186,172340,88238080.0,0.0882,31083,31236,1989312.0,1999104.0,0.02254482,0.4818
Cortex,jrc_mus-cortex-2,crop1116,Rapid HPF,187,119154,61006848.0,0.061,26140,27326,1672960.0,1748864.0,0.0274225,0.448
Cortex,jrc_mus-cortex-2,crop1116,Rapid HPF,188,389874,199615488.0,0.1996,36491,57222,2335424.0,3662208.0,0.01169961,0.7073
Cortex,jrc_mus-cortex-2,crop1116,Rapid HPF,189,171362,87737344.0,0.0877,28958,31588,1853312.0,2021632.0,0.02112341,0.5152
Cortex,jrc_mus-cortex-2,crop1116,Rapid HPF,190,166632,85315584.0,0.0853,39586,40658,2533504.0,2602112.0,0.02969568,0.3699
Cortex,jrc_mus-cortex-2,crop1116,Rapid HPF,191,142697,73060864.0,0.0731,38625,41014,2472000.0,2624896.0,0.0338348,0.3419
Cortex,jrc_mus-cortex-2,crop1116,Rapid HPF,192,50903,26062336.0,0.0261,16511,16648,1056704.0,1065472.0,0.04054525,0.4023
Cortex,jrc_mus-cortex-2,crop1116,Rapid HPF,193,2093,1071616.0,0.0011,1171,1772,74944.0,113408.0,0.0699355,0.6757
Cortex,jrc_mus-cortex-2,crop1116,Rapid HPF,194,581277,297613824.0,0.2976,98953,113206,6332992.0,7245184.0,0.02127923,0.3404
Cortex,jrc_mus-cortex-2,crop1116,Rapid HPF,195,57211,29292032.0,0.0293,14904,14904,953856.0,953856.0,0.03256367,0.4818
Cortex,jrc_mus-cortex-2,crop1116,Rapid HPF,196,726155,371791360.0,0.3718,86014,93284,5504896.0,5970176.0,0.01480641,0.4542
Cortex,jrc_mus-cortex-2,crop1116,Rapid HPF,197,2195,1123840.0,0.0011,1164,1272,74496.0,81408.0,0.06628702,0.7017
Cortex,jrc_mus-cortex-2,crop1116,Rapid HPF,198,35289,18067968.0,0.0181,13464,15058,861696.0,963712.0,0.04769192,0.3864
Cortex,jrc_mus-cortex-2,crop1116,Rapid HPF,199,99202,50791424.0,0.0508,26176,26176,1675264.0,1675264.0,0.03298321,0.3959
Cortex,jrc_mus-cortex-2,crop1116,Rapid HPF,200,4483,2295296.0,0.0023,1408,2454,90112.0,157056.0,0.03925942,0.9338
Cortex,jrc_mus-cortex-2,crop1116,Rapid HPF,201,293,150016.0,0.0002,349,498,22336.0,31872.0,0.14889078,0.6113
Cortex,jrc_mus-cortex-2,crop1116,Rapid HPF,202,26420,13527040.0,0.0135,8527,9668,545728.0,618752.0,0.04034349,0.5031
Cortex,jrc_mus-cortex-2,crop1116,Rapid HPF,203,122342,62639104.0,0.0626,80797,83902,5171008.0,5369728.0,0.08255239,0.1475
Cortex,jrc_mus-cortex-2,crop1116,Rapid HPF,204,53074,27173888.0,0.0272,16062,16346,1027968.0,1046144.0,0.03782926,0.4252
Cortex,jrc_mus-cortex-2,crop1116,Rapid HPF,205,58913,30163456.0,0.0302,14635,17960,936640.0,1149440.0,0.03105214,0.5003
Cortex,jrc_mus-cortex-2,crop1116,Rapid HPF,206,815812,417695744.0,0.4177,38136,71176,2440704.0,4555264.0,0.00584326,1.1072
Cortex,jrc_mus-cortex-2,crop1116,Rapid HPF,207,692857,354742784.0,0.3547,45185,64594,2891840.0,4134016.0,0.00815193,0.838
Cortex,jrc_mus-cortex-2,crop1116,Rapid HPF,208,48754,24962048.0,0.025,13436,16352,859904.0,1046528.0,0.03444846,0.4803
Cortex,jrc_mus-cortex-2,crop1116,Rapid HPF,209,1127,577024.0,0.0006,924,924,59136.0,59136.0,0.10248447,0.5668
Cortex,jrc_mus-cortex-2,crop1116,Rapid HPF,210,553124,283199488.0,0.2832,49557,62514,3171648.0,4000896.0,0.01119934,0.6575
Cortex,jrc_mus-cortex-2,crop1116,Rapid HPF,211,105782,54160384.0,0.0542,23632,23772,1512448.0,1521408.0,0.02792536,0.4577
Cortex,jrc_mus-cortex-2,crop1116,Rapid HPF,212,40564,20768768.0,0.0208,5542,8844,354688.0,566016.0,0.01707795,1.0302
Cortex,jrc_mus-cortex-2,crop1116,Rapid HPF,213,11589,5933568.0,0.0059,7415,8052,474560.0,515328.0,0.07997886,0.334
Cortex,jrc_mus-cortex-2,crop1116,Rapid HPF,214,164758,84356096.0,0.0844,18038,25410,1154432.0,1626240.0,0.01368522,0.8057
Cortex,jrc_mus-cortex-2,crop1116,Rapid HPF,215,75621,38717952.0,0.0387,17692,18322,1132288.0,1172608.0,0.02924452,0.4888
Cortex,jrc_mus-cortex-2,crop1116,Rapid HPF,216,104157,53328384.0,0.0533,25936,26062,1659904.0,1667968.0,0.03112609,0.4128
Cortex,jrc_mus-cortex-2,crop1116,Rapid HPF,217,12161,6226432.0,0.0062,5442,6084,348288.0,389376.0,0.05593701,0.4699
Cortex,jrc_mus-cortex-2,crop1116,Rapid HPF,218,70801,36250112.0,0.0363,41652,44468,2665728.0,2845952.0,0.0735371,0.1987
Cortex,jrc_mus-cortex-2,crop1116,Rapid HPF,219,2477,1268224.0,0.0013,1325,1932,84800.0,123648.0,0.06686516,0.6682
Cortex,jrc_mus-cortex-2,crop1116,Rapid HPF,220,72085,36907520.0,0.0369,30508,33212,1952512.0,2125568.0,0.05290282,0.2746
Cortex,jrc_mus-cortex-2,crop1116,Rapid HPF,221,229231,117366272.0,0.1174,31892,32002,2041088.0,2048128.0,0.01739075,0.568
Cortex,jrc_mus-cortex-2,crop1116,Rapid HPF,222,43934,22494208.0,0.0225,6589,12262,421696.0,784768.0,0.01874687,0.9138
Cortex,jrc_mus-cortex-2,crop1116,Rapid HPF,223,48571,24868352.0,0.0249,6369,11414,407616.0,730496.0,0.01639095,1.0108
Cortex,jrc_mus-cortex-2,crop1116,Rapid HPF,224,100744,51580928.0,0.0516,11940,19568,764160.0,1252352.0,0.01481478,0.8769
Cortex,jrc_mus-cortex-2,crop1116,Rapid HPF,225,4477,2292224.0,0.0023,2114,2624,135296.0,167936.0,0.0590239,0.6214
Cortex,jrc_mus-cortex-2,crop1116,Rapid HPF,226,75772,38795264.0,0.0388,14857,19956,950848.0,1277184.0,0.02450938,0.5829
Cortex,jrc_mus-cortex-2,crop1116,Rapid HPF,227,10418,5334016.0,0.0053,3214,4568,205696.0,292352.0,0.03856306,0.7177
Cortex,jrc_mus-cortex-2,crop1116,Rapid HPF,228,8492,4347904.0,0.0043,3870,4696,247680.0,300544.0,0.05696538,0.5201
Cortex,jrc_mus-cortex-2,crop1116,Rapid HPF,229,52781,27023872.0,0.027,12242,13474,783488.0,862336.0,0.02899244,0.5558
Cortex,jrc_mus-cortex-2,crop1116,Rapid HPF,230,94920,48599040.0,0.0486,14363,17520,919232.0,1121280.0,0.01891461,0.7006
Cortex,jrc_mus-cortex-2,crop1116,Rapid HPF,231,2662,1362944.0,0.0014,1562,1562,99968.0,99968.0,0.07334711,0.5947
Cortex,jrc_mus-cortex-2,crop1116,Rapid HPF,232,3539,1811968.0,0.0018,1942,1942,124288.0,124288.0,0.06859282,0.5783
Cortex,jrc_mus-cortex-2,crop1116,Rapid HPF,233,3487,1785344.0,0.0018,1342,2346,85888.0,150144.0,0.04810726,0.8286
Cortex,jrc_mus-cortex-2,crop1116,Rapid HPF,234,2930,1500160.0,0.0015,1154,1800,73856.0,115200.0,0.04923208,0.8581
Cortex,jrc_mus-cortex-3,crop1033,Chemical,1,4225,2163200.0,0.0022,1098,2284,70272.0,146176.0,0.03248521,1.1511
Cortex,jrc_mus-cortex-3,crop1033,Chemical,2,952778,487822336.0,0.4878,41509,102442,2656576.0,6556288.0,0.00544579,1.1281
Cortex,jrc_mus-cortex-3,crop1033,Chemical,3,231,118272.0,0.0001,145,320,9280.0,20480.0,0.0784632,1.2556
Cortex,jrc_mus-cortex-3,crop1033,Chemical,4,14641,7496192.0,0.0075,2314,5798,148096.0,371072.0,0.01975616,1.2507
Cortex,jrc_mus-cortex-3,crop1033,Chemical,5,20369,10428928.0,0.0104,5079,6734,325056.0,430976.0,0.03116869,0.7102
Cortex,jrc_mus-cortex-3,crop1033,Chemical,6,22839,11693568.0,0.0117,7172,9800,459008.0,627200.0,0.03925303,0.5428
Cortex,jrc_mus-cortex-3,crop1033,Chemical,7,5371,2749952.0,0.0027,1230,2498,78720.0,159872.0,0.02862595,1.2058
Cortex,jrc_mus-cortex-3,crop1033,Chemical,8,51585,26411520.0,0.0264,11478,15704,734592.0,1005056.0,0.02781332,0.5838
Cortex,jrc_mus-cortex-3,crop1033,Chemical,9,26162,13394944.0,0.0134,7014,10438,448896.0,668032.0,0.03351235,0.6076
Cortex,jrc_mus-cortex-3,crop1033,Chemical,10,56996,29181952.0,0.0292,14929,18866,955456.0,1207424.0,0.03274133,0.4798
Cortex,jrc_mus-cortex-3,crop1033,Chemical,11,47909,24529408.0,0.0245,11167,15594,714688.0,998016.0,0.02913597,0.5712
Cortex,jrc_mus-cortex-3,crop1033,Chemical,12,52288,26771456.0,0.0268,14676,18700,939264.0,1196800.0,0.03508453,0.4608
Cortex,jrc_mus-cortex-3,crop1033,Chemical,13,67915,34772480.0,0.0348,15584,21108,997376.0,1350912.0,0.02868291,0.5166
Cortex,jrc_mus-cortex-3,crop1033,Chemical,14,278591,142638592.0,0.1426,18921,38348,1210944.0,2454272.0,0.0084896,1.0902
Cortex,jrc_mus-cortex-3,crop1033,Chemical,15,30889,15815168.0,0.0158,7218,10680,461952.0,683520.0,0.02920943,0.6596
Cortex,jrc_mus-cortex-3,crop1033,Chemical,16,28659,14673408.0,0.0147,5852,10092,374528.0,645888.0,0.02552427,0.7739
Cortex,jrc_mus-cortex-3,crop1033,Chemical,17,77592,39727104.0,0.0397,23860,29540,1527040.0,1890560.0,0.03843824,0.3687
Cortex,jrc_mus-cortex-3,crop1033,Chemical,18,43618,22332416.0,0.0223,11915,15050,762560.0,963200.0,0.03414588,0.5029
Cortex,jrc_mus-cortex-3,crop1033,Chemical,19,4620,2365440.0,0.0024,1700,3946,108800.0,252544.0,0.04599567,0.7891
Cortex,jrc_mus-cortex-3,crop1033,Chemical,20,51437,26335744.0,0.0263,12124,15198,775936.0,972672.0,0.02946323,0.5517
Cortex,jrc_mus-cortex-3,crop1033,Chemical,21,20426,10458112.0,0.0105,4537,7538,290368.0,482432.0,0.02776486,0.7965
Cortex,jrc_mus-cortex-3,crop1033,Chemical,22,660,337920.0,0.0003,340,674,21760.0,43136.0,0.06439394,1.0782
Cortex,jrc_mus-cortex-3,crop1034,Chemical,1,606,310272.0,0.0003,313,638,20032.0,40832.0,0.06456271,1.1064
Cortex,jrc_mus-cortex-3,crop1034,Chemical,2,32494,16636928.0,0.0166,5032,11562,322048.0,739968.0,0.01935742,0.9786
Cortex,jrc_mus-cortex-3,crop1034,Chemical,3,97176,49754112.0,0.0498,15551,24690,995264.0,1580160.0,0.02000365,0.6573
Cortex,jrc_mus-cortex-3,crop1034,Chemical,4,45875,23488000.0,0.0235,11822,14386,756608.0,920704.0,0.03221253,0.5242
Cortex,jrc_mus-cortex-3,crop1034,Chemical,5,75554,38683648.0,0.0387,10404,15980,665856.0,1022720.0,0.01721285,0.8307
Cortex,jrc_mus-cortex-3,crop1034,Chemical,6,50872,26046464.0,0.026,12599,15614,806336.0,999296.0,0.0309576,0.527
Cortex,jrc_mus-cortex-3,crop1034,Chemical,7,44768,22921216.0,0.0229,6676,10004,427264.0,640256.0,0.01864055,0.9133
Cortex,jrc_mus-cortex-3,crop1034,Chemical,8,34931,17884672.0,0.0179,5699,10042,364736.0,642688.0,0.02039378,0.9068
Cortex,jrc_mus-cortex-3,crop1034,Chemical,9,15814,8096768.0,0.0081,4233,6814,270912.0,436096.0,0.03345928,0.7198
Cortex,jrc_mus-cortex-3,crop1034,Chemical,10,4648,2379776.0,0.0024,991,2416,63424.0,154624.0,0.02665125,1.3591
Cortex,jrc_mus-cortex-3,crop1034,Chemical,11,24196,12388352.0,0.0124,5055,8290,323520.0,530560.0,0.02611485,0.8003
Cortex,jrc_mus-cortex-3,crop1034,Chemical,12,13825,7078400.0,0.0071,5349,6992,342336.0,447488.0,0.04836347,0.5208
Cortex,jrc_mus-cortex-3,crop1034,Chemical,13,81278,41614336.0,0.0416,8056,14948,515584.0,956672.0,0.01238958,1.1264
Cortex,jrc_mus-cortex-3,crop1034,Chemical,14,22181,11356672.0,0.0114,4471,5974,286144.0,382336.0,0.02519611,0.8539
Cortex,jrc_mus-cortex-3,crop1034,Chemical,15,69817,35746304.0,0.0357,14462,17336,925568.0,1109504.0,0.02589269,0.567
Cortex,jrc_mus-cortex-3,crop1034,Chemical,16,94537,48402944.0,0.0484,10079,18418,645056.0,1178752.0,0.01332679,0.9957
Cortex,jrc_mus-cortex-3,crop1034,Chemical,17,18732,9590784.0,0.0096,5000,8486,320000.0,543104.0,0.03336536,0.6822
Cortex,jrc_mus-cortex-3,crop1034,Chemical,18,1730,885760.0,0.0009,744,1300,47616.0,83200.0,0.05375723,0.9367
Cortex,jrc_mus-cortex-3,crop1034,Chemical,19,8471,4337152.0,0.0043,3614,4632,231296.0,296448.0,0.053329,0.5561
Cortex,jrc_mus-cortex-3,crop1034,Chemical,20,77482,39670784.0,0.0397,10206,14686,653184.0,939904.0,0.01646511,0.8612
Cortex,jrc_mus-cortex-3,crop1034,Chemical,21,1400,716800.0,0.0007,607,1186,38848.0,75904.0,0.05419643,0.997
Cortex,jrc_mus-cortex-3,crop1034,Chemical,22,43317,22178304.0,0.0222,10011,12606,640704.0,806784.0,0.02888877,0.5958
Cortex,jrc_mus-cortex-3,crop1034,Chemical,23,12547,6424064.0,0.0064,3382,5022,216448.0,321408.0,0.03369331,0.7721
Cortex,jrc_mus-cortex-3,crop1034,Chemical,24,41029,21006848.0,0.021,5737,11600,367168.0,742400.0,0.01747849,1.0028
Cortex,jrc_mus-cortex-3,crop1035,Chemical,1,451,230912.0,0.0002,252,492,16128.0,31488.0,0.06984479,1.1286
Cortex,jrc_mus-cortex-3,crop1035,Chemical,2,11784,6033408.0,0.006,3093,4460,197952.0,285440.0,0.03280932,0.8097
Cortex,jrc_mus-cortex-3,crop1035,Chemical,3,4926,2522112.0,0.0025,2016,2922,129024.0,187008.0,0.05115713,0.6945
Cortex,jrc_mus-cortex-3,crop1035,Chemical,4,1041978,533492736.0,0.5335,40581,82804,2597184.0,5299456.0,0.00486826,1.2248
Cortex,jrc_mus-cortex-3,crop1035,Chemical,5,612613,313657856.0,0.3137,34723,58378,2222272.0,3736192.0,0.00708502,1.0046
Cortex,jrc_mus-cortex-3,crop1035,Chemical,6,4488,2297856.0,0.0023,1556,2218,99584.0,141952.0,0.04333779,0.8456
Cortex,jrc_mus-cortex-3,crop1035,Chemical,7,491,251392.0,0.0003,304,518,19456.0,33152.0,0.07739308,0.9901
Cortex,jrc_mus-cortex-3,crop1035,Chemical,8,1015,519680.0,0.0005,517,852,33088.0,54528.0,0.06366995,0.9447
Cortex,jrc_mus-cortex-3,crop1035,Chemical,9,7150,3660800.0,0.0037,1961,3400,125504.0,217600.0,0.03428322,0.9153
Cortex,jrc_mus-cortex-3,crop1035,Chemical,10,1748,894976.0,0.0009,714,1314,45696.0,84096.0,0.05105835,0.9828
Cortex,jrc_mus-cortex-3,crop1035,Chemical,11,12805,6556160.0,0.0066,4690,7528,300160.0,481792.0,0.0457829,0.5644
Cortex,jrc_mus-cortex-3,crop1035,Chemical,12,2033,1040896.0,0.001,1354,1780,86656.0,113920.0,0.08325135,0.5732
Cortex,jrc_mus-cortex-3,crop1035,Chemical,13,44928,23003136.0,0.023,12756,15182,816384.0,971648.0,0.03549012,0.4791
Cortex,jrc_mus-cortex-3,crop1035,Chemical,14,58323,29861376.0,0.0299,15228,17314,974592.0,1108096.0,0.03263721,0.4776
Cortex,jrc_mus-cortex-3,crop1035,Chemical,15,13085,6699520.0,0.0067,3155,5440,201920.0,348160.0,0.03013947,0.8511
Cortex,jrc_mus-cortex-3,crop1035,Chemical,16,10237,5241344.0,0.0052,2761,3906,176704.0,249984.0,0.03371349,0.8258
Cortex,jrc_mus-cortex-3,crop1035,Chemical,17,19927,10202624.0,0.0102,3387,5932,216768.0,379648.0,0.0212463,1.0495
Cortex,jrc_mus-cortex-3,crop1035,Chemical,18,126,64512.0,0.0001,122,212,7808.0,13568.0,0.12103175,0.9963
Cortex,jrc_mus-cortex-3,crop1035,Chemical,19,18069,9251328.0,0.0093,4867,7088,311488.0,453632.0,0.03366954,0.6842
Cortex,jrc_mus-cortex-3,crop1035,Chemical,20,3233,1655296.0,0.0017,1105,1874,70720.0,119936.0,0.04272348,0.9569
Cortex,jrc_mus-cortex-3,crop1036,Chemical,1,13568,6946816.0,0.0069,3748,5296,239872.0,338944.0,0.03452978,0.734
Cortex,jrc_mus-cortex-3,crop1036,Chemical,2,41812,21407744.0,0.0214,9766,12346,625024.0,790144.0,0.02919616,0.5965
Cortex,jrc_mus-cortex-3,crop1036,Chemical,3,13967,7151104.0,0.0072,3054,5520,195456.0,353280.0,0.02733228,0.9184
Cortex,jrc_mus-cortex-3,crop1036,Chemical,4,8891,4552192.0,0.0046,2097,4290,134208.0,274560.0,0.02948206,0.9897
Cortex,jrc_mus-cortex-3,crop1036,Chemical,5,32362,16569344.0,0.0166,7683,9814,491712.0,628096.0,0.02967601,0.6392
Cortex,jrc_mus-cortex-3,crop1036,Chemical,6,35983,18423296.0,0.0184,10617,13580,679488.0,869120.0,0.036882,0.4965
Cortex,jrc_mus-cortex-3,crop1036,Chemical,7,6031,3087872.0,0.0031,2518,3600,161152.0,230400.0,0.05218869,0.6363
Cortex,jrc_mus-cortex-3,crop1036,Chemical,8,13430,6876160.0,0.0069,4540,5300,290560.0,339200.0,0.04225614,0.6018
Cortex,jrc_mus-cortex-3,crop1036,Chemical,9,78618,40252416.0,0.0403,16583,20410,1061312.0,1306240.0,0.02636642,0.5352
Cortex,jrc_mus-cortex-3,crop1036,Chemical,10,1599,818688.0,0.0008,976,1540,62464.0,98560.0,0.07629769,0.6775
Cortex,jrc_mus-cortex-3,crop1036,Chemical,11,259905,133071360.0,0.1331,18116,38422,1159424.0,2459008.0,0.0087128,1.0872
Cortex,jrc_mus-cortex-3,crop1036,Chemical,12,220225,112755200.0,0.1128,27125,32862,1736000.0,2103168.0,0.01539619,0.6502
Cortex,jrc_mus-cortex-3,crop1036,Chemical,13,164219,84080128.0,0.0841,16729,28836,1070656.0,1845504.0,0.01273376,0.8669
Cortex,jrc_mus-cortex-3,crop1036,Chemical,14,2655,1359360.0,0.0014,1123,2180,71872.0,139520.0,0.05287194,0.8257
Cortex,jrc_mus-cortex-3,crop1037,Chemical,1,2088,1069056.0,0.0011,833,1412,53312.0,90368.0,0.0498683,0.9484
Cortex,jrc_mus-cortex-3,crop1037,Chemical,2,3482,1782784.0,0.0018,1174,2296,75136.0,146944.0,0.04214532,0.9463
Cortex,jrc_mus-cortex-3,crop1037,Chemical,3,76336,39084032.0,0.0391,11686,17524,747904.0,1121536.0,0.01913579,0.7447
Cortex,jrc_mus-cortex-3,crop1037,Chemical,4,155668,79702016.0,0.0797,48264,55544,3088896.0,3554816.0,0.03875556,0.29
Cortex,jrc_mus-cortex-3,crop1037,Chemical,5,23294,11926528.0,0.0119,9888,11028,632832.0,705792.0,0.05306087,0.3989
Cortex,jrc_mus-cortex-3,crop1037,Chemical,6,1567961,802796032.0,0.8028,47071,99768,3012544.0,6385152.0,0.00375256,1.3866
Cortex,jrc_mus-cortex-3,crop1037,Chemical,7,44101,22579712.0,0.0226,8613,11764,551232.0,752896.0,0.02441271,0.7009
Cortex,jrc_mus-cortex-3,crop1037,Chemical,8,709,363008.0,0.0004,519,742,33216.0,47488.0,0.09150212,0.7409
Cortex,jrc_mus-cortex-3,crop1037,Chemical,9,24039,12307968.0,0.0123,6330,6330,405120.0,405120.0,0.03291526,0.6363
Cortex,jrc_mus-cortex-3,crop1037,Chemical,10,3939,2016768.0,0.002,1436,2106,91904.0,134784.0,0.04556994,0.84
Cortex,jrc_mus-cortex-3,crop1037,Chemical,11,12341,6318592.0,0.0063,3200,4150,204800.0,265600.0,0.03241228,0.8071
Cortex,jrc_mus-cortex-3,crop1037,Chemical,12,47893,24521216.0,0.0245,8735,13308,559040.0,851712.0,0.02279822,0.7301
Cortex,jrc_mus-cortex-3,crop1037,Chemical,13,1241,635392.0,0.0006,655,1122,41920.0,71808.0,0.06597502,0.8526
Cortex,jrc_mus-cortex-3,crop1037,Chemical,14,22817,11682304.0,0.0117,5844,7838,374016.0,501632.0,0.0320156,0.6657
Cortex,jrc_mus-cortex-3,crop1037,Chemical,15,489,250368.0,0.0003,354,614,22656.0,39296.0,0.0904908,0.8479
Cortex,jrc_mus-cortex-3,crop1037,Chemical,16,1502,769024.0,0.0008,677,1230,43328.0,78720.0,0.05634154,0.9369
Cortex,jrc_mus-cortex-3,crop1045,Chemical,1,21748,11134976.0,0.0111,2725,6506,174400.0,416384.0,0.01566236,1.3827
Cortex,jrc_mus-cortex-3,crop1045,Chemical,2,1184,606208.0,0.0006,732,1460,46848.0,93440.0,0.07728041,0.7394
Cortex,jrc_mus-cortex-3,crop1045,Chemical,3,12030,6159360.0,0.0062,2768,5474,177152.0,350336.0,0.02876143,0.9173
Cortex,jrc_mus-cortex-3,crop1045,Chemical,4,338,173056.0,0.0002,243,486,15552.0,31104.0,0.08986686,0.9657
Cortex,jrc_mus-cortex-3,crop1045,Chemical,5,51514,26375168.0,0.0264,8775,12812,561600.0,819968.0,0.02129276,0.763
Cortex,jrc_mus-cortex-3,crop1045,Chemical,6,18371,9405952.0,0.0094,4617,6536,295488.0,418304.0,0.031415,0.7293
Cortex,jrc_mus-cortex-3,crop1045,Chemical,7,10683,5469696.0,0.0055,4004,5278,256256.0,337792.0,0.04685014,0.5858
Cortex,jrc_mus-cortex-3,crop1045,Chemical,8,42365,21690880.0,0.0217,9170,12616,586880.0,807424.0,0.02705653,0.6409
Cortex,jrc_mus-cortex-3,crop1045,Chemical,9,70630,36162560.0,0.0362,23959,28516,1533376.0,1825024.0,0.04240231,0.3449
Cortex,jrc_mus-cortex-3,crop1045,Chemical,10,139304,71323648.0,0.0713,18997,25690,1215808.0,1644160.0,0.01704635,0.6841
Cortex,jrc_mus-cortex-3,crop1045,Chemical,11,89780,45967360.0,0.046,14835,20160,949440.0,1290240.0,0.02065466,0.6536
Cortex,jrc_mus-cortex-3,crop1045,Chemical,12,11425,5849600.0,0.0058,3536,5580,226304.0,357120.0,0.03868709,0.6938
Cortex,jrc_mus-cortex-3,crop1045,Chemical,13,243009,124420608.0,0.1244,23680,35342,1515520.0,2261888.0,0.01218062,0.7953
Cortex,jrc_mus-cortex-3,crop1045,Chemical,14,56152,28749824.0,0.0287,12656,16574,809984.0,1060736.0,0.02817353,0.5603
Cortex,jrc_mus-cortex-3,crop1045,Chemical,15,82345,42160640.0,0.0422,13761,20030,880704.0,1281920.0,0.02088925,0.6652
Cortex,jrc_mus-cortex-3,crop1045,Chemical,16,142988,73209856.0,0.0732,21576,27594,1380864.0,1766016.0,0.01886172,0.6129
Cortex,jrc_mus-cortex-3,crop1045,Chemical,17,145548,74520576.0,0.0745,14235,25926,911040.0,1659264.0,0.01222535,0.94
Cortex,jrc_mus-cortex-3,crop1045,Chemical,18,63828,32679936.0,0.0327,13756,17380,880384.0,1112320.0,0.02693959,0.5615
Cortex,jrc_mus-cortex-3,crop1045,Chemical,19,21931,11228672.0,0.0112,4153,7406,265792.0,473984.0,0.02367083,0.9123
Cortex,jrc_mus-cortex-3,crop1045,Chemical,20,460,235520.0,0.0002,426,496,27264.0,31744.0,0.11576087,0.6765
Cortex,jrc_mus-cortex-3,crop1045,Chemical,21,49203,25191936.0,0.0252,11093,16820,709952.0,1076480.0,0.02818172,0.5854
Cortex,jrc_mus-cortex-3,crop1045,Chemical,22,5481,2806272.0,0.0028,1802,3298,115328.0,211072.0,0.04109652,0.8343
Cortex,jrc_mus-cortex-3,crop1045,Chemical,23,1056,540672.0,0.0005,531,912,33984.0,58368.0,0.06285511,0.9444
Cortex,jrc_mus-cortex-3,crop1045,Chemical,24,558,285696.0,0.0003,220,618,14080.0,39552.0,0.04928315,1.4899
Cortex,jrc_mus-cortex-3,crop1046,Chemical,1,117978,60404736.0,0.0604,31133,36196,1992512.0,2316544.0,0.03298602,0.3736
Cortex,jrc_mus-cortex-3,crop1046,Chemical,2,165452,84711424.0,0.0847,13419,25906,858816.0,1657984.0,0.01013814,1.0861
Cortex,jrc_mus-cortex-3,crop1046,Chemical,3,73323,37541376.0,0.0375,9239,15998,591296.0,1023872.0,0.01575051,0.917
Cortex,jrc_mus-cortex-3,crop1046,Chemical,4,1229,629248.0,0.0006,1029,1324,65856.0,84736.0,0.10465826,0.5392
Cortex,jrc_mus-cortex-3,crop1046,Chemical,5,64833,33194496.0,0.0332,17366,18662,1111424.0,1194368.0,0.03348218,0.4494
Cortex,jrc_mus-cortex-3,crop1046,Chemical,6,40183,20573696.0,0.0206,14406,15296,921984.0,978944.0,0.04481373,0.3938
Cortex,jrc_mus-cortex-3,crop1046,Chemical,7,44926,23002112.0,0.023,14505,15542,928320.0,994688.0,0.04035803,0.4213
Cortex,jrc_mus-cortex-3,crop1046,Chemical,8,9412,4818944.0,0.0048,7499,8108,479936.0,518912.0,0.0995936,0.2875
Cortex,jrc_mus-cortex-3,crop1046,Chemical,9,265509,135940608.0,0.1359,23708,37338,1517312.0,2389632.0,0.01116158,0.8426
Cortex,jrc_mus-cortex-3,crop1046,Chemical,10,139,71168.0,0.0001,302,374,19328.0,23936.0,0.27158273,0.4297
Cortex,jrc_mus-cortex-3,crop1046,Chemical,11,9432,4829184.0,0.0048,8098,8368,518272.0,535552.0,0.10732082,0.2666
Cortex,jrc_mus-cortex-3,crop1046,Chemical,12,46653,23886336.0,0.0239,14120,15044,903680.0,962816.0,0.03783251,0.4438
Cortex,jrc_mus-cortex-3,crop1046,Chemical,13,159135,81477120.0,0.0815,18439,30192,1180096.0,1932288.0,0.01448377,0.7702
Cortex,jrc_mus-cortex-3,crop1046,Chemical,14,1450,742400.0,0.0007,1715,2000,109760.0,128000.0,0.14784483,0.3612
Cortex,jrc_mus-cortex-3,crop1046,Chemical,15,40834,20907008.0,0.0209,15247,17488,975808.0,1119232.0,0.04667373,0.3761
Cortex,jrc_mus-cortex-3,crop1046,Chemical,16,1337,684544.0,0.0007,1425,1528,91200.0,97792.0,0.13322737,0.4119
Cortex,jrc_mus-cortex-4,crop1139,Rapid HPF,1,9822,5028864.0,0.005,1953,3842,124992.0,245888.0,0.02485492,1.1357
Cortex,jrc_mus-cortex-4,crop1139,Rapid HPF,2,2368,1212416.0,0.0012,1044,1830,66816.0,117120.0,0.0551098,0.8229
Cortex,jrc_mus-cortex-4,crop1139,Rapid HPF,3,1173,600576.0,0.0006,728,1322,46592.0,84608.0,0.07757886,0.7388
Cortex,jrc_mus-cortex-4,crop1139,Rapid HPF,4,307975,157683200.0,0.1577,37801,55784,2419264.0,3570176.0,0.01534256,0.5834
Cortex,jrc_mus-cortex-4,crop1139,Rapid HPF,5,2668,1366016.0,0.0014,2000,2406,128000.0,153984.0,0.09370315,0.4651
Cortex,jrc_mus-cortex-4,crop1139,Rapid HPF,6,37933,19421696.0,0.0194,7641,10380,489024.0,664320.0,0.02517926,0.7145
Cortex,jrc_mus-cortex-4,crop1139,Rapid HPF,7,2095,1072640.0,0.0011,2117,2316,135488.0,148224.0,0.12631265,0.374
Cortex,jrc_mus-cortex-4,crop1139,Rapid HPF,8,181553,92955136.0,0.093,25124,35280,1607936.0,2257920.0,0.01729798,0.6172
Cortex,jrc_mus-cortex-4,crop1139,Rapid HPF,9,53841,27566592.0,0.0276,10168,13476,650752.0,862464.0,0.02360655,0.6781
Cortex,jrc_mus-cortex-4,crop1139,Rapid HPF,10,364025,186380800.0,0.1864,83829,95124,5365056.0,6087936.0,0.02878545,0.2941
Cortex,jrc_mus-cortex-4,crop1139,Rapid HPF,11,245,125440.0,0.0001,193,302,12352.0,19328.0,0.09846939,0.9811
Cortex,jrc_mus-cortex-4,crop1139,Rapid HPF,12,19921,10199552.0,0.0102,7048,8610,451072.0,551040.0,0.04422469,0.5042
Cortex,jrc_mus-cortex-4,crop1139,Rapid HPF,13,707024,361996288.0,0.362,65571,79054,4196544.0,5059456.0,0.01159278,0.5853
Cortex,jrc_mus-cortex-4,crop1139,Rapid HPF,14,321471,164593152.0,0.1646,73304,78908,4691456.0,5050112.0,0.02850335,0.3096
Cortex,jrc_mus-cortex-4,crop1139,Rapid HPF,15,48943,25058816.0,0.0251,13956,14758,893184.0,944512.0,0.0356435,0.4636
Cortex,jrc_mus-cortex-4,crop1139,Rapid HPF,16,380702,194919424.0,0.1949,117978,128262,7550592.0,8208768.0,0.03873699,0.2153
Cortex,jrc_mus-cortex-4,crop1139,Rapid HPF,17,49056,25116672.0,0.0251,16118,17964,1031552.0,1149696.0,0.04107041,0.4021
Cortex,jrc_mus-cortex-4,crop1139,Rapid HPF,18,5487,2809344.0,0.0028,2464,2862,157696.0,183168.0,0.05613268,0.6106
Cortex,jrc_mus-cortex-4,crop1139,Rapid HPF,19,477775,244620800.0,0.2446,98952,102642,6332928.0,6569088.0,0.02588876,0.2987
Cortex,jrc_mus-cortex-4,crop1139,Rapid HPF,20,1446,740352.0,0.0007,870,1246,55680.0,79744.0,0.07520747,0.7108
Cortex,jrc_mus-cortex-4,crop1139,Rapid HPF,21,2731972,1398769664.0,1.3988,283360,317824,18135040.0,20340736.0,0.01296499,0.3335
Cortex,jrc_mus-cortex-4,crop1139,Rapid HPF,22,4774,2444288.0,0.0024,2381,3302,152384.0,211328.0,0.0623429,0.5759
Cortex,jrc_mus-cortex-4,crop1139,Rapid HPF,23,800539,409875968.0,0.4099,97963,142976,6269632.0,9150464.0,0.01529641,0.4256
Cortex,jrc_mus-cortex-4,crop1139,Rapid HPF,24,10118,5180416.0,0.0052,2962,4070,189568.0,260480.0,0.0365932,0.7638
Cortex,jrc_mus-cortex-4,crop1139,Rapid HPF,25,1128,577536.0,0.0006,862,862,55168.0,55168.0,0.09552305,0.6079
Cortex,jrc_mus-cortex-4,crop1139,Rapid HPF,26,12425,6361600.0,0.0064,3338,3888,213632.0,248832.0,0.03358149,0.7772
Cortex,jrc_mus-cortex-4,crop1139,Rapid HPF,27,3794,1942528.0,0.0019,3580,3580,229120.0,229120.0,0.11794939,0.3286
Cortex,jrc_mus-cortex-4,crop1139,Rapid HPF,28,1139,583168.0,0.0006,728,1022,46592.0,65408.0,0.07989464,0.7245
Cortex,jrc_mus-cortex-4,crop1139,Rapid HPF,29,33531,17167872.0,0.0172,11743,13400,751552.0,857600.0,0.04377665,0.4282
Cortex,jrc_mus-cortex-4,crop1139,Rapid HPF,30,100779,51598848.0,0.0516,20415,22590,1306560.0,1445760.0,0.0253215,0.513
Cortex,jrc_mus-cortex-4,crop1139,Rapid HPF,31,3846,1969152.0,0.002,2260,2260,144640.0,144640.0,0.07345294,0.5253
Cortex,jrc_mus-cortex-4,crop1139,Rapid HPF,32,874978,447988736.0,0.448,101531,145464,6497984.0,9309696.0,0.01450479,0.4357
Cortex,jrc_mus-cortex-4,crop1139,Rapid HPF,33,27635,14149120.0,0.0141,6489,9554,415296.0,611456.0,0.02935137,0.6812
Cortex,jrc_mus-cortex-4,crop1139,Rapid HPF,34,21015,10759680.0,0.0108,3937,6738,251968.0,431232.0,0.0234178,0.9354
Cortex,jrc_mus-cortex-4,crop1139,Rapid HPF,35,47733,24439296.0,0.0244,10811,13378,691904.0,856192.0,0.02831113,0.5886
Cortex,jrc_mus-cortex-4,crop1139,Rapid HPF,36,9050,4633600.0,0.0046,4034,4182,258176.0,267648.0,0.05571823,0.5206
Cortex,jrc_mus-cortex-4,crop1139,Rapid HPF,37,27017,13832704.0,0.0138,8586,9868,549504.0,631552.0,0.03972499,0.5071
Cortex,jrc_mus-cortex-4,crop1139,Rapid HPF,38,8619,4412928.0,0.0044,5283,5976,338112.0,382464.0,0.07661852,0.3848
Cortex,jrc_mus-cortex-4,crop1139,Rapid HPF,39,46668,23894016.0,0.0239,12037,14602,770368.0,934528.0,0.03224104,0.5208
Cortex,jrc_mus-cortex-4,crop1139,Rapid HPF,40,40866,20923392.0,0.0209,11591,11844,741824.0,758016.0,0.03545429,0.495
Cortex,jrc_mus-cortex-4,crop1139,Rapid HPF,41,13372,6846464.0,0.0068,4199,6590,268736.0,421760.0,0.03925179,0.6488
Cortex,jrc_mus-cortex-4,crop1139,Rapid HPF,42,21047,10776064.0,0.0108,7650,7782,489600.0,498048.0,0.04543403,0.4819
Cortex,jrc_mus-cortex-4,crop1139,Rapid HPF,43,53871,27581952.0,0.0276,16775,20214,1073600.0,1293696.0,0.038924,0.4112
Cortex,jrc_mus-cortex-4,crop1139,Rapid HPF,44,99207,50793984.0,0.0508,22517,26846,1441088.0,1718144.0,0.02837123,0.4603
Cortex,jrc_mus-cortex-4,crop1139,Rapid HPF,45,28464,14573568.0,0.0146,5048,7006,323072.0,448384.0,0.02216835,0.8931
Cortex,jrc_mus-cortex-4,crop1139,Rapid HPF,46,80380,41154560.0,0.0412,18576,25802,1188864.0,1651328.0,0.02888778,0.4849
Cortex,jrc_mus-cortex-4,crop1139,Rapid HPF,47,2847,1457664.0,0.0015,1481,2120,94784.0,135680.0,0.06502459,0.6559
Cortex,jrc_mus-cortex-4,crop1139,Rapid HPF,48,6931,3548672.0,0.0035,2754,2754,176256.0,176256.0,0.04966816,0.6383
Cortex,jrc_mus-cortex-4,crop1139,Rapid HPF,49,8110,4152320.0,0.0042,2898,4434,185472.0,283776.0,0.04466708,0.6736
Cortex,jrc_mus-cortex-4,crop1139,Rapid HPF,50,68633,35140096.0,0.0351,11087,14052,709568.0,899328.0,0.02019255,0.7312
Cortex,jrc_mus-cortex-4,crop1139,Rapid HPF,51,30970,15856640.0,0.0159,6273,7464,401472.0,477696.0,0.02531886,0.7603
Cortex,jrc_mus-cortex-4,crop1139,Rapid HPF,52,4745,2429440.0,0.0024,2274,2640,145536.0,168960.0,0.05990516,0.6005
Cortex,jrc_mus-cortex-4,crop1139,Rapid HPF,53,4279,2190848.0,0.0022,1395,2370,89280.0,151680.0,0.04075134,0.9137
Cortex,jrc_mus-cortex-4,crop1139,Rapid HPF,54,18785,9617920.0,0.0096,8279,8828,529856.0,564992.0,0.0550905,0.4128
Cortex,jrc_mus-cortex-4,crop1139,Rapid HPF,55,1026,525312.0,0.0005,665,978,42560.0,62592.0,0.08101852,0.7398
Cortex,jrc_mus-cortex-4,crop1139,Rapid HPF,56,3230,1653760.0,0.0017,1360,1860,87040.0,119040.0,0.05263158,0.777
Cortex,jrc_mus-cortex-4,crop1139,Rapid HPF,57,796,407552.0,0.0004,520,974,33280.0,62336.0,0.08165829,0.7988
Cortex,jrc_mus-cortex-4,crop1139,Rapid HPF,58,272,139264.0,0.0001,286,286,18304.0,18304.0,0.13143382,0.7098
Cortex,jrc_mus-cortex-4,crop1139,Rapid HPF,59,45020,23050240.0,0.0231,10059,13618,643776.0,871552.0,0.02792925,0.6084
Cortex,jrc_mus-cortex-4,crop1139,Rapid HPF,60,1379,706048.0,0.0007,695,1142,44480.0,73088.0,0.06299855,0.8621
Cortex,jrc_mus-cortex-4,crop1139,Rapid HPF,61,8867,4539904.0,0.0045,2380,4174,152320.0,267136.0,0.03355137,0.8705
Cortex,jrc_mus-cortex-4,crop1139,Rapid HPF,62,16333,8362496.0,0.0084,6969,7236,446016.0,463104.0,0.05333527,0.4467
Cortex,jrc_mus-cortex-4,crop1139,Rapid HPF,63,18511,9477632.0,0.0095,3999,5914,255936.0,378496.0,0.02700421,0.8462
Cortex,jrc_mus-cortex-4,crop1139,Rapid HPF,64,4866,2491392.0,0.0025,1903,2628,121792.0,168192.0,0.04888512,0.7297
Cortex,jrc_mus-cortex-4,crop1139,Rapid HPF,65,12212,6252544.0,0.0063,3731,5678,238784.0,363392.0,0.0381899,0.6874
Cortex,jrc_mus-cortex-4,crop1139,Rapid HPF,66,221,113152.0,0.0001,180,320,11520.0,20480.0,0.10180995,0.9821
Cortex,jrc_mus-cortex-4,crop1139,Rapid HPF,67,11486,5880832.0,0.0059,2344,4648,150016.0,297472.0,0.02550932,1.0503
Cortex,jrc_mus-cortex-4,crop1139,Rapid HPF,68,7017,3592704.0,0.0036,2493,3146,159552.0,201344.0,0.04441,0.711
Cortex,jrc_mus-cortex-4,crop1139,Rapid HPF,69,1754,898048.0,0.0009,1007,1174,64448.0,75136.0,0.07176454,0.6985
Cortex,jrc_mus-cortex-4,crop1141,Rapid HPF,1,6910177,3538010624.0,3.538,144069,320376,9220416.0,20504064.0,0.0026061,1.2178
Cortex,jrc_mus-cortex-4,crop1141,Rapid HPF,2,195957,100329984.0,0.1003,43037,45800,2754368.0,2931200.0,0.02745309,0.3791
Cortex,jrc_mus-cortex-4,crop1141,Rapid HPF,3,10540,5396480.0,0.0054,3015,3944,192960.0,252416.0,0.03575664,0.7711
Cortex,jrc_mus-cortex-4,crop1141,Rapid HPF,4,108,55296.0,0.0001,114,182,7296.0,11648.0,0.13194444,0.962
Cortex,jrc_mus-cortex-4,crop1141,Rapid HPF,5,1119,572928.0,0.0006,713,1080,45632.0,69120.0,0.07964701,0.7311
Cortex,jrc_mus-cortex-4,crop1141,Rapid HPF,6,189453,96999936.0,0.097,33243,40498,2127552.0,2591872.0,0.02193354,0.4799
Cortex,jrc_mus-cortex-4,crop1141,Rapid HPF,7,62776,32141312.0,0.0321,10485,13832,671040.0,885248.0,0.0208778,0.7285
Cortex,jrc_mus-cortex-4,crop1141,Rapid HPF,8,4204,2152448.0,0.0022,1648,2460,105472.0,157440.0,0.04900095,0.7644
Cortex,jrc_mus-cortex-4,crop1141,Rapid HPF,9,758920,388567040.0,0.3886,74184,91332,4747776.0,5845248.0,0.01221868,0.5424
Cortex,jrc_mus-cortex-4,crop1141,Rapid HPF,10,429577,219943424.0,0.2199,57223,69840,3662272.0,4469760.0,0.01665097,0.4811
Cortex,jrc_mus-cortex-4,crop1141,Rapid HPF,11,321043,164374016.0,0.1644,48917,56170,3130688.0,3594880.0,0.01904612,0.4635
Cortex,jrc_mus-cortex-4,crop1141,Rapid HPF,12,203611,104248832.0,0.1042,24708,30420,1581312.0,1946880.0,0.01516863,0.6774
Cortex,jrc_mus-cortex-4,crop1141,Rapid HPF,13,3878878,1985985536.0,1.986,228103,243786,14598592.0,15602304.0,0.0073508,0.5234
Cortex,jrc_mus-cortex-4,crop1141,Rapid HPF,14,449595,230192640.0,0.2302,62406,72102,3993984.0,4614528.0,0.01735062,0.4548
Cortex,jrc_mus-cortex-4,crop1141,Rapid HPF,15,1253526,641805312.0,0.6418,112245,123504,7183680.0,7904256.0,0.01119293,0.5009
Cortex,jrc_mus-cortex-4,crop1141,Rapid HPF,16,15763,8070656.0,0.0081,5884,6554,376576.0,419456.0,0.0466599,0.5167
Cortex,jrc_mus-cortex-4,crop1141,Rapid HPF,17,11794,6038528.0,0.006,3830,6292,245120.0,402688.0,0.04059267,0.6542
Cortex,jrc_mus-cortex-4,crop1141,Rapid HPF,18,14734,7543808.0,0.0075,3816,5364,244224.0,343296.0,0.0323741,0.7617
Cortex,jrc_mus-cortex-4,crop1141,Rapid HPF,19,81186,41567232.0,0.0416,13889,18950,888896.0,1212800.0,0.02138454,0.6528
Cortex,jrc_mus-cortex-4,crop1141,Rapid HPF,20,758013,388102656.0,0.3881,63912,77436,4090368.0,4955904.0,0.0105394,0.6291
Cortex,jrc_mus-cortex-4,crop1141,Rapid HPF,21,1799,921088.0,0.0009,704,1192,45056.0,76288.0,0.04891606,1.0161
Cortex,jrc_mus-cortex-4,crop1141,Rapid HPF,22,5755,2946560.0,0.0029,3228,3474,206592.0,222336.0,0.07011295,0.4811
Cortex,jrc_mus-cortex-4,crop1141,Rapid HPF,23,1938,992256.0,0.001,909,1146,58176.0,73344.0,0.05863003,0.827
Cortex,jrc_mus-cortex-4,crop1141,Rapid HPF,24,873,446976.0,0.0004,442,796,28288.0,50944.0,0.06328751,0.9994
Cortex,jrc_mus-cortex-4,crop1141,Rapid HPF,25,6556,3356672.0,0.0034,3632,4024,232448.0,257536.0,0.06924954,0.4664
Cortex,jrc_mus-cortex-4,crop1141,Rapid HPF,26,11601,5939712.0,0.0059,2617,4418,167488.0,282752.0,0.028198,0.947
Cortex,jrc_mus-cortex-4,crop1141,Rapid HPF,27,16165,8276480.0,0.0083,2841,5098,181824.0,326272.0,0.02196876,1.0883
Cortex,jrc_mus-cortex-4,crop1141,Rapid HPF,28,4880,2498560.0,0.0025,1527,2660,97728.0,170240.0,0.03911373,0.9112
Cortex,jrc_mus-cortex-4,crop1141,Rapid HPF,29,71362,36537344.0,0.0365,10367,16802,663488.0,1075328.0,0.01815917,0.8026
Cortex,jrc_mus-cortex-4,crop1141,Rapid HPF,30,499,255488.0,0.0003,238,448,15232.0,28672.0,0.05961924,1.2783
Cortex,jrc_mus-cortex-4,crop1141,Rapid HPF,32,37938,19424256.0,0.0194,8507,8654,544448.0,553856.0,0.02802928,0.6418
Cortex,jrc_mus-cortex-4,crop1141,Rapid HPF,33,5759,2948608.0,0.0029,2303,3392,147392.0,217088.0,0.04998698,0.6747
Cortex,jrc_mus-cortex-4,crop1141,Rapid HPF,34,2136,1093632.0,0.0011,1312,1312,83968.0,83968.0,0.07677903,0.6113
Cortex,jrc_mus-cortex-4,crop1141,Rapid HPF,35,515,263680.0,0.0003,396,570,25344.0,36480.0,0.0961165,0.7846
Cortex,jrc_mus-cortex-4,crop1141,Rapid HPF,36,25264,12935168.0,0.0129,4309,7004,275776.0,448256.0,0.02131986,0.9663
Cortex,jrc_mus-cortex-4,crop1141,Rapid HPF,37,1080,552960.0,0.0006,605,746,38720.0,47744.0,0.07002315,0.8414
Cortex,jrc_mus-cortex-4,crop1141,Rapid HPF,38,4443,2274816.0,0.0023,3124,3228,199936.0,206592.0,0.08789106,0.4184
Cortex,jrc_mus-cortex-4,crop1141,Rapid HPF,39,556,284672.0,0.0003,514,514,32896.0,32896.0,0.11555755,0.6362
Cortex,jrc_mus-cortex-4,crop1141,Rapid HPF,40,177194,90723328.0,0.0907,23496,29834,1503744.0,1909376.0,0.01657505,0.6493
Cortex,jrc_mus-cortex-4,crop1141,Rapid HPF,41,1370,701440.0,0.0007,938,938,60032.0,60032.0,0.08558394,0.636
Cortex,jrc_mus-cortex-4,crop1141,Rapid HPF,42,3187,1631744.0,0.0016,1682,1682,107648.0,107648.0,0.06597113,0.6227
Cortex,jrc_mus-cortex-4,crop1141,Rapid HPF,43,63093,32303616.0,0.0323,18448,18448,1180672.0,1180672.0,0.03654922,0.4155
Cortex,jrc_mus-cortex-4,crop1141,Rapid HPF,44,18020,9226240.0,0.0092,5254,5254,336256.0,336256.0,0.03644562,0.6327
Cortex,jrc_mus-cortex-4,crop1141,Rapid HPF,45,136101,69683712.0,0.0697,22999,30678,1471936.0,1963392.0,0.0211231,0.5564
Cortex,jrc_mus-cortex-4,crop1141,Rapid HPF,46,20453,10471936.0,0.0105,6018,6018,385152.0,385152.0,0.03677945,0.601
Cortex,jrc_mus-cortex-4,crop1141,Rapid HPF,47,11289,5779968.0,0.0058,5456,5456,349184.0,349184.0,0.06041279,0.446
Cortex,jrc_mus-cortex-4,crop1141,Rapid HPF,48,392,200704.0,0.0002,323,422,20672.0,27008.0,0.10299745,0.8019
Cortex,jrc_mus-cortex-4,crop1141,Rapid HPF,49,4983,2551296.0,0.0026,1882,2818,120448.0,180352.0,0.04721052,0.7496
Cortex,jrc_mus-cortex-4,crop1141,Rapid HPF,50,119951,61414912.0,0.0614,19151,27484,1225664.0,1758976.0,0.01995711,0.6142
Cortex,jrc_mus-cortex-4,crop1141,Rapid HPF,51,153029,78350848.0,0.0784,31233,32710,1998912.0,2093440.0,0.02551232,0.443
Cortex,jrc_mus-cortex-4,crop1141,Rapid HPF,52,656,335872.0,0.0003,450,640,28800.0,40960.0,0.08574695,0.8113
Cortex,jrc_mus-cortex-4,crop1141,Rapid HPF,53,545082,279081984.0,0.2791,54205,61798,3469120.0,3955072.0,0.01243047,0.5953
Cortex,jrc_mus-cortex-4,crop1141,Rapid HPF,54,1253,641536.0,0.0006,916,916,58624.0,58624.0,0.09138069,0.6136
Cortex,jrc_mus-cortex-4,crop1141,Rapid HPF,55,3860,1976320.0,0.002,2406,2406,153984.0,153984.0,0.07791451,0.4946
Cortex,jrc_mus-cortex-4,crop1141,Rapid HPF,56,1475081,755241472.0,0.7552,99235,124494,6351040.0,7967616.0,0.00840928,0.6315
Cortex,jrc_mus-cortex-4,crop1141,Rapid HPF,57,669,342528.0,0.0003,582,582,37248.0,37248.0,0.10874439,0.6356
Cortex,jrc_mus-cortex-4,crop1141,Rapid HPF,58,1432,733184.0,0.0007,1092,1092,69888.0,69888.0,0.09532123,0.5626
Cortex,jrc_mus-cortex-4,crop1141,Rapid HPF,59,370558,189725696.0,0.1897,37619,50802,2407616.0,3251328.0,0.01268998,0.6632
Cortex,jrc_mus-cortex-4,crop1141,Rapid HPF,60,1034,529408.0,0.0005,788,788,50432.0,50432.0,0.09526112,0.6275
Cortex,jrc_mus-cortex-4,crop1141,Rapid HPF,61,234408,120016896.0,0.12,48628,49458,3112192.0,3165312.0,0.02593128,0.3781
Cortex,jrc_mus-cortex-4,crop1141,Rapid HPF,62,170334,87211008.0,0.0872,21847,27154,1398208.0,1737856.0,0.01603247,0.6802
Cortex,jrc_mus-cortex-4,crop1141,Rapid HPF,63,95646,48970752.0,0.049,22671,27098,1450944.0,1734272.0,0.02962879,0.4461
Cortex,jrc_mus-cortex-4,crop1141,Rapid HPF,64,60841,31150592.0,0.0312,11914,11914,762496.0,762496.0,0.02447774,0.6279
Cortex,jrc_mus-cortex-4,crop1141,Rapid HPF,65,108916,55764992.0,0.0558,15429,16756,987456.0,1072384.0,0.01770745,0.7148
Cortex,jrc_mus-cortex-4,crop1141,Rapid HPF,66,513161,262738432.0,0.2627,81150,87314,5193600.0,5588096.0,0.01976719,0.382
Cortex,jrc_mus-cortex-4,crop1141,Rapid HPF,67,19507,9987584.0,0.01,5724,5724,366336.0,366336.0,0.03667914,0.6122
Cortex,jrc_mus-cortex-4,crop1141,Rapid HPF,68,8009,4100608.0,0.0041,3158,3158,202112.0,202112.0,0.0492883,0.613
Cortex,jrc_mus-cortex-4,crop1141,Rapid HPF,69,20818,10658816.0,0.0107,5680,5680,363520.0,363520.0,0.0341051,0.6443
Cortex,jrc_mus-cortex-4,crop1141,Rapid HPF,70,1326,678912.0,0.0007,946,946,60544.0,60544.0,0.08917798,0.617
Cortex,jrc_mus-cortex-4,crop1141,Rapid HPF,71,6874,3519488.0,0.0035,2698,2698,172672.0,172672.0,0.04906168,0.648
Cortex,jrc_mus-cortex-4,crop1141,Rapid HPF,72,15227,7796224.0,0.0078,3969,4580,254016.0,293120.0,0.03258193,0.7485
Cortex,jrc_mus-cortex-4,crop1141,Rapid HPF,73,64178,32859136.0,0.0329,14269,16150,913216.0,1033600.0,0.02779184,0.5433
Cortex,jrc_mus-cortex-4,crop1141,Rapid HPF,74,1474,754688.0,0.0008,642,1132,41088.0,72448.0,0.05444369,0.9756
Cortex,jrc_mus-cortex-4,crop1141,Rapid HPF,75,584523,299275776.0,0.2993,53391,57620,3417024.0,3687680.0,0.01141764,0.6332
Cortex,jrc_mus-cortex-4,crop1141,Rapid HPF,76,948,485376.0,0.0005,717,790,45888.0,50560.0,0.09454114,0.6509
Cortex,jrc_mus-cortex-4,crop1141,Rapid HPF,77,9309,4766208.0,0.0048,2721,3716,174144.0,237824.0,0.03653722,0.7865
Cortex,jrc_mus-cortex-4,crop1141,Rapid HPF,78,19616,10043392.0,0.01,5552,5552,355328.0,355328.0,0.03537928,0.6335
Cortex,jrc_mus-cortex-4,crop1141,Rapid HPF,79,3149,1612288.0,0.0016,1650,1650,105600.0,105600.0,0.06549698,0.6297
Cortex,jrc_mus-cortex-4,crop1141,Rapid HPF,80,399903,204750336.0,0.2048,37188,49894,2380032.0,3193216.0,0.01162407,0.7059
Cortex,jrc_mus-cortex-4,crop1141,Rapid HPF,81,276874,141759488.0,0.1418,30679,33264,1963456.0,2128896.0,0.01385061,0.6696
Cortex,jrc_mus-cortex-4,crop1141,Rapid HPF,82,2360,1208320.0,0.0012,1356,1356,86784.0,86784.0,0.07182203,0.6322
Cortex,jrc_mus-cortex-4,crop1141,Rapid HPF,83,28567,14626304.0,0.0146,4735,7060,303040.0,451840.0,0.02071884,0.9544
Cortex,jrc_mus-cortex-4,crop1141,Rapid HPF,84,14287,7314944.0,0.0073,4706,4706,301184.0,301184.0,0.04117379,0.6051
Cortex,jrc_mus-cortex-4,crop1141,Rapid HPF,85,177435,90846720.0,0.0908,24707,38672,1581248.0,2475008.0,0.01740567,0.6181
Cortex,jrc_mus-cortex-4,crop1141,Rapid HPF,86,98634,50500608.0,0.0505,15651,19136,1001664.0,1224704.0,0.01983469,0.6596
Cortex,jrc_mus-cortex-4,crop1141,Rapid HPF,87,30272,15499264.0,0.0155,7358,7358,470912.0,470912.0,0.03038286,0.6384
Cortex,jrc_mus-cortex-4,crop1141,Rapid HPF,88,79922,40920064.0,0.0409,10240,15114,655360.0,967296.0,0.01601562,0.8763
Cortex,jrc_mus-cortex-4,crop1141,Rapid HPF,89,2324,1189888.0,0.0012,911,1708,58304.0,109312.0,0.04899957,0.9314
Cortex,jrc_mus-cortex-4,crop1141,Rapid HPF,90,12745,6525440.0,0.0065,4390,4390,280960.0,280960.0,0.0430561,0.6011
Cortex,jrc_mus-cortex-4,crop1141,Rapid HPF,91,19395,9930240.0,0.0099,5502,6358,352128.0,406912.0,0.03546017,0.6345
Cortex,jrc_mus-cortex-4,crop1141,Rapid HPF,92,1334,683008.0,0.0007,962,962,61568.0,61568.0,0.09014243,0.6092
Cortex,jrc_mus-cortex-4,crop1141,Rapid HPF,93,6337,3244544.0,0.0032,3984,3984,254976.0,254976.0,0.07858608,0.4157
Cortex,jrc_mus-cortex-4,crop1141,Rapid HPF,94,29920,15319040.0,0.0153,6564,7078,420096.0,452992.0,0.02742313,0.7101
Cortex,jrc_mus-cortex-4,crop1141,Rapid HPF,95,16136,8261632.0,0.0083,5697,6076,364608.0,388864.0,0.04413268,0.542
Cortex,jrc_mus-cortex-4,crop1141,Rapid HPF,96,13932,7133184.0,0.0071,4426,4426,283264.0,283264.0,0.03971074,0.6326
Cortex,jrc_mus-cortex-4,crop1141,Rapid HPF,97,6124,3135488.0,0.0031,2347,2614,150208.0,167296.0,0.04790578,0.6897
Cortex,jrc_mus-cortex-4,crop1141,Rapid HPF,98,4838,2477056.0,0.0025,1628,2402,104192.0,153728.0,0.04206284,0.8497
Cortex,jrc_mus-cortex-4,crop1141,Rapid HPF,99,6143,3145216.0,0.0031,3149,3624,201536.0,231936.0,0.064077,0.5151
Cortex,jrc_mus-cortex-4,crop1141,Rapid HPF,100,16124,8255488.0,0.0083,3250,4514,208000.0,288896.0,0.02519536,0.9497
Cortex,jrc_mus-cortex-4,crop1141,Rapid HPF,101,10902,5581824.0,0.0056,2536,3992,162304.0,255488.0,0.02907723,0.9376
Cortex,jrc_mus-cortex-4,crop1141,Rapid HPF,102,13545,6935040.0,0.0069,3387,4580,216768.0,293120.0,0.03125692,0.8113
Cortex,jrc_mus-cortex-4,crop1141,Rapid HPF,103,2727,1396224.0,0.0014,1532,1532,98048.0,98048.0,0.07022369,0.6161
Cortex,jrc_mus-cortex-4,crop1141,Rapid HPF,104,5252,2689024.0,0.0027,1868,2726,119552.0,174464.0,0.04445925,0.7822
Cortex,jrc_mus-cortex-4,crop1141,Rapid HPF,105,7746,3965952.0,0.004,2726,3568,174464.0,228352.0,0.04399045,0.6945
Cortex,jrc_mus-cortex-4,crop1141,Rapid HPF,106,11168,5718016.0,0.0057,3817,5332,244288.0,341248.0,0.04272251,0.633
Cortex,jrc_mus-cortex-4,crop1141,Rapid HPF,107,9464,4845568.0,0.0048,1946,3464,124544.0,221696.0,0.02570266,1.1119
Cortex,jrc_mus-cortex-4,crop1141,Rapid HPF,108,9481,4854272.0,0.0049,2397,4058,153408.0,259712.0,0.03160268,0.9038
Cortex,jrc_mus-cortex-4,crop1141,Rapid HPF,109,11724,6002688.0,0.006,3056,4266,195584.0,273024.0,0.03258274,0.8167
Cortex,jrc_mus-cortex-4,crop1141,Rapid HPF,110,9926,5082112.0,0.0051,3054,4002,195456.0,256128.0,0.0384596,0.7314
Cortex,jrc_mus-cortex-4,crop1141,Rapid HPF,111,8039,4115968.0,0.0041,2499,3442,159936.0,220288.0,0.03885744,0.7766
Cortex,jrc_mus-cortex-4,crop1141,Rapid HPF,112,3391,1736192.0,0.0017,1302,1656,83328.0,105984.0,0.04799469,0.8383
Cortex,jrc_mus-cortex-4,crop1141,Rapid HPF,113,923,472576.0,0.0005,445,746,28480.0,47744.0,0.06026544,1.0302
Cortex,jrc_mus-cortex-4,crop1141,Rapid HPF,114,1024,524288.0,0.0005,610,772,39040.0,49408.0,0.07446289,0.8054
Cortex,jrc_mus-cortex-4,crop1141,Rapid HPF,115,264,135168.0,0.0001,203,350,12992.0,22400.0,0.09611742,0.9804
Cortex,jrc_mus-cortex-4,crop1141,Rapid HPF,116,1841,942592.0,0.0009,1063,1500,68032.0,96000.0,0.07217545,0.6834
Cortex,jrc_mus-cortex-4,crop1141,Rapid HPF,117,548,280576.0,0.0003,367,548,23488.0,35072.0,0.0837135,0.8824
Cortex,jrc_mus-cortex-4,crop1141,Rapid HPF,118,1590,814080.0,0.0008,858,1248,54912.0,79872.0,0.06745283,0.7678
Cortex,jrc_mus-cortex-4,crop1141,Rapid HPF,119,1377,705024.0,0.0007,709,986,45376.0,63104.0,0.06436093,0.8442
