tissue,dataset,crop,prep,cell_id,voxels,volume_nm3,volume_um3,ecs_faces,total_faces,ecs_sa_nm2,total_sa_nm2,sa_v_ratio,sphericity
Kidney,jrc_mus-kidney,crop1026,Chemical,1,96795,6194880.0,0.0062,9258,18106,148128.0,289696.0,0.02391136,0.5631
Kidney,jrc_mus-kidney,crop1026,Chemical,2,723773,46321472.0,0.0463,76760,87826,1228160.0,1405216.0,0.02651384,0.4439
Kidney,jrc_mus-kidney,crop1026,Chemical,3,110952,7100928.0,0.0071,12051,19222,192816.0,307552.0,0.02715363,0.5809
Kidney,jrc_mus-kidney,crop1026,Chemical,4,10447483,668638912.0,0.6686,625969,721060,10015504.0,11536960.0,0.01497894,0.3205
Kidney,jrc_mus-kidney,crop1026,Chemical,5,23053,1475392.0,0.0015,4414,7192,70624.0,115072.0,0.04786796,0.5447
Kidney,jrc_mus-kidney,crop1026,Chemical,6,38339924,2453755136.0,2.4538,1516122,1882014,24257952.0,30112224.0,0.00988605,0.2922
Kidney,jrc_mus-kidney,crop1026,Chemical,7,41571,2660544.0,0.0027,8225,12828,131600.0,205248.0,0.04946357,0.4524
Kidney,jrc_mus-kidney,crop1026,Chemical,8,5433,347712.0,0.0003,1855,2562,29680.0,40992.0,0.085358,0.5834
Kidney,jrc_mus-kidney,crop1026,Chemical,9,221746,14191744.0,0.0142,22772,30820,364352.0,493120.0,0.02567352,0.5749
Kidney,jrc_mus-kidney,crop1026,Chemical,10,113950,7292800.0,0.0073,19876,21270,318016.0,340320.0,0.04360685,0.5344
Kidney,jrc_mus-kidney,crop1026,Chemical,11,51406,3289984.0,0.0033,10904,12238,174464.0,195808.0,0.05302883,0.5463
Kidney,jrc_mus-kidney,crop1026,Chemical,12,8786327,562324928.0,0.5623,546145,738286,8738320.0,11812576.0,0.01553963,0.2789
Kidney,jrc_mus-kidney,crop1026,Chemical,15,32174,2059136.0,0.0021,7897,9850,126352.0,157600.0,0.06136166,0.4967
Kidney,jrc_mus-kidney,crop1026,Chemical,16,429089,27461696.0,0.0275,40860,72408,653760.0,1158528.0,0.02380625,0.38
Kidney,jrc_mus-kidney,crop1026,Chemical,17,127149,8137536.0,0.0081,26040,26632,416640.0,426112.0,0.05119977,0.4592
Kidney,jrc_mus-kidney,crop1026,Chemical,18,9660,618240.0,0.0006,3419,5346,54704.0,85536.0,0.08848344,0.4103
Kidney,jrc_mus-kidney,crop1026,Chemical,19,2768307,177171648.0,0.1772,203099,250072,3249584.0,4001152.0,0.01834144,0.3813
Kidney,jrc_mus-kidney,crop1026,Chemical,20,1381689,88428096.0,0.0884,137082,150226,2193312.0,2403616.0,0.02480334,0.3993
Kidney,jrc_mus-kidney,crop1026,Chemical,21,16121,1031744.0,0.001,4566,5648,73056.0,90368.0,0.07080826,0.5464
Kidney,jrc_mus-kidney,crop1026,Chemical,22,136697,8748608.0,0.0087,21890,25116,350240.0,401856.0,0.0400338,0.5109
Kidney,jrc_mus-kidney,crop1026,Chemical,23,1206710,77229440.0,0.0772,114148,132336,1826368.0,2117376.0,0.0236486,0.4142
Kidney,jrc_mus-kidney,crop1026,Chemical,24,1688555,108067520.0,0.1081,156108,182726,2497728.0,2923616.0,0.02311266,0.3753
Kidney,jrc_mus-kidney,crop1026,Chemical,25,975010,62400640.0,0.0624,92813,111324,1485008.0,1781184.0,0.02379796,0.4271
Kidney,jrc_mus-kidney,crop1026,Chemical,26,64216,4109824.0,0.0041,10019,13754,160304.0,220064.0,0.03900508,0.5638
Kidney,jrc_mus-kidney,crop1026,Chemical,27,307467,19677888.0,0.0197,40944,47942,655104.0,767072.0,0.03329138,0.4595
Kidney,jrc_mus-kidney,crop1026,Chemical,28,131674,8427136.0,0.0084,27149,28064,434384.0,449024.0,0.05154586,0.446
Kidney,jrc_mus-kidney,crop1026,Chemical,29,137838,8821632.0,0.0088,27027,30230,432432.0,483680.0,0.0490195,0.4269
Kidney,jrc_mus-kidney,crop1026,Chemical,30,82189,5260096.0,0.0053,15413,20996,246608.0,335936.0,0.04688279,0.4354
Kidney,jrc_mus-kidney,crop1026,Chemical,31,125195,8012480.0,0.008,13773,21044,220368.0,336704.0,0.0275031,0.5751
Kidney,jrc_mus-kidney,crop1026,Chemical,33,202906,12985984.0,0.013,23426,34138,374816.0,546208.0,0.02886312,0.4892
Kidney,jrc_mus-kidney,crop1026,Chemical,34,81562,5219968.0,0.0052,9680,14978,154880.0,239648.0,0.02967068,0.6072
Kidney,jrc_mus-kidney,crop1026,Chemical,35,272955,17469120.0,0.0175,24155,41522,386480.0,664352.0,0.02212361,0.4901
Kidney,jrc_mus-kidney,crop1026,Chemical,36,117644,7529216.0,0.0075,19499,22942,311984.0,367072.0,0.04143645,0.5061
Kidney,jrc_mus-kidney,crop1026,Chemical,38,5014,320896.0,0.0003,2001,3034,32016.0,48544.0,0.09977064,0.4669
Kidney,jrc_mus-kidney,crop1026,Chemical,39,68257,4368448.0,0.0044,9227,15714,147632.0,251424.0,0.03379507,0.514
Kidney,jrc_mus-kidney,crop1026,Chemical,40,14880,952320.0,0.001,4097,4674,65552.0,74784.0,0.06883401,0.6259
Kidney,jrc_mus-kidney,crop1026,Chemical,41,28457,1821248.0,0.0018,4528,7942,72448.0,127072.0,0.03977932,0.5676
Kidney,jrc_mus-kidney,crop1026,Chemical,42,163460,10461440.0,0.0105,22160,33450,354560.0,535200.0,0.03389208,0.4322
Kidney,jrc_mus-kidney,crop1026,Chemical,44,6143,393152.0,0.0004,1736,2936,27776.0,46976.0,0.07064952,0.5525
Kidney,jrc_mus-kidney,crop1026,Chemical,45,14762,944768.0,0.0009,3968,6242,63488.0,99872.0,0.06719957,0.4662
Kidney,jrc_mus-kidney,crop1027,Chemical,1,24505767,1568369088.0,1.5684,1194234,1463958,19107744.0,23423328.0,0.01218319,0.2787
Kidney,jrc_mus-kidney,crop1027,Chemical,2,20633993,1320575552.0,1.3206,1176435,1375356,18822960.0,22005696.0,0.0142536,0.2645
Kidney,jrc_mus-kidney,crop1027,Chemical,3,7604,486656.0,0.0005,2224,4050,35584.0,64800.0,0.07311941,0.4617
Kidney,jrc_mus-kidney,crop1027,Chemical,4,31520,2017280.0,0.002,7870,12678,125920.0,202848.0,0.06242069,0.3806
Kidney,jrc_mus-kidney,crop1027,Chemical,5,8959,573376.0,0.0006,2579,3568,41264.0,57088.0,0.07196674,0.5847
Kidney,jrc_mus-kidney,crop1027,Chemical,6,22581,1445184.0,0.0014,4852,8774,77632.0,140384.0,0.05371773,0.4403
Kidney,jrc_mus-kidney,crop1027,Chemical,7,53280,3409920.0,0.0034,12431,19048,198896.0,304768.0,0.05832864,0.3595
Kidney,jrc_mus-kidney,crop1027,Chemical,8,127767,8177088.0,0.0082,16747,28920,267952.0,462720.0,0.03276863,0.4242
Kidney,jrc_mus-kidney,crop1027,Chemical,9,43548,2787072.0,0.0028,8391,11344,134256.0,181504.0,0.04817098,0.5277
Kidney,jrc_mus-kidney,crop1027,Chemical,11,148576,9508864.0,0.0095,30056,30992,480896.0,495872.0,0.05057344,0.4377
Kidney,jrc_mus-kidney,crop1027,Chemical,12,1409108,90182912.0,0.0902,86797,111740,1388752.0,1787840.0,0.01539928,0.544
Kidney,jrc_mus-kidney,crop1027,Chemical,13,51047,3267008.0,0.0033,10703,13200,171248.0,211200.0,0.05241738,0.5041
Kidney,jrc_mus-kidney,crop1027,Chemical,14,68056,4355584.0,0.0044,14285,16252,228560.0,260032.0,0.05247517,0.496
Kidney,jrc_mus-kidney,crop1027,Chemical,15,1646730,105390720.0,0.1054,137928,144438,2206848.0,2311008.0,0.02093968,0.4669
Kidney,jrc_mus-kidney,crop1027,Chemical,16,783635,50152640.0,0.0502,71005,78254,1136080.0,1252064.0,0.02265245,0.5253
Kidney,jrc_mus-kidney,crop1027,Chemical,17,928150,59401600.0,0.0594,96746,101262,1547936.0,1620192.0,0.02605883,0.4544
Kidney,jrc_mus-kidney,crop1027,Chemical,18,2540710,162605440.0,0.1626,211953,254612,3391248.0,4073792.0,0.02085569,0.3537
Kidney,jrc_mus-kidney,crop1027,Chemical,19,185769,11889216.0,0.0119,19950,26214,319200.0,419424.0,0.02684786,0.6006
Kidney,jrc_mus-kidney,crop1027,Chemical,20,21533,1378112.0,0.0014,5043,7444,80688.0,119104.0,0.05854967,0.5028
Kidney,jrc_mus-kidney,crop1027,Chemical,21,43255,2768320.0,0.0028,7616,12346,121856.0,197536.0,0.04401803,0.4827
Kidney,jrc_mus-kidney,crop1027,Chemical,22,6078917,389050688.0,0.3891,878533,952112,14056528.0,15233792.0,0.03613033,0.1692
Kidney,jrc_mus-kidney,crop1027,Chemical,23,36854,2358656.0,0.0024,7619,9636,121904.0,154176.0,0.05168367,0.5558
Kidney,jrc_mus-kidney,crop1027,Chemical,24,50743,3247552.0,0.0032,10752,11824,172032.0,189184.0,0.05297282,0.5606
Kidney,jrc_mus-kidney,crop1027,Chemical,25,10978,702592.0,0.0007,3357,4902,53712.0,78432.0,0.07644835,0.4873
Kidney,jrc_mus-kidney,crop1027,Chemical,26,269882,17272448.0,0.0173,28880,47480,462080.0,759680.0,0.02675243,0.4254
Kidney,jrc_mus-kidney,crop1027,Chemical,27,333587,21349568.0,0.0213,49318,82666,789088.0,1322656.0,0.03696037,0.2814
Kidney,jrc_mus-kidney,crop1028,Chemical,1,81110,5191040.0,0.0052,11279,19440,180464.0,311040.0,0.03476452,0.4661
Kidney,jrc_mus-kidney,crop1028,Chemical,2,100929,6459456.0,0.0065,18180,21944,290880.0,351104.0,0.04503166,0.4777
Kidney,jrc_mus-kidney,crop1028,Chemical,3,335483,21470912.0,0.0215,54315,58758,869040.0,940128.0,0.04047523,0.3974
Kidney,jrc_mus-kidney,crop1028,Chemical,4,72710,4653440.0,0.0047,11849,15864,189584.0,253824.0,0.04074061,0.531
Kidney,jrc_mus-kidney,crop1028,Chemical,5,85837,5493568.0,0.0055,14430,17890,230880.0,286240.0,0.04202733,0.526
Kidney,jrc_mus-kidney,crop1028,Chemical,6,57781,3697984.0,0.0037,9631,12888,154096.0,206208.0,0.04167027,0.5608
Kidney,jrc_mus-kidney,crop1028,Chemical,7,118630,7592320.0,0.0076,16609,21572,265744.0,345152.0,0.03500169,0.5412
Kidney,jrc_mus-kidney,crop1028,Chemical,8,44931,2875584.0,0.0029,7629,9938,122064.0,159008.0,0.04244842,0.615
Kidney,jrc_mus-kidney,crop1028,Chemical,9,129412,8282368.0,0.0083,16229,20534,259664.0,328544.0,0.03135142,0.6026
Kidney,jrc_mus-kidney,crop1028,Chemical,10,100692,6444288.0,0.0064,17819,19550,285104.0,312800.0,0.04424135,0.5354
Kidney,jrc_mus-kidney,crop1028,Chemical,11,10690,684160.0,0.0007,3053,4482,48848.0,71712.0,0.0713985,0.5236
Kidney,jrc_mus-kidney,crop1028,Chemical,12,88146,5641344.0,0.0056,16453,18044,263248.0,288704.0,0.04666406,0.5308
Kidney,jrc_mus-kidney,crop1028,Chemical,13,13054,835456.0,0.0008,3536,5192,56576.0,83072.0,0.06771871,0.5164
Kidney,jrc_mus-kidney,crop1028,Chemical,14,87587,5605568.0,0.0056,17252,18408,276032.0,294528.0,0.04924247,0.5181
Kidney,jrc_mus-kidney,crop1028,Chemical,15,229137,14664768.0,0.0147,32899,36506,526384.0,584096.0,0.03589446,0.496
Kidney,jrc_mus-kidney,crop1028,Chemical,16,53415,3418560.0,0.0034,9265,11404,148240.0,182464.0,0.04336329,0.6015
Kidney,jrc_mus-kidney,crop1028,Chemical,17,17544,1122816.0,0.0011,4355,5426,69680.0,86816.0,0.06205825,0.6018
Kidney,jrc_mus-kidney,crop1028,Chemical,18,111076,7108864.0,0.0071,14421,18396,230736.0,294336.0,0.03245751,0.6074
Kidney,jrc_mus-kidney,crop1028,Chemical,19,315975,20222400.0,0.0202,37974,39398,607584.0,630368.0,0.0300451,0.5694
Kidney,jrc_mus-kidney,crop1028,Chemical,20,53967,3453888.0,0.0035,8269,10986,132304.0,175776.0,0.03830582,0.6286
Kidney,jrc_mus-kidney,crop1028,Chemical,21,31653,2025792.0,0.002,4483,7294,71728.0,116704.0,0.03540739,0.6634
Kidney,jrc_mus-kidney,crop1028,Chemical,22,34032,2178048.0,0.0022,8120,9178,129920.0,146848.0,0.05964974,0.5533
Kidney,jrc_mus-kidney,crop1028,Chemical,24,35782,2290048.0,0.0023,7977,9376,127632.0,150016.0,0.05573333,0.5601
Kidney,jrc_mus-kidney,crop1028,Chemical,26,5960,381440.0,0.0004,1963,2576,31408.0,41216.0,0.0823406,0.6171
Kidney,jrc_mus-kidney,crop1028,Chemical,28,36897,2361408.0,0.0024,6996,8670,111936.0,138720.0,0.04740223,0.6182
Kidney,jrc_mus-kidney,crop1028,Chemical,29,131159,8394176.0,0.0084,20252,25044,324032.0,400704.0,0.038602,0.4985
Kidney,jrc_mus-kidney,crop1028,Chemical,30,129629,8296256.0,0.0083,24442,25166,391072.0,402656.0,0.04713837,0.4922
Kidney,jrc_mus-kidney,crop1028,Chemical,31,25516,1633024.0,0.0016,6070,7488,97120.0,119808.0,0.05947249,0.5597
Kidney,jrc_mus-kidney,crop1028,Chemical,32,145939,9340096.0,0.0093,25522,26358,408352.0,421728.0,0.04372032,0.5086
Kidney,jrc_mus-kidney,crop1028,Chemical,33,119618,7655552.0,0.0077,21628,22176,346048.0,354816.0,0.04520223,0.5294
Kidney,jrc_mus-kidney,crop1028,Chemical,34,101995,6527680.0,0.0065,19486,20132,311776.0,322112.0,0.04776215,0.5244
Kidney,jrc_mus-kidney,crop1028,Chemical,36,101911,6522304.0,0.0065,20322,21096,325152.0,337536.0,0.04985232,0.5001
Kidney,jrc_mus-kidney,crop1028,Chemical,37,19743,1263552.0,0.0013,3578,5178,57248.0,82848.0,0.0453072,0.6822
Kidney,jrc_mus-kidney,crop1028,Chemical,39,55029,3521856.0,0.0035,11865,12438,189840.0,199008.0,0.0539034,0.5625
Kidney,jrc_mus-kidney,crop1028,Chemical,40,113852,7286528.0,0.0073,21166,21886,338656.0,350176.0,0.04647701,0.5191
Kidney,jrc_mus-kidney,crop1028,Chemical,41,65516,4193024.0,0.0042,12484,17922,199744.0,286752.0,0.04763722,0.4385
Kidney,jrc_mus-kidney,crop1028,Chemical,42,13408,858112.0,0.0009,3576,5006,57216.0,80096.0,0.06667661,0.5452
Kidney,jrc_mus-kidney,crop1028,Chemical,43,114691,7340224.0,0.0073,16450,19040,263200.0,304640.0,0.03585722,0.5996
Kidney,jrc_mus-kidney,crop1028,Chemical,44,144296,9234944.0,0.0092,26734,27526,427744.0,440416.0,0.04631799,0.4833
Kidney,jrc_mus-kidney,crop1028,Chemical,45,162995,10431680.0,0.0104,24485,25670,391760.0,410720.0,0.03755483,0.5621
Kidney,jrc_mus-kidney,crop1028,Chemical,46,81077,5188928.0,0.0052,16163,17418,258608.0,278688.0,0.04983843,0.5201
Kidney,jrc_mus-kidney,crop1028,Chemical,47,133955,8573120.0,0.0086,25588,26290,409408.0,420640.0,0.04775484,0.4816
Kidney,jrc_mus-kidney,crop1028,Chemical,48,109234,6990976.0,0.007,20833,21436,333328.0,342976.0,0.04767975,0.5155
Kidney,jrc_mus-kidney,crop1028,Chemical,49,49839,3189696.0,0.0032,11230,16254,179680.0,260064.0,0.05633139,0.4029
Kidney,jrc_mus-kidney,crop1028,Chemical,50,146169,9354816.0,0.0094,24366,24948,389856.0,399168.0,0.04167436,0.5379
Kidney,jrc_mus-kidney,crop1028,Chemical,51,89376,5720064.0,0.0057,17211,18028,275376.0,288448.0,0.04814212,0.5362
Kidney,jrc_mus-kidney,crop1028,Chemical,52,10680,683520.0,0.0007,2926,4020,46816.0,64320.0,0.06849251,0.5834
Kidney,jrc_mus-kidney,crop1028,Chemical,54,118378,7576192.0,0.0076,21872,22920,349952.0,366720.0,0.04619102,0.5087
Kidney,jrc_mus-kidney,crop1028,Chemical,55,52937,3387968.0,0.0034,11131,11834,178096.0,189344.0,0.0525672,0.5761
Kidney,jrc_mus-kidney,crop1028,Chemical,56,93372,5975808.0,0.006,17974,18732,287584.0,299712.0,0.04812471,0.5313
Kidney,jrc_mus-kidney,crop1028,Chemical,57,10190,652160.0,0.0007,2847,3668,45552.0,58688.0,0.06984789,0.6197
Kidney,jrc_mus-kidney,crop1028,Chemical,58,10878,696192.0,0.0007,2973,4162,47568.0,66592.0,0.06832598,0.5704
Kidney,jrc_mus-kidney,crop1028,Chemical,59,143821,9204544.0,0.0092,25915,27174,414640.0,434784.0,0.04504732,0.4885
Kidney,jrc_mus-kidney,crop1028,Chemical,60,147693,9452352.0,0.0095,26821,27624,429136.0,441984.0,0.04539992,0.4891
Kidney,jrc_mus-kidney,crop1028,Chemical,61,213788,13682432.0,0.0137,34212,35012,547392.0,560192.0,0.04000692,0.4938
Kidney,jrc_mus-kidney,crop1028,Chemical,62,114253,7312192.0,0.0073,20713,21696,331408.0,347136.0,0.04532266,0.5248
Kidney,jrc_mus-kidney,crop1028,Chemical,63,295362,18903168.0,0.0189,40572,41280,649152.0,660480.0,0.03434091,0.5196
Kidney,jrc_mus-kidney,crop1028,Chemical,64,16961,1085504.0,0.0011,4133,5404,66128.0,86464.0,0.06091917,0.5907
Kidney,jrc_mus-kidney,crop1028,Chemical,65,39315,2516160.0,0.0025,8811,10272,140976.0,164352.0,0.05602823,0.5443
Kidney,jrc_mus-kidney,crop1028,Chemical,66,14616,935424.0,0.0009,3276,5248,52416.0,83968.0,0.05603448,0.5509
Kidney,jrc_mus-kidney,crop1028,Chemical,67,109189,6988096.0,0.007,20543,21442,328688.0,343072.0,0.04703542,0.5152
Kidney,jrc_mus-kidney,crop1028,Chemical,68,5865,375360.0,0.0004,1994,2748,31904.0,43968.0,0.08499574,0.5723
Kidney,jrc_mus-kidney,crop1028,Chemical,69,64933,4155712.0,0.0042,12278,13628,196448.0,218048.0,0.0472718,0.5733
Kidney,jrc_mus-kidney,crop1028,Chemical,70,116444,7452416.0,0.0075,21253,22208,340048.0,355328.0,0.04562923,0.5193
Kidney,jrc_mus-kidney,crop1028,Chemical,71,5582,357248.0,0.0004,2322,3592,37152.0,57472.0,0.10399498,0.4237
Kidney,jrc_mus-kidney,crop1028,Chemical,72,98805,6323520.0,0.0063,14241,19522,227856.0,312352.0,0.0360331,0.5294
Kidney,jrc_mus-kidney,crop1028,Chemical,74,133166,8522624.0,0.0085,24521,25286,392336.0,404576.0,0.04603465,0.4987
Kidney,jrc_mus-kidney,crop1028,Chemical,75,127187,8139968.0,0.0081,24038,24886,384608.0,398176.0,0.04724933,0.4915
Kidney,jrc_mus-kidney,crop1028,Chemical,76,108443,6940352.0,0.0069,20202,21090,323232.0,337440.0,0.04657285,0.5214
Kidney,jrc_mus-kidney,crop1028,Chemical,78,127350,8150400.0,0.0082,21912,22750,350592.0,364000.0,0.04301531,0.5381
Kidney,jrc_mus-kidney,crop1028,Chemical,79,1737750,111216000.0,0.1112,101288,139626,1620608.0,2234016.0,0.01457172,0.5006
Kidney,jrc_mus-kidney,crop1028,Chemical,80,95356,6102784.0,0.0061,18271,19238,292336.0,307808.0,0.04790207,0.5247
Kidney,jrc_mus-kidney,crop1028,Chemical,81,78922,5051008.0,0.0051,11393,15278,182288.0,244448.0,0.03608943,0.5824
Kidney,jrc_mus-kidney,crop1028,Chemical,82,33568,2148352.0,0.0021,6925,8680,110800.0,138880.0,0.05157442,0.5798
Kidney,jrc_mus-kidney,crop1028,Chemical,83,104611,6695104.0,0.0067,19463,20290,311408.0,324640.0,0.0465128,0.5292
Kidney,jrc_mus-kidney,crop1028,Chemical,84,79439,5084096.0,0.0051,15194,16080,243104.0,257280.0,0.04781656,0.5558
Kidney,jrc_mus-kidney,crop1028,Chemical,85,245756,15728384.0,0.0157,20184,27892,322944.0,446272.0,0.02053256,0.6803
Kidney,jrc_mus-kidney,crop1028,Chemical,86,135801,8691264.0,0.0087,25286,26606,404576.0,425696.0,0.04654973,0.4802
Kidney,jrc_mus-kidney,crop1028,Chemical,87,18549,1187136.0,0.0012,5317,7926,85072.0,126816.0,0.07166155,0.4275
Kidney,jrc_mus-kidney,crop1028,Chemical,88,105027,6721728.0,0.0067,21359,22038,341744.0,352608.0,0.05084169,0.4885
Kidney,jrc_mus-kidney,crop1028,Chemical,89,113387,7256768.0,0.0073,22790,24584,364640.0,393344.0,0.05024826,0.4608
Kidney,jrc_mus-kidney,crop1028,Chemical,90,8726,558464.0,0.0006,2665,3586,42640.0,57376.0,0.07635228,0.5716
Kidney,jrc_mus-kidney,crop1028,Chemical,91,13039,834496.0,0.0008,3357,5120,53712.0,81920.0,0.0643646,0.5233
Kidney,jrc_mus-kidney,crop1028,Chemical,92,76262,4880768.0,0.0049,11480,14818,183680.0,237088.0,0.03763342,0.5869
Kidney,jrc_mus-kidney,crop1028,Chemical,93,79964,5117696.0,0.0051,12804,16428,204864.0,262848.0,0.04003051,0.5464
Kidney,jrc_mus-kidney,crop1028,Chemical,94,46635,2984640.0,0.003,9991,11136,159856.0,178176.0,0.05355956,0.5626
Kidney,jrc_mus-kidney,crop1028,Chemical,95,38318,2452352.0,0.0025,6034,10520,96544.0,168320.0,0.03936792,0.5225
Kidney,jrc_mus-kidney,crop1028,Chemical,96,30452,1948928.0,0.0019,5843,8630,93488.0,138080.0,0.04796893,0.5465
Kidney,jrc_mus-kidney,crop1028,Chemical,97,48884,3128576.0,0.0031,9529,12230,152464.0,195680.0,0.04873271,0.5287
Kidney,jrc_mus-kidney,crop1028,Chemical,98,38405,2457920.0,0.0025,6922,9952,110752.0,159232.0,0.04505924,0.5531
Kidney,jrc_mus-kidney,crop1028,Chemical,99,25269,1617216.0,0.0016,4626,8172,74016.0,130752.0,0.04576754,0.5096
Kidney,jrc_mus-kidney,crop1029,Chemical,1,5883,376512.0,0.0004,2065,3068,33040.0,49088.0,0.08775285,0.5137
Kidney,jrc_mus-kidney,crop1029,Chemical,2,115069,7364416.0,0.0074,8942,17424,143072.0,278784.0,0.01942747,0.6566
Kidney,jrc_mus-kidney,crop1029,Chemical,3,9081,581184.0,0.0006,2918,4340,46688.0,69440.0,0.08033256,0.485
Kidney,jrc_mus-kidney,crop1029,Chemical,4,13262,848768.0,0.0008,3478,4810,55648.0,76960.0,0.06556326,0.5633
Kidney,jrc_mus-kidney,crop1029,Chemical,5,51350,3286400.0,0.0033,10719,11780,171504.0,188480.0,0.05218598,0.5672
Kidney,jrc_mus-kidney,crop1029,Chemical,6,9769,625216.0,0.0006,2926,4086,46816.0,65376.0,0.07487972,0.5409
Kidney,jrc_mus-kidney,crop1029,Chemical,7,18368,1175552.0,0.0012,3647,5316,58352.0,85056.0,0.04963796,0.6333
Kidney,jrc_mus-kidney,crop1029,Chemical,8,45723,2926272.0,0.0029,9554,10972,152864.0,175552.0,0.05223848,0.5636
Kidney,jrc_mus-kidney,crop1029,Chemical,9,30076,1924864.0,0.0019,6640,8192,106240.0,131072.0,0.05519351,0.5709
Kidney,jrc_mus-kidney,crop1029,Chemical,10,21078,1348992.0,0.0013,4902,6194,78432.0,99104.0,0.05814119,0.5958
Kidney,jrc_mus-kidney,crop1029,Chemical,12,93191,5964224.0,0.006,15933,17452,254928.0,279232.0,0.04274286,0.5696
Kidney,jrc_mus-kidney,crop1029,Chemical,13,21540,1378560.0,0.0014,4817,6206,77072.0,99296.0,0.05590761,0.6033
Kidney,jrc_mus-kidney,crop1029,Chemical,14,29110,1863040.0,0.0019,6376,9258,102016.0,148128.0,0.05475782,0.4943
Kidney,jrc_mus-kidney,crop1029,Chemical,15,51826,3316864.0,0.0033,12026,13142,192416.0,210272.0,0.05801142,0.5115
Kidney,jrc_mus-kidney,crop1029,Chemical,16,125464,8029696.0,0.008,21194,24348,339104.0,389568.0,0.04223124,0.4978
Kidney,jrc_mus-kidney,crop1029,Chemical,17,140223,8974272.0,0.009,19896,22118,318336.0,353888.0,0.03547207,0.5901
Kidney,jrc_mus-kidney,crop1029,Chemical,18,54666,3498624.0,0.0035,8555,11156,136880.0,178496.0,0.03912395,0.6244
Kidney,jrc_mus-kidney,crop1029,Chemical,20,42126,2696064.0,0.0027,8150,9376,130400.0,150016.0,0.0483668,0.6245
Kidney,jrc_mus-kidney,crop1029,Chemical,21,94841,6069824.0,0.0061,18652,19576,298432.0,313216.0,0.0491665,0.5138
Kidney,jrc_mus-kidney,crop1029,Chemical,22,40432,2587648.0,0.0026,9321,10484,149136.0,167744.0,0.0576338,0.5434
Kidney,jrc_mus-kidney,crop1029,Chemical,23,126661,8106304.0,0.0081,18602,20370,297632.0,325920.0,0.03671612,0.5988
Kidney,jrc_mus-kidney,crop1029,Chemical,24,125783,8050112.0,0.0081,19277,20366,308432.0,325856.0,0.038314,0.5961
Kidney,jrc_mus-kidney,crop1029,Chemical,25,45461,2909504.0,0.0029,9228,13892,147648.0,222272.0,0.05074679,0.4434
Kidney,jrc_mus-kidney,crop1029,Chemical,26,345482,22110848.0,0.0221,47445,48682,759120.0,778912.0,0.03433247,0.4891
Kidney,jrc_mus-kidney,crop1029,Chemical,27,60403,3865792.0,0.0039,13089,14318,209424.0,229088.0,0.05417363,0.52
Kidney,jrc_mus-kidney,crop1029,Chemical,28,40780,2609920.0,0.0026,8714,10120,139424.0,161920.0,0.05342079,0.5662
Kidney,jrc_mus-kidney,crop1029,Chemical,29,93474,5982336.0,0.006,16223,18386,259568.0,294176.0,0.04338907,0.5417
Kidney,jrc_mus-kidney,crop1029,Chemical,30,52074,3332736.0,0.0033,7667,11214,122672.0,179424.0,0.0368082,0.6014
Kidney,jrc_mus-kidney,crop1029,Chemical,31,81305,5203520.0,0.0052,18251,19516,292016.0,312256.0,0.05611893,0.4651
Kidney,jrc_mus-kidney,crop1029,Chemical,32,53568,3428352.0,0.0034,11997,13186,191952.0,210976.0,0.05598958,0.5212
Kidney,jrc_mus-kidney,crop1029,Chemical,33,90049,5763136.0,0.0058,15742,17912,251872.0,286592.0,0.04370398,0.5424
Kidney,jrc_mus-kidney,crop1029,Chemical,34,930474,59550336.0,0.0596,88305,90620,1412880.0,1449920.0,0.02372581,0.5086
Kidney,jrc_mus-kidney,crop1029,Chemical,35,121738,7791232.0,0.0078,25682,28176,410912.0,450816.0,0.05274031,0.4216
Kidney,jrc_mus-kidney,crop1029,Chemical,36,355409,22746176.0,0.0227,41231,42446,659696.0,679136.0,0.0290025,0.5717
Kidney,jrc_mus-kidney,crop1029,Chemical,37,94016,6017024.0,0.006,17272,20398,276352.0,326368.0,0.04592835,0.4902
Kidney,jrc_mus-kidney,crop1029,Chemical,38,135468,8669952.0,0.0087,28116,29480,449856.0,471680.0,0.05188679,0.4327
Kidney,jrc_mus-kidney,crop1029,Chemical,39,133135,8520640.0,0.0085,27479,29184,439664.0,466944.0,0.05159988,0.4321
Kidney,jrc_mus-kidney,crop1029,Chemical,40,42922,2747008.0,0.0027,7133,10526,114128.0,168416.0,0.04154629,0.5632
Kidney,jrc_mus-kidney,crop1029,Chemical,41,102316,6548224.0,0.0065,19852,21132,317632.0,338112.0,0.04850659,0.5006
Kidney,jrc_mus-kidney,crop1029,Chemical,42,65647,4201408.0,0.0042,13573,19518,217168.0,312288.0,0.05168934,0.4032
Kidney,jrc_mus-kidney,crop1029,Chemical,43,195024,12481536.0,0.0125,36597,38638,585552.0,618208.0,0.04691346,0.4209
Kidney,jrc_mus-kidney,crop1029,Chemical,44,126796,8114944.0,0.0081,17771,21742,284336.0,347872.0,0.03503857,0.5614
Kidney,jrc_mus-kidney,crop1029,Chemical,45,115342,7381888.0,0.0074,24250,25578,388000.0,409248.0,0.05256108,0.448
Kidney,jrc_mus-kidney,crop1029,Chemical,46,153475,9822400.0,0.0098,30775,32322,492400.0,517152.0,0.05013031,0.4289
Kidney,jrc_mus-kidney,crop1029,Chemical,47,69453,4444992.0,0.0044,13861,15344,221776.0,245504.0,0.04989345,0.5325
Kidney,jrc_mus-kidney,crop1029,Chemical,48,132109,8454976.0,0.0085,27298,28802,436768.0,460832.0,0.0516581,0.4355
Kidney,jrc_mus-kidney,crop1029,Chemical,50,85578,5476992.0,0.0055,15474,18632,247584.0,298112.0,0.04520437,0.504
Kidney,jrc_mus-kidney,crop1029,Chemical,51,82094,5254016.0,0.0053,17258,18564,276128.0,297024.0,0.05255561,0.4921
Kidney,jrc_mus-kidney,crop1029,Chemical,52,304765,19504960.0,0.0195,39822,42492,637152.0,679872.0,0.03266615,0.5154
Kidney,jrc_mus-kidney,crop1029,Chemical,53,53848,3446272.0,0.0034,13061,18408,208976.0,294528.0,0.06063828,0.3746
Kidney,jrc_mus-kidney,crop1029,Chemical,54,66209,4237376.0,0.0042,14835,21542,237360.0,344672.0,0.0560158,0.3674
Kidney,jrc_mus-kidney,crop1029,Chemical,55,108351,6934464.0,0.0069,21697,23266,347152.0,372256.0,0.05006184,0.4724
Kidney,jrc_mus-kidney,crop1029,Chemical,56,140326,8980864.0,0.009,28086,28956,449376.0,463296.0,0.05003706,0.451
Kidney,jrc_mus-kidney,crop1029,Chemical,57,152886,9784704.0,0.0098,27878,29264,446048.0,468224.0,0.04558625,0.4725
Kidney,jrc_mus-kidney,crop1029,Chemical,58,91994,5887616.0,0.0059,14591,21770,233456.0,348320.0,0.03965204,0.4527
Kidney,jrc_mus-kidney,crop1029,Chemical,59,127782,8178048.0,0.0082,25479,26634,407664.0,426144.0,0.04984857,0.4606
Kidney,jrc_mus-kidney,crop1029,Chemical,60,215639,13800896.0,0.0138,33700,34856,539200.0,557696.0,0.03906993,0.4989
Kidney,jrc_mus-kidney,crop1029,Chemical,61,128770,8241280.0,0.0082,25933,26974,414928.0,431584.0,0.05034752,0.4572
Kidney,jrc_mus-kidney,crop1029,Chemical,62,119095,7622080.0,0.0076,23786,24766,380576.0,396256.0,0.04993073,0.4727
Kidney,jrc_mus-kidney,crop1029,Chemical,63,117270,7505280.0,0.0075,24540,25352,392640.0,405632.0,0.05231517,0.457
Kidney,jrc_mus-kidney,crop1029,Chemical,64,118155,7561920.0,0.0076,22162,23062,354592.0,368992.0,0.04689179,0.5049
Kidney,jrc_mus-kidney,crop1029,Chemical,65,486031,31105984.0,0.0311,52342,56098,837472.0,897568.0,0.02692318,0.5329
Kidney,jrc_mus-kidney,crop1029,Chemical,66,130560,8355840.0,0.0084,25801,26832,412816.0,429312.0,0.04940449,0.4638
Kidney,jrc_mus-kidney,crop1029,Chemical,67,116576,7460864.0,0.0075,20747,22918,331952.0,366688.0,0.04449243,0.5036
Kidney,jrc_mus-kidney,crop1029,Chemical,68,47973,3070272.0,0.0031,9185,14220,146960.0,227520.0,0.04786547,0.449
Kidney,jrc_mus-kidney,crop1029,Chemical,69,106976,6846464.0,0.0068,22089,22922,353424.0,366752.0,0.05162139,0.4754
Kidney,jrc_mus-kidney,crop1029,Chemical,70,102405,6553920.0,0.0066,20794,21778,332704.0,348448.0,0.05076412,0.486
Kidney,jrc_mus-kidney,crop1029,Chemical,71,139157,8906048.0,0.0089,22303,26258,356848.0,420128.0,0.04006805,0.4946
Kidney,jrc_mus-kidney,crop1029,Chemical,72,98813,6324032.0,0.0063,19895,20724,318320.0,331584.0,0.05033498,0.4988
Kidney,jrc_mus-kidney,crop1029,Chemical,73,98648,6313472.0,0.0063,20238,21174,323808.0,338784.0,0.05128842,0.4876
Kidney,jrc_mus-kidney,crop1029,Chemical,74,107774,6897536.0,0.0069,21005,21910,336080.0,350560.0,0.04872465,0.4999
Kidney,jrc_mus-kidney,crop1029,Chemical,75,17627,1128128.0,0.0011,5959,9114,95344.0,145824.0,0.08451523,0.3594
Kidney,jrc_mus-kidney,crop1029,Chemical,76,102587,6565568.0,0.0066,19477,20486,311632.0,327776.0,0.04746459,0.5173
Kidney,jrc_mus-kidney,crop1029,Chemical,77,99019,6337216.0,0.0063,17968,18896,287488.0,302336.0,0.04536503,0.5478
Kidney,jrc_mus-kidney,crop1029,Chemical,78,80719,5166016.0,0.0052,15924,17024,254784.0,272384.0,0.04931924,0.5306
Kidney,jrc_mus-kidney,crop1029,Chemical,79,64108,4102912.0,0.0041,13870,14638,221920.0,234208.0,0.05408841,0.5292
Kidney,jrc_mus-kidney,crop1029,Chemical,80,57684,3691776.0,0.0037,12187,13096,194992.0,209536.0,0.05281794,0.5513
Kidney,jrc_mus-kidney,crop1029,Chemical,81,86475,5534400.0,0.0055,15674,16738,250784.0,267808.0,0.04531367,0.565
Kidney,jrc_mus-kidney,crop1029,Chemical,82,138612,8871168.0,0.0089,18601,21252,297616.0,340032.0,0.03354868,0.6095
Kidney,jrc_mus-kidney,crop1029,Chemical,83,78465,5021760.0,0.005,13368,14894,213888.0,238304.0,0.04259224,0.5951
Kidney,jrc_mus-kidney,crop1029,Chemical,84,5388,344832.0,0.0003,2333,3784,37328.0,60544.0,0.10824981,0.3928
Kidney,jrc_mus-kidney,crop1029,Chemical,86,9716,621824.0,0.0006,2763,4378,44208.0,70048.0,0.07109407,0.503
Kidney,jrc_mus-kidney,crop1029,Chemical,87,35775,2289600.0,0.0023,8018,8974,128288.0,143584.0,0.05603075,0.5851
Kidney,jrc_mus-kidney,crop1029,Chemical,88,26621,1703744.0,0.0017,5642,6710,90272.0,107360.0,0.05298449,0.6426
Kidney,jrc_mus-kidney,crop1029,Chemical,89,25315,1620160.0,0.0016,5438,6546,87008.0,104736.0,0.05370334,0.6369
Kidney,jrc_mus-kidney,crop1029,Chemical,90,27206,1741184.0,0.0017,5866,7074,93856.0,113184.0,0.05390355,0.6184
Kidney,jrc_mus-kidney,crop1029,Chemical,91,18999,1215936.0,0.0012,4480,5634,71680.0,90144.0,0.05895047,0.6112
Kidney,jrc_mus-kidney,crop1029,Chemical,93,11061,707904.0,0.0007,3198,4100,51168.0,65600.0,0.07228099,0.5855
Kidney,jrc_mus-kidney,crop1029,Chemical,94,8815,564160.0,0.0006,2627,3602,42032.0,57632.0,0.07450369,0.5729
Kidney,jrc_mus-kidney,crop1030,Chemical,1,11037009,706368576.0,0.7064,667665,798598,10682640.0,12777568.0,0.01512332,0.3002
Kidney,jrc_mus-kidney,crop1030,Chemical,2,7652739,489775296.0,0.4898,323380,387508,5174080.0,6200128.0,0.01056419,0.4846
Kidney,jrc_mus-kidney,crop1030,Chemical,3,1340139,85768896.0,0.0858,166082,173948,2657312.0,2783168.0,0.03098223,0.3379
Kidney,jrc_mus-kidney,crop1030,Chemical,4,1539511,98528704.0,0.0985,140644,154156,2250304.0,2466496.0,0.02283907,0.4183
Kidney,jrc_mus-kidney,crop1030,Chemical,5,2080193,133132352.0,0.1331,160794,191270,2572704.0,3060320.0,0.01932441,0.412
Kidney,jrc_mus-kidney,crop1030,Chemical,6,431498,27615872.0,0.0276,28924,50414,462784.0,806624.0,0.0167579,0.5478
Kidney,jrc_mus-kidney,crop1030,Chemical,7,107906,6905984.0,0.0069,17758,23524,284128.0,376384.0,0.04114229,0.4659
Kidney,jrc_mus-kidney,crop1030,Chemical,8,2762718,176813952.0,0.1768,379345,417942,6069520.0,6687072.0,0.03432716,0.2278
Kidney,jrc_mus-kidney,crop1030,Chemical,9,16357867,1046903488.0,1.0469,836433,1059328,13382928.0,16949248.0,0.01278334,0.2942
Kidney,jrc_mus-kidney,crop1030,Chemical,10,3755423,240347072.0,0.2403,491118,534088,7857888.0,8545408.0,0.03269392,0.2188
Kidney,jrc_mus-kidney,crop1030,Chemical,11,686988,43967232.0,0.044,67824,81222,1085184.0,1299552.0,0.02468165,0.4636
Kidney,jrc_mus-kidney,crop1030,Chemical,12,109040,6978560.0,0.007,14549,18450,232784.0,295200.0,0.03335702,0.5982
Kidney,jrc_mus-kidney,crop1030,Chemical,13,3762901,240825664.0,0.2408,236391,310026,3782256.0,4960416.0,0.01570537,0.3774
Kidney,jrc_mus-kidney,crop1030,Chemical,14,5901666,377706624.0,0.3777,400814,541306,6413024.0,8660896.0,0.01697885,0.2918
Kidney,jrc_mus-kidney,crop1030,Chemical,15,331485,21215040.0,0.0212,27967,40330,447472.0,645280.0,0.02109221,0.5743
Kidney,jrc_mus-kidney,crop1030,Chemical,16,418901,26809664.0,0.0268,50163,54076,802608.0,865216.0,0.02993726,0.5007
Kidney,jrc_mus-kidney,crop1030,Chemical,17,330246,21135744.0,0.0211,50538,60508,808608.0,968128.0,0.03825784,0.3819
Kidney,jrc_mus-kidney,crop1030,Chemical,18,86467,5533888.0,0.0055,16269,20968,260304.0,335488.0,0.04703818,0.451
Kidney,jrc_mus-kidney,crop1030,Chemical,19,38181,2443584.0,0.0024,9187,11342,146992.0,181472.0,0.06015427,0.4835
Kidney,jrc_mus-kidney,crop1030,Chemical,20,260768,16689152.0,0.0167,39367,46542,629872.0,744672.0,0.0377414,0.4241
Kidney,jrc_mus-kidney,crop1030,Chemical,21,16302,1043328.0,0.001,7181,7186,114896.0,114976.0,0.11012452,0.4327
Kidney,jrc_mus-kidney,crop1030,Chemical,22,4664184,298507776.0,0.2985,183508,233656,2936128.0,3738496.0,0.00983602,0.5778
Kidney,jrc_mus-kidney,crop1030,Chemical,24,571903,36601792.0,0.0366,37320,65866,597120.0,1053856.0,0.01631396,0.5059
Kidney,jrc_mus-kidney,crop1030,Chemical,25,105875,6776000.0,0.0068,14320,18460,229120.0,295360.0,0.03381346,0.5863
Kidney,jrc_mus-kidney,crop1030,Chemical,26,19154,1225856.0,0.0012,4485,7562,71760.0,120992.0,0.05853869,0.4578
Kidney,jrc_mus-kidney,crop1030,Chemical,27,21690,1388160.0,0.0014,3677,7354,58832.0,117664.0,0.04238128,0.5114
Kidney,jrc_mus-kidney,crop1030,Chemical,28,8050,515200.0,0.0005,2887,3470,46192.0,55520.0,0.08965839,0.5598
Kidney,jrc_mus-kidney,crop1031,Chemical,1,176517858,11297142912.0,11.2971,592267,2224208,9476272.0,35587328.0,0.00083882,0.6842
Kidney,jrc_mus-kidney,crop1031,Chemical,2,70669333,4522837312.0,4.5228,896046,1847150,14336736.0,29554400.0,0.00316985,0.4475
Kidney,jrc_mus-kidney,crop1032,Chemical,1,29383,1880512.0,0.0019,5266,8740,84256.0,139840.0,0.04480482,0.5269
Kidney,jrc_mus-kidney,crop1032,Chemical,2,306718,19629952.0,0.0196,27769,42440,444304.0,679040.0,0.02263398,0.5182
Kidney,jrc_mus-kidney,crop1032,Chemical,3,1015345,64982080.0,0.065,71331,93314,1141296.0,1493024.0,0.01756324,0.5235
Kidney,jrc_mus-kidney,crop1032,Chemical,4,1222440,78236160.0,0.0782,126963,161714,2031408.0,2587424.0,0.02596508,0.3419
Kidney,jrc_mus-kidney,crop1032,Chemical,5,1608170,102922880.0,0.1029,185627,216116,2970032.0,3457856.0,0.02885687,0.3072
Kidney,jrc_mus-kidney,crop1032,Chemical,6,7847496,502239744.0,0.5022,404140,501380,6466240.0,8022080.0,0.01287481,0.3809
Kidney,jrc_mus-kidney,crop1032,Chemical,7,9066036,580226304.0,0.5802,460216,605326,7363456.0,9685216.0,0.01269066,0.3474
Kidney,jrc_mus-kidney,crop1032,Chemical,8,943513,60384832.0,0.0604,112281,119996,1796496.0,1919936.0,0.02975078,0.3877
Kidney,jrc_mus-kidney,crop1032,Chemical,9,5086993,325567552.0,0.3256,291161,345942,4658576.0,5535072.0,0.01430909,0.4135
Kidney,jrc_mus-kidney,crop1032,Chemical,10,3594805,230067520.0,0.2301,522867,568580,8365872.0,9097280.0,0.03636268,0.1996
Kidney,jrc_mus-kidney,crop1032,Chemical,11,6112474,391198336.0,0.3912,182515,350676,2920240.0,5610816.0,0.00746486,0.461
Kidney,jrc_mus-kidney,crop1032,Chemical,12,2282325,146068800.0,0.1461,417789,453316,6684624.0,7253056.0,0.04576353,0.1849
Kidney,jrc_mus-kidney,crop1032,Chemical,13,64325,4116800.0,0.0041,15498,17320,247968.0,277120.0,0.06023319,0.4483
Kidney,jrc_mus-kidney,crop1032,Chemical,14,1218327,77972928.0,0.078,107601,117206,1721616.0,1875296.0,0.02207966,0.4707
Kidney,jrc_mus-kidney,crop1032,Chemical,15,308054,19715456.0,0.0197,25724,50520,411584.0,808320.0,0.02087621,0.4366
Kidney,jrc_mus-kidney,crop1032,Chemical,16,436711,27949504.0,0.0279,49250,59396,788000.0,950336.0,0.0281937,0.4687
Kidney,jrc_mus-kidney,crop1032,Chemical,17,134336,8597504.0,0.0086,18243,22454,291888.0,359264.0,0.03395032,0.5649
Kidney,jrc_mus-kidney,crop1032,Chemical,18,1173606,75110784.0,0.0751,73779,106596,1180464.0,1705536.0,0.01571631,0.5048
Kidney,jrc_mus-kidney,crop1032,Chemical,19,1056169,67594816.0,0.0676,57559,90644,920944.0,1450304.0,0.01362448,0.5533
Kidney,jrc_mus-kidney,crop1032,Chemical,20,68770,4401280.0,0.0044,13040,13040,208640.0,208640.0,0.04740439,0.6225
Kidney,jrc_mus-kidney,crop1032,Chemical,21,608050,38915200.0,0.0389,37985,63048,607760.0,1008768.0,0.01561755,0.5505
Kidney,jrc_mus-kidney,crop1032,Chemical,22,104716,6701824.0,0.0067,10187,18692,162992.0,299072.0,0.02432054,0.5748
Kidney,jrc_mus-kidney,crop1032,Chemical,23,136834,8757376.0,0.0088,12422,24844,198752.0,397504.0,0.02269538,0.5169
Kidney,jrc_mus-kidney,crop1032,Chemical,24,148784,9522176.0,0.0095,19637,22720,314192.0,363520.0,0.03299582,0.5976
Kidney,jrc_mus-kidney,crop1032,Chemical,25,16927,1083328.0,0.0011,5164,5164,82624.0,82624.0,0.07626868,0.6174
Kidney,jrc_mus-kidney-4,crop1134,Rapid HPF,1,2492445,1276131840.0,1.2761,341504,413940,21856256.0,26492160.0,0.01712696,0.2148
Kidney,jrc_mus-kidney-4,crop1134,Rapid HPF,2,259298,132760576.0,0.1328,53472,59244,3422208.0,3791616.0,0.02577729,0.3319
Kidney,jrc_mus-kidney-4,crop1134,Rapid HPF,3,2937386,1503941632.0,1.5039,313920,374480,20090880.0,23966720.0,0.01335882,0.2649
Kidney,jrc_mus-kidney-4,crop1134,Rapid HPF,4,106575,54566400.0,0.0546,20466,23256,1309824.0,1488384.0,0.02400422,0.4674
Kidney,jrc_mus-kidney-4,crop1134,Rapid HPF,5,15398,7883776.0,0.0079,3511,4912,224704.0,314368.0,0.02850208,0.6094
Kidney,jrc_mus-kidney-4,crop1134,Rapid HPF,7,81165,41556480.0,0.0416,16013,19020,1024832.0,1217280.0,0.02466118,0.4766
Kidney,jrc_mus-kidney-4,crop1134,Rapid HPF,9,14340,7342080.0,0.0073,3770,4692,241280.0,300288.0,0.03286262,0.6084
Kidney,jrc_mus-kidney-4,crop1134,Rapid HPF,10,6554,3355648.0,0.0034,2551,2978,163264.0,190592.0,0.04865349,0.5687
Kidney,jrc_mus-kidney-4,crop1134,Rapid HPF,11,7343,3759616.0,0.0038,2431,2884,155584.0,184576.0,0.04138295,0.6335
Kidney,jrc_mus-kidney-4,crop1134,Rapid HPF,12,20308,10397696.0,0.0104,5010,6942,320640.0,444288.0,0.0308376,0.5185
Kidney,jrc_mus-kidney-4,crop1134,Rapid HPF,13,14696,7524352.0,0.0075,4267,6206,273088.0,397184.0,0.03629389,0.4675
Kidney,jrc_mus-kidney-4,crop1134,Rapid HPF,14,112879,57794048.0,0.0578,29395,31370,1881280.0,2007680.0,0.03255145,0.3601
Kidney,jrc_mus-kidney-4,crop1134,Rapid HPF,15,1385226,709235712.0,0.7092,187038,214058,11970432.0,13699712.0,0.01687793,0.2807
Kidney,jrc_mus-kidney-4,crop1134,Rapid HPF,16,94727,48500224.0,0.0485,17638,23156,1128832.0,1481984.0,0.02327478,0.434
Kidney,jrc_mus-kidney-4,crop1134,Rapid HPF,17,395139,202311168.0,0.2023,71760,75584,4592640.0,4837376.0,0.02270087,0.3445
Kidney,jrc_mus-kidney-4,crop1134,Rapid HPF,18,348594,178480128.0,0.1785,61781,66128,3953984.0,4232192.0,0.02215364,0.3622
Kidney,jrc_mus-kidney-4,crop1134,Rapid HPF,21,19076,9766912.0,0.0098,6706,6706,429184.0,429184.0,0.04394265,0.5148
Kidney,jrc_mus-kidney-4,crop1134,Rapid HPF,22,88556,45340672.0,0.0453,36973,42106,2366272.0,2694784.0,0.05218873,0.2282
Kidney,jrc_mus-kidney-4,crop1134,Rapid HPF,23,6768,3465216.0,0.0035,2050,2670,131200.0,170880.0,0.037862,0.6481
Kidney,jrc_mus-kidney-4,crop1134,Rapid HPF,24,11488,5881856.0,0.0059,6649,6854,425536.0,438656.0,0.07234723,0.3592
Kidney,jrc_mus-kidney-4,crop1134,Rapid HPF,25,126964,65005568.0,0.065,26336,27950,1685504.0,1788800.0,0.02592861,0.4371
Kidney,jrc_mus-kidney-4,crop1134,Rapid HPF,28,48109,24631808.0,0.0246,9911,13940,634304.0,892160.0,0.02575142,0.4589
Kidney,jrc_mus-kidney-4,crop1134,Rapid HPF,30,27184,13918208.0,0.0139,6953,9164,444992.0,586496.0,0.03197193,0.4771
Kidney,jrc_mus-kidney-4,crop1136,Rapid HPF,1,2991475,1531635200.0,1.5316,114453,219914,7324992.0,14074496.0,0.00478247,0.4565
Kidney,jrc_mus-kidney-4,crop1136,Rapid HPF,2,10356517,5302536704.0,5.3025,244262,390698,15632768.0,25004672.0,0.00294817,0.5881
Kidney,jrc_mus-kidney-4,crop1136,Rapid HPF,3,280970,143856640.0,0.1439,22393,40908,1433152.0,2618112.0,0.00996236,0.5071
Kidney,jrc_mus-kidney-4,crop1136,Rapid HPF,5,5673,2904576.0,0.0029,2537,2950,162368.0,188800.0,0.05590076,0.5214
Kidney,jrc_mus-kidney-4,crop1136,Rapid HPF,6,32881,16835072.0,0.0168,6283,9268,402112.0,593152.0,0.02388537,0.5355
Kidney,jrc_mus-kidney-4,crop1136,Rapid HPF,7,35732,18294784.0,0.0183,14050,16272,899200.0,1041408.0,0.04915062,0.3224
Kidney,jrc_mus-kidney-4,crop1136,Rapid HPF,8,1243461,636652032.0,0.6367,67436,107844,4315904.0,6902016.0,0.00677906,0.5185
Kidney,jrc_mus-kidney-4,crop1136,Rapid HPF,9,23298,11928576.0,0.0119,6297,8254,403008.0,528256.0,0.03378509,0.4779
Kidney,jrc_mus-kidney-4,crop1136,Rapid HPF,10,5416494,2773244928.0,2.7732,558877,657480,35768128.0,42078720.0,0.01289757,0.2269
Kidney,jrc_mus-kidney-4,crop1136,Rapid HPF,11,368964,188909568.0,0.1889,83959,90222,5373376.0,5774208.0,0.02844417,0.2757
Kidney,jrc_mus-kidney-4,crop1136,Rapid HPF,12,1093833,560042496.0,0.56,135985,154736,8703040.0,9903104.0,0.01553996,0.3318
Kidney,jrc_mus-kidney-4,crop1136,Rapid HPF,13,516550,264473600.0,0.2645,68695,77332,4396480.0,4949248.0,0.01662351,0.4026
Kidney,jrc_mus-kidney-4,crop1136,Rapid HPF,14,522987,267769344.0,0.2678,50725,65750,3246400.0,4208000.0,0.01212387,0.4774
Kidney,jrc_mus-kidney-4,crop1136,Rapid HPF,15,846733,433527296.0,0.4335,41990,72482,2687360.0,4638848.0,0.00619883,0.5972
Kidney,jrc_mus-kidney-4,crop1136,Rapid HPF,16,239855,122805760.0,0.1228,35796,40076,2290944.0,2564864.0,0.01865502,0.4658
Kidney,jrc_mus-kidney-4,crop1136,Rapid HPF,17,36351,18611712.0,0.0186,7216,9680,461824.0,619520.0,0.02481362,0.5482
Kidney,jrc_mus-kidney-4,crop1136,Rapid HPF,18,10920,5591040.0,0.0056,2589,4480,165696.0,286720.0,0.02963599,0.5313
Kidney,jrc_mus-kidney-4,crop1137,Rapid HPF,1,4342420,2223319040.0,2.2233,245078,363596,15684992.0,23270144.0,0.00705476,0.354
Kidney,jrc_mus-kidney-4,crop1137,Rapid HPF,2,247163,126547456.0,0.1265,43589,51754,2789696.0,3312256.0,0.02204466,0.368
Kidney,jrc_mus-kidney-4,crop1137,Rapid HPF,3,143313,73376256.0,0.0734,49330,53906,3157120.0,3449984.0,0.04302645,0.2457
Kidney,jrc_mus-kidney-4,crop1137,Rapid HPF,4,276114,141370368.0,0.1414,49246,54166,3151744.0,3466624.0,0.02229423,0.3786
Kidney,jrc_mus-kidney-4,crop1137,Rapid HPF,5,216533,110864896.0,0.1109,59330,63988,3797120.0,4095232.0,0.03424998,0.2725
Kidney,jrc_mus-kidney-4,crop1137,Rapid HPF,6,303559,155422208.0,0.1554,83573,89880,5348672.0,5752320.0,0.03441382,0.243
Kidney,jrc_mus-kidney-4,crop1137,Rapid HPF,7,80242,41083904.0,0.0411,11364,14982,727296.0,958848.0,0.0177027,0.6005
Kidney,jrc_mus-kidney-4,crop1137,Rapid HPF,8,87808,44957696.0,0.045,15942,23732,1020288.0,1518848.0,0.0226944,0.4026
Kidney,jrc_mus-kidney-4,crop1137,Rapid HPF,9,348359,178359808.0,0.1784,92824,105530,5940736.0,6753920.0,0.03330759,0.2269
Kidney,jrc_mus-kidney-4,crop1137,Rapid HPF,10,759932,389085184.0,0.3891,138622,157786,8871808.0,10098304.0,0.02280171,0.2552
Kidney,jrc_mus-kidney-4,crop1137,Rapid HPF,11,113377,58049024.0,0.058,33864,35426,2167296.0,2267264.0,0.03733561,0.3198
Kidney,jrc_mus-kidney-4,crop1137,Rapid HPF,12,207113,106041856.0,0.106,52577,53994,3364928.0,3455616.0,0.03173207,0.3135
Kidney,jrc_mus-kidney-4,crop1137,Rapid HPF,13,88441,45281792.0,0.0453,10759,21248,688576.0,1359872.0,0.01520647,0.4518
Kidney,jrc_mus-kidney-4,crop1137,Rapid HPF,15,113562,58143744.0,0.0581,29702,32462,1900928.0,2077568.0,0.03269359,0.3494
Kidney,jrc_mus-kidney-4,crop1137,Rapid HPF,16,75326,38566912.0,0.0386,20321,23550,1300544.0,1507200.0,0.03372176,0.3663
Kidney,jrc_mus-kidney-4,crop1137,Rapid HPF,17,58063,29728256.0,0.0297,17231,20226,1102784.0,1294464.0,0.03709548,0.3585
Kidney,jrc_mus-kidney-4,crop1137,Rapid HPF,19,64129,32834048.0,0.0328,10815,15842,692160.0,1013888.0,0.02108056,0.4891
Kidney,jrc_mus-kidney-4,crop1137,Rapid HPF,20,58865,30138880.0,0.0301,11873,16236,759872.0,1039104.0,0.02521235,0.4507
Kidney,jrc_mus-kidney-4,crop1137,Rapid HPF,21,29834,15275008.0,0.0153,9116,9116,583424.0,583424.0,0.03819468,0.5103
Kidney,jrc_mus-kidney-4,crop1137,Rapid HPF,23,12544,6422528.0,0.0064,5886,6672,376704.0,427008.0,0.05865354,0.3913
Kidney,jrc_mus-kidney-4,crop1137,Rapid HPF,24,10631,5443072.0,0.0054,2403,3860,153792.0,247040.0,0.02825463,0.6057
Kidney,jrc_mus-kidney-4,crop1137,Rapid HPF,25,15023,7691776.0,0.0077,4792,5992,306688.0,383488.0,0.0398722,0.4914
Kidney,jrc_mus-kidney-4,crop1144,Rapid HPF,1,24914376,12756160512.0,12.7562,1406060,1850124,89987840.0,118407936.0,0.00705446,0.223
Kidney,jrc_mus-kidney-4,crop1144,Rapid HPF,2,3658277,1873037824.0,1.873,262919,325872,16826816.0,20855808.0,0.0089837,0.3523
Kidney,jrc_mus-kidney-4,crop1144,Rapid HPF,3,302333,154794496.0,0.1548,25928,45966,1659392.0,2941824.0,0.01071997,0.4739
Kidney,jrc_mus-kidney-4,crop1144,Rapid HPF,4,1089833,557994496.0,0.558,213606,234632,13670784.0,15016448.0,0.02449985,0.2183
Kidney,jrc_mus-kidney-4,crop1144,Rapid HPF,5,11642876,5961152512.0,5.9612,555812,711840,35571968.0,45557760.0,0.0059673,0.349
Kidney,jrc_mus-kidney-4,crop1144,Rapid HPF,6,81328,41639936.0,0.0416,15213,20912,973632.0,1338368.0,0.02338217,0.4341
Kidney,jrc_mus-kidney-4,crop1144,Rapid HPF,7,842777,431501824.0,0.4315,77869,108822,4983616.0,6964608.0,0.01154947,0.3965
Kidney,jrc_mus-kidney-4,crop1144,Rapid HPF,8,56904,29134848.0,0.0291,10949,15832,700736.0,1013248.0,0.02405147,0.4519
Kidney,jrc_mus-kidney-4,crop1144,Rapid HPF,9,111970,57328640.0,0.0573,19630,25722,1256320.0,1646208.0,0.02191435,0.4368
Kidney,jrc_mus-kidney-4,crop1144,Rapid HPF,12,50104,25653248.0,0.0257,11671,12952,746944.0,828928.0,0.02911694,0.5075
Kidney,jrc_mus-kidney-4,crop1144,Rapid HPF,16,7008,3588096.0,0.0036,2315,3192,148160.0,204288.0,0.04129209,0.5548
Kidney,jrc_mus-kidney-4,crop1144,Rapid HPF,19,8195,4195840.0,0.0042,2627,3578,168128.0,228992.0,0.04007016,0.5494
Kidney,jrc_mus-kidney-4,crop1144,Rapid HPF,21,13056,6684672.0,0.0067,3889,4894,248896.0,313216.0,0.03723384,0.5479
Kidney,jrc_mus-kidney-4,crop1144,Rapid HPF,23,2449355,1254069760.0,1.2541,239283,277254,15314112.0,17744256.0,0.01221153,0.3169
Kidney,jrc_mus-kidney-4,crop1144,Rapid HPF,24,1226717,628079104.0,0.6281,115732,166806,7406848.0,10675584.0,0.01179286,0.3322
Kidney,jrc_mus-kidney-4,crop1144,Rapid HPF,25,9352,4788224.0,0.0048,3010,3624,192640.0,231936.0,0.04023204,0.5923
Kidney,jrc_mus-kidney-4,crop1144,Rapid HPF,27,525303,268955136.0,0.269,119079,135552,7621056.0,8675328.0,0.02833579,0.2323
Kidney,jrc_mus-kidney-4,crop1144,Rapid HPF,28,1092833,559530496.0,0.5595,81886,102694,5240704.0,6572416.0,0.00936625,0.4996
Kidney,jrc_mus-kidney-4,crop1144,Rapid HPF,29,30133,15428096.0,0.0154,9556,9950,611584.0,636800.0,0.03964093,0.4706
Heart,jrc_mus-heart-6,crop1145,Chemical,1,3595603,1840948736.0,1.8409,75676,184634,4843264.0,11816576.0,0.00263085,0.6147
Heart,jrc_mus-heart-6,crop1145,Chemical,2,902471,462065152.0,0.4621,190024,208364,12161536.0,13335296.0,0.02631996,0.2167
Heart,jrc_mus-heart-6,crop1145,Chemical,3,986129,504898048.0,0.5049,58272,89810,3729408.0,5747840.0,0.00738646,0.5335
Heart,jrc_mus-heart-6,crop1146,Chemical,1,2484210,1271915520.0,1.2719,122679,193242,7851456.0,12367488.0,0.00617294,0.459
Heart,jrc_mus-heart-6,crop1146,Chemical,2,1126906,576975872.0,0.577,57741,110264,3695424.0,7056896.0,0.00640482,0.4749
Heart,jrc_mus-heart-6,crop1146,Chemical,3,965505,494338560.0,0.4943,94147,105408,6025408.0,6746112.0,0.01218883,0.4482
Heart,jrc_mus-heart-6,crop1146,Chemical,4,2994041,1532948992.0,1.5329,154214,249172,9869696.0,15947008.0,0.00643837,0.4032
Heart,jrc_mus-heart-6,crop1146,Chemical,5,405089,207405568.0,0.2074,69206,78736,4429184.0,5039104.0,0.02135518,0.3363
Heart,jrc_mus-heart-6,crop1147,Chemical,1,2434821,1246628352.0,1.2466,69719,150968,4462016.0,9661952.0,0.00357927,0.5798
Heart,jrc_mus-heart-6,crop1147,Chemical,2,3269294,1673878528.0,1.6739,147340,241896,9429760.0,15481344.0,0.00563348,0.4404
Heart,jrc_mus-heart-6,crop1147,Chemical,3,1393166,713300992.0,0.7133,92686,135650,5931904.0,8681600.0,0.00831613,0.4447
Liver,jrc_mus-liver,crop1038,Chemical,1,417423,26715072.0,0.0267,42479,50150,679664.0,802400.0,0.02544122,0.5386
Liver,jrc_mus-liver,crop1038,Chemical,2,21067982,1348350848.0,1.3484,1804117,2105524,28865872.0,33688384.0,0.02140828,0.1752
Liver,jrc_mus-liver,crop1038,Chemical,3,37919,2426816.0,0.0024,7141,8756,114256.0,140096.0,0.04708062,0.6234
Liver,jrc_mus-liver,crop1038,Chemical,4,389930,24955520.0,0.025,53182,58224,850912.0,931584.0,0.03409715,0.4433
Liver,jrc_mus-liver,crop1038,Chemical,6,51823,3316672.0,0.0033,11618,14340,185888.0,229440.0,0.05604654,0.4688
Liver,jrc_mus-liver,crop1038,Chemical,7,119689,7660096.0,0.0077,16313,19706,261008.0,315296.0,0.03407372,0.596
Liver,jrc_mus-liver,crop1038,Chemical,10,12254,784256.0,0.0008,4058,4058,64928.0,64928.0,0.08278929,0.6334
Liver,jrc_mus-liver,crop1038,Chemical,11,5400749,345647936.0,0.3456,449107,544848,7185712.0,8717568.0,0.02078911,0.2732
Liver,jrc_mus-liver,crop1038,Chemical,14,6304,403456.0,0.0004,2814,2814,45024.0,45024.0,0.11159581,0.5865
Liver,jrc_mus-liver,crop1038,Chemical,15,36813,2356032.0,0.0024,7734,10094,123744.0,161504.0,0.05252221,0.5302
Liver,jrc_mus-liver,crop1038,Chemical,17,6023,385472.0,0.0004,2568,2568,41088.0,41088.0,0.1065914,0.6234
Liver,jrc_mus-liver,crop1038,Chemical,20,5982,382848.0,0.0004,2480,2480,39680.0,39680.0,0.10364427,0.6426
Liver,jrc_mus-liver,crop1038,Chemical,21,52651,3369664.0,0.0034,8702,11720,139232.0,187520.0,0.04131925,0.5796
Liver,jrc_mus-liver,crop1038,Chemical,23,82853,5302592.0,0.0053,15440,17392,247040.0,278272.0,0.04658854,0.5285
Liver,jrc_mus-liver,crop1038,Chemical,25,5846,374144.0,0.0004,3302,3302,52832.0,52832.0,0.14120766,0.4753
Liver,jrc_mus-liver,crop1038,Chemical,28,68283,4370112.0,0.0044,10791,12820,172656.0,205120.0,0.03950837,0.6302
Liver,jrc_mus-liver,crop1038,Chemical,30,164694,10540416.0,0.0105,31818,31818,509088.0,509088.0,0.04829866,0.4567
Liver,jrc_mus-liver,crop1038,Chemical,31,12084,773376.0,0.0008,4068,6352,65088.0,101632.0,0.08416087,0.4009
Liver,jrc_mus-liver,crop1038,Chemical,32,56057,3587648.0,0.0036,10091,11434,161456.0,182944.0,0.0450033,0.6195
Liver,jrc_mus-liver,crop1038,Chemical,33,72360,4631040.0,0.0046,14975,16772,239600.0,268352.0,0.05173784,0.5007
Liver,jrc_mus-liver,crop1038,Chemical,34,6758,432512.0,0.0004,2778,2778,44448.0,44448.0,0.10276709,0.6222
Liver,jrc_mus-liver,crop1038,Chemical,35,31761,2032704.0,0.002,6870,7942,109920.0,127072.0,0.05407575,0.6107
Liver,jrc_mus-liver,crop1038,Chemical,42,7684,491776.0,0.0005,3188,3188,51008.0,51008.0,0.10372202,0.5907
Liver,jrc_mus-liver,crop1038,Chemical,43,33249,2127936.0,0.0021,7380,9072,118080.0,145152.0,0.05549039,0.5512
Liver,jrc_mus-liver,crop1038,Chemical,45,204756,13104384.0,0.0131,31105,38084,497680.0,609344.0,0.03797813,0.4411
Liver,jrc_mus-liver,crop1038,Chemical,49,86709,5549376.0,0.0055,17454,17454,279264.0,279264.0,0.0503235,0.5428
Liver,jrc_mus-liver,crop1038,Chemical,51,26228,1678592.0,0.0017,5572,7318,89152.0,117088.0,0.05311118,0.5834
Liver,jrc_mus-liver,crop1038,Chemical,54,46790,2994560.0,0.003,8376,11900,134016.0,190400.0,0.04475315,0.5277
Liver,jrc_mus-liver,crop1038,Chemical,55,206652,13225728.0,0.0132,29312,35482,468992.0,567712.0,0.03546058,0.4764
Liver,jrc_mus-liver,crop1038,Chemical,58,80626,5160064.0,0.0052,11366,14548,181856.0,232768.0,0.03524297,0.6204
Liver,jrc_mus-liver,crop1039,Chemical,1,26129394,1672281216.0,1.6723,794342,1167846,12709472.0,18685536.0,0.00760008,0.3646
Liver,jrc_mus-liver,crop1039,Chemical,2,30672,1963008.0,0.002,6412,8362,102592.0,133792.0,0.05226265,0.5667
Liver,jrc_mus-liver,crop1039,Chemical,3,40572,2596608.0,0.0026,7436,9438,118976.0,151008.0,0.04581978,0.605
Liver,jrc_mus-liver,crop1039,Chemical,5,25310,1619840.0,0.0016,7446,8778,119136.0,140448.0,0.073548,0.4749
Liver,jrc_mus-liver,crop1039,Chemical,6,9065820,580212480.0,0.5802,521885,705916,8350160.0,11294656.0,0.01439156,0.2979
Liver,jrc_mus-liver,crop1039,Chemical,7,10338,661632.0,0.0007,2192,3528,35072.0,56448.0,0.05300832,0.6505
Liver,jrc_mus-liver,crop1039,Chemical,9,5133,328512.0,0.0003,2108,3248,33728.0,51968.0,0.102669,0.443
Liver,jrc_mus-liver,crop1039,Chemical,10,98036,6274304.0,0.0063,19754,19754,316064.0,316064.0,0.05037435,0.5205
Liver,jrc_mus-liver,crop1039,Chemical,11,16129702,1032300928.0,1.0323,719380,963004,11510080.0,15408064.0,0.01114993,0.3206
Liver,jrc_mus-liver,crop1039,Chemical,12,18435,1179840.0,0.0012,4561,6358,72976.0,101728.0,0.06185245,0.5308
Liver,jrc_mus-liver,crop1039,Chemical,13,35843,2293952.0,0.0023,7506,9128,120096.0,146048.0,0.05235332,0.5759
Liver,jrc_mus-liver,crop1039,Chemical,14,20133,1288512.0,0.0013,4481,5722,71696.0,91552.0,0.05564248,0.6255
Liver,jrc_mus-liver,crop1039,Chemical,16,30080,1925120.0,0.0019,7996,7996,127936.0,127936.0,0.06645612,0.585
Liver,jrc_mus-liver,crop1039,Chemical,18,43831,2805184.0,0.0028,9108,9992,145728.0,159872.0,0.05194953,0.6017
Liver,jrc_mus-liver,crop1039,Chemical,19,11726,750464.0,0.0008,3303,4518,52848.0,72288.0,0.07042043,0.5525
Liver,jrc_mus-liver,crop1040,Chemical,1,37002857,2368182848.0,2.3682,1292417,1902262,20678672.0,30436192.0,0.00873187,0.2823
Liver,jrc_mus-liver,crop1040,Chemical,2,11489818,735348352.0,0.7353,1030986,1267446,16495776.0,20279136.0,0.0224326,0.1943
Liver,jrc_mus-liver,crop1040,Chemical,3,63377,4056128.0,0.0041,11313,14320,181008.0,229120.0,0.04462581,0.5368
Liver,jrc_mus-liver,crop1040,Chemical,5,71434,4571776.0,0.0046,12403,13454,198448.0,215264.0,0.0434072,0.6188
Liver,jrc_mus-liver,crop1040,Chemical,7,38788,2482432.0,0.0025,9628,9628,154048.0,154048.0,0.06205527,0.5755
Liver,jrc_mus-liver,crop1040,Chemical,8,17105,1094720.0,0.0011,4121,5558,65936.0,88928.0,0.06023093,0.5776
Liver,jrc_mus-liver,crop1040,Chemical,9,82670,5290880.0,0.0053,14060,16384,224960.0,262144.0,0.04251845,0.5601
Liver,jrc_mus-liver,crop1040,Chemical,10,23549,1507136.0,0.0015,5994,5994,95904.0,95904.0,0.06363328,0.6629
Liver,jrc_mus-liver,crop1040,Chemical,11,12478,798592.0,0.0008,3353,4552,53648.0,72832.0,0.06717823,0.5715
Liver,jrc_mus-liver,crop1040,Chemical,12,30506,1952384.0,0.002,6051,7986,96816.0,127776.0,0.04958861,0.5912
Liver,jrc_mus-liver,crop1040,Chemical,13,48095,3078080.0,0.0031,9527,11024,152432.0,176384.0,0.04952178,0.5802
Liver,jrc_mus-liver,crop1040,Chemical,14,22152,1417728.0,0.0014,6882,6882,110112.0,110112.0,0.07766793,0.5543
Liver,jrc_mus-liver,crop1040,Chemical,15,15388,984832.0,0.001,4707,6748,75312.0,107968.0,0.07647193,0.4434
Liver,jrc_mus-liver,crop1040,Chemical,16,21525,1377600.0,0.0014,4874,5874,77984.0,93984.0,0.05660859,0.6371
Liver,jrc_mus-liver,crop1040,Chemical,17,99447,6364608.0,0.0064,18666,21834,298656.0,349344.0,0.04692449,0.4754
Liver,jrc_mus-liver,crop1040,Chemical,18,47446,3036544.0,0.003,8861,10914,141776.0,174624.0,0.04668992,0.5807
Liver,jrc_mus-liver,crop1040,Chemical,19,52184,3339776.0,0.0033,11254,11958,180064.0,191328.0,0.05391499,0.5647
Liver,jrc_mus-liver,crop1040,Chemical,20,103812,6643968.0,0.0066,19271,20492,308336.0,327872.0,0.04640841,0.5213
Liver,jrc_mus-liver,crop1040,Chemical,21,83268,5329152.0,0.0053,15013,16292,240208.0,260672.0,0.04507434,0.566
Liver,jrc_mus-liver,crop1040,Chemical,22,20107,1286848.0,0.0013,4699,5780,75184.0,92480.0,0.05842493,0.6187
Liver,jrc_mus-liver,crop1040,Chemical,23,66530,4257920.0,0.0043,12070,14074,193120.0,225184.0,0.04535548,0.5642
Liver,jrc_mus-liver,crop1040,Chemical,24,40700,2604800.0,0.0026,6674,9558,106784.0,152928.0,0.04099509,0.5987
Liver,jrc_mus-liver,crop1040,Chemical,25,41131,2632384.0,0.0026,7320,9930,117120.0,158880.0,0.04449199,0.5803
Liver,jrc_mus-liver,crop1040,Chemical,26,30926,1979264.0,0.002,6703,8492,107248.0,135872.0,0.0541858,0.5611
Liver,jrc_mus-liver,crop1041,Chemical,1,35914318,2298516352.0,2.2985,1095274,1603352,17524384.0,25653632.0,0.00762422,0.3283
Liver,jrc_mus-liver,crop1041,Chemical,2,17733,1134912.0,0.0011,3519,5240,56304.0,83840.0,0.04961089,0.6276
Liver,jrc_mus-liver,crop1041,Chemical,3,56956,3645184.0,0.0036,11375,13214,182000.0,211424.0,0.04992889,0.5418
Liver,jrc_mus-liver,crop1041,Chemical,4,62643,4009152.0,0.004,14858,15060,237728.0,240960.0,0.05929633,0.5065
Liver,jrc_mus-liver,crop1041,Chemical,5,58899,3769536.0,0.0038,11326,14388,181216.0,230208.0,0.04807382,0.5088
Liver,jrc_mus-liver,crop1041,Chemical,6,58957,3773248.0,0.0038,11993,13476,191888.0,215616.0,0.05085486,0.5436
Liver,jrc_mus-liver,crop1041,Chemical,7,18564,1188096.0,0.0012,4884,5504,78144.0,88064.0,0.06577246,0.616
Liver,jrc_mus-liver,crop1041,Chemical,8,59742,3823488.0,0.0038,13092,14630,209472.0,234080.0,0.05478558,0.5052
Liver,jrc_mus-liver,crop1041,Chemical,9,7774660,497578240.0,0.4976,327028,428010,5232448.0,6848160.0,0.01051583,0.4434
Liver,jrc_mus-liver,crop1041,Chemical,10,73850,4726400.0,0.0047,16135,17996,258160.0,287936.0,0.05462085,0.473
Liver,jrc_mus-liver,crop1041,Chemical,13,5525,353600.0,0.0004,2422,2422,38752.0,38752.0,0.10959276,0.624
Liver,jrc_mus-liver,crop1041,Chemical,15,2409922,154235008.0,0.1542,277133,335504,4434128.0,5368064.0,0.02874917,0.2591
Liver,jrc_mus-liver,crop1041,Chemical,18,30534,1954176.0,0.002,7291,9766,116656.0,156256.0,0.05969575,0.4838
Liver,jrc_mus-liver,crop1041,Chemical,21,41156,2633984.0,0.0026,7153,11946,114448.0,191136.0,0.04345053,0.4826
Liver,jrc_mus-liver,crop1041,Chemical,22,10382,664448.0,0.0007,2930,3848,46880.0,61568.0,0.07055481,0.5981
Liver,jrc_mus-liver,crop1041,Chemical,26,9861,631104.0,0.0006,3526,3526,56416.0,56416.0,0.08939256,0.6307
Liver,jrc_mus-liver,crop1041,Chemical,36,5033,322112.0,0.0003,2300,2300,36800.0,36800.0,0.11424598,0.6175
Liver,jrc_mus-liver,crop1041,Chemical,40,35594,2278016.0,0.0023,7047,8260,112752.0,132160.0,0.0494957,0.6335
Liver,jrc_mus-liver,crop1041,Chemical,42,5631,360384.0,0.0004,2388,2388,38208.0,38208.0,0.10602025,0.641
Liver,jrc_mus-liver,crop1041,Chemical,43,8096,518144.0,0.0005,3094,3094,49504.0,49504.0,0.09554101,0.6302
Liver,jrc_mus-liver,crop1041,Chemical,44,6065,388160.0,0.0004,2542,2542,40672.0,40672.0,0.10478153,0.6327
Liver,jrc_mus-liver,crop1041,Chemical,45,5947,380608.0,0.0004,2436,2436,38976.0,38976.0,0.10240457,0.6516
Liver,jrc_mus-liver,crop1041,Chemical,46,33171,2122944.0,0.0021,8306,9464,132896.0,151424.0,0.06259986,0.5275
Liver,jrc_mus-liver,crop1041,Chemical,47,41585,2661440.0,0.0027,8068,10474,129088.0,167584.0,0.04850307,0.5542
Liver,jrc_mus-liver,crop1042,Chemical,1,38641500,2473056000.0,2.4731,854459,1410316,13671344.0,22565056.0,0.00552812,0.3919
Liver,jrc_mus-liver,crop1042,Chemical,2,177662,11370368.0,0.0114,35982,37370,575712.0,597920.0,0.05063266,0.409
Liver,jrc_mus-liver,crop1042,Chemical,3,56381,3608384.0,0.0036,11810,13014,188960.0,208224.0,0.05236693,0.5464
Liver,jrc_mus-liver,crop1042,Chemical,4,199882,12792448.0,0.0128,24673,28268,394768.0,452288.0,0.03085946,0.5848
Liver,jrc_mus-liver,crop1042,Chemical,5,78610,5031040.0,0.005,15583,17606,249328.0,281696.0,0.04955794,0.5041
Liver,jrc_mus-liver,crop1042,Chemical,6,18542,1186688.0,0.0012,4243,6228,67888.0,99648.0,0.05720796,0.544
Liver,jrc_mus-liver,crop1042,Chemical,7,112196,7180544.0,0.0072,22184,24408,354944.0,390528.0,0.04943135,0.4609
Liver,jrc_mus-liver,crop1042,Chemical,8,34041,2178624.0,0.0022,9853,10076,157648.0,161216.0,0.07236127,0.5041
Liver,jrc_mus-liver,crop1042,Chemical,9,7686,491904.0,0.0005,2615,3274,41840.0,52384.0,0.08505725,0.5753
Liver,jrc_mus-liver,crop1042,Chemical,10,189010,12096640.0,0.0121,18113,26540,289808.0,424640.0,0.02395773,0.6001
Liver,jrc_mus-liver,crop1042,Chemical,11,14130,904320.0,0.0009,2823,4350,45168.0,69600.0,0.04994692,0.6498
Liver,jrc_mus-liver,crop1042,Chemical,12,12361551,791139264.0,0.7911,732395,1014870,11718320.0,16237920.0,0.01481196,0.2548
Liver,jrc_mus-liver,crop1042,Chemical,13,101912,6522368.0,0.0065,21146,21146,338336.0,338336.0,0.05187318,0.499
Liver,jrc_mus-liver,crop1042,Chemical,14,211237,13519168.0,0.0135,28002,28866,448032.0,461856.0,0.0331405,0.5942
Liver,jrc_mus-liver,crop1042,Chemical,15,6440,412160.0,0.0004,2690,2690,43040.0,43040.0,0.10442547,0.6223
Liver,jrc_mus-liver,crop1042,Chemical,16,87430,5595520.0,0.0056,17934,17934,286944.0,286944.0,0.05128102,0.5312
Liver,jrc_mus-liver,crop1042,Chemical,17,41991,2687424.0,0.0027,10460,10460,167360.0,167360.0,0.06227525,0.5585
Liver,jrc_mus-liver,crop1042,Chemical,18,26882,1720448.0,0.0017,5928,7100,94848.0,113600.0,0.05512983,0.6112
Liver,jrc_mus-liver,crop1042,Chemical,19,237450,15196800.0,0.0152,48728,48728,779648.0,779648.0,0.05130343,0.3806
Liver,jrc_mus-liver,crop1042,Chemical,20,5913,378432.0,0.0004,2490,2490,39840.0,39840.0,0.10527651,0.6351
Liver,jrc_mus-liver,crop1042,Chemical,21,44373,2839872.0,0.0028,10015,10922,160240.0,174752.0,0.05642508,0.555
Liver,jrc_mus-liver,crop1042,Chemical,22,7200,460800.0,0.0005,2171,2956,34736.0,47296.0,0.07538194,0.61
Liver,jrc_mus-liver,crop1042,Chemical,23,40017,2561088.0,0.0026,10142,10620,162272.0,169920.0,0.06336057,0.5327
Liver,jrc_mus-liver,crop1042,Chemical,24,30107,1926848.0,0.0019,7781,8384,124496.0,134144.0,0.06461122,0.5582
Liver,jrc_mus-liver,crop1043,Chemical,1,19441506,1244256384.0,1.2443,719832,1004802,11517312.0,16076832.0,0.00925638,0.348
Liver,jrc_mus-liver,crop1043,Chemical,2,3895478,249310592.0,0.2493,402985,464694,6447760.0,7435104.0,0.02586236,0.2576
Liver,jrc_mus-liver,crop1043,Chemical,3,16202,1036928.0,0.001,4298,6176,68768.0,98816.0,0.06631897,0.5014
Liver,jrc_mus-liver,crop1043,Chemical,4,14184,907776.0,0.0009,3558,4846,56928.0,77536.0,0.06271151,0.5847
Liver,jrc_mus-liver,crop1043,Chemical,5,18263331,1168853184.0,1.1689,1087484,1372262,17399744.0,21956192.0,0.01488617,0.2444
Liver,jrc_mus-liver,crop1043,Chemical,6,12583,805312.0,0.0008,3512,4996,56192.0,79936.0,0.06977668,0.5237
Liver,jrc_mus-liver,crop1043,Chemical,12,2545561,162915904.0,0.1629,211241,266626,3379856.0,4266016.0,0.02074602,0.3381
Liver,jrc_mus-liver,crop1043,Chemical,17,134431,8603584.0,0.0086,28964,29740,463424.0,475840.0,0.05386406,0.4267
Liver,jrc_mus-liver,crop1043,Chemical,18,5437,347968.0,0.0003,2288,2288,36608.0,36608.0,0.10520508,0.6535
Liver,jrc_mus-liver,crop1043,Chemical,19,149999,9599936.0,0.0096,25132,28950,402112.0,463200.0,0.04188695,0.4716
Liver,jrc_mus-liver,crop1043,Chemical,20,45003,2880192.0,0.0029,9013,10014,144208.0,160224.0,0.05006888,0.611
Liver,jrc_mus-liver,crop1043,Chemical,21,111089,7109696.0,0.0071,19466,25012,311456.0,400192.0,0.04380722,0.4468
Liver,jrc_mus-liver,crop1043,Chemical,25,8606,550784.0,0.0006,3240,3240,51840.0,51840.0,0.09412038,0.6268
Liver,jrc_mus-liver,crop1043,Chemical,26,5229,334656.0,0.0003,2294,2294,36704.0,36704.0,0.1096768,0.6351
Liver,jrc_mus-liver,crop1043,Chemical,29,10727,686528.0,0.0007,2945,4076,47120.0,65216.0,0.06863522,0.5771
Liver,jrc_mus-liver,crop1043,Chemical,32,70258,4496512.0,0.0045,12952,14532,207232.0,232512.0,0.04608728,0.5666
Liver,jrc_mus-liver,crop1043,Chemical,34,10648,681472.0,0.0007,3740,3740,59840.0,59840.0,0.08780992,0.6258
Liver,jrc_mus-liver,crop1043,Chemical,37,5563,356032.0,0.0004,2402,2402,38432.0,38432.0,0.10794535,0.6321
Liver,jrc_mus-liver,crop1043,Chemical,39,5935,379840.0,0.0004,2420,2420,38720.0,38720.0,0.10193766,0.6551
Liver,jrc_mus-liver,crop1043,Chemical,40,5385,344640.0,0.0003,2320,2320,37120.0,37120.0,0.10770659,0.6404
Liver,jrc_mus-liver,crop1043,Chemical,42,7381,472384.0,0.0005,2486,3586,39776.0,57376.0,0.08420268,0.5112
Liver,jrc_mus-liver,crop1043,Chemical,43,14559,931776.0,0.0009,4560,4560,72960.0,72960.0,0.07830208,0.6323
Liver,jrc_mus-liver,crop1043,Chemical,45,8895,569280.0,0.0006,3222,3222,51552.0,51552.0,0.09055649,0.6444
Liver,jrc_mus-liver,crop1043,Chemical,48,1227218,78541952.0,0.0785,78484,106446,1255744.0,1703136.0,0.01598819,0.5208
Liver,jrc_mus-liver,crop1043,Chemical,49,5670,362880.0,0.0004,1905,2776,30480.0,44416.0,0.08399471,0.5539
Liver,jrc_mus-liver,crop1043,Chemical,51,270222,17294208.0,0.0173,38410,42196,614560.0,675136.0,0.0355356,0.479
Liver,jrc_mus-liver,crop1043,Chemical,52,6671,426944.0,0.0004,1979,2658,31664.0,42528.0,0.07416429,0.6447
Liver,jrc_mus-liver,crop1043,Chemical,53,63516,4065024.0,0.0041,13040,14900,208640.0,238400.0,0.05132565,0.5167
Liver,jrc_mus-liver,crop1043,Chemical,54,7596,486144.0,0.0005,2926,2926,46816.0,46816.0,0.09630068,0.6387
Liver,jrc_mus-liver,crop1043,Chemical,55,129870,8311680.0,0.0083,24786,24786,396576.0,396576.0,0.0477131,0.5004
Liver,jrc_mus-liver,crop1043,Chemical,56,116388,7448832.0,0.0074,12944,24064,207104.0,385024.0,0.02780355,0.4791
Liver,jrc_mus-liver,crop1043,Chemical,57,64218,4109952.0,0.0041,11316,13606,181056.0,217696.0,0.04405307,0.57
Liver,jrc_mus-liver,crop1043,Chemical,59,11241,719424.0,0.0007,2594,4306,41504.0,68896.0,0.0576906,0.5636
Liver,jrc_mus-liver,crop1043,Chemical,61,89180,5707520.0,0.0057,14146,15584,226336.0,249344.0,0.03965575,0.6194
Liver,jrc_mus-liver,crop1043,Chemical,63,25434,1627776.0,0.0016,5824,7346,93184.0,117536.0,0.05724621,0.5693
Liver,jrc_mus-liver,crop1043,Chemical,67,20838,1333632.0,0.0013,4732,6244,75712.0,99904.0,0.05677128,0.5865
Liver,jrc_mus-liver,crop1043,Chemical,71,7474,478336.0,0.0005,2513,3366,40208.0,53856.0,0.08405807,0.5492
Liver,jrc_mus-liver,crop1043,Chemical,75,19469,1246016.0,0.0012,4566,6076,73056.0,97216.0,0.05863167,0.576
Liver,jrc_mus-liver,crop1043,Chemical,77,5982,382848.0,0.0004,1923,2498,30768.0,39968.0,0.0803661,0.638
Liver,jrc_mus-liver,crop1043,Chemical,78,34215,2189760.0,0.0022,8188,12530,131008.0,200480.0,0.05982756,0.4068
Liver,jrc_mus-liver,crop1044,Chemical,1,5402309,345747776.0,0.3457,158219,311476,2531504.0,4983616.0,0.00732182,0.478
Liver,jrc_mus-liver,crop1044,Chemical,2,44053714,2819437696.0,2.8194,1054779,1676382,16876464.0,26822112.0,0.00598576,0.3598
Liver,jrc_mus-liver,crop1044,Chemical,3,24878,1592192.0,0.0016,4886,6320,78176.0,101120.0,0.04909961,0.6521
Liver,jrc_mus-liver,crop1044,Chemical,4,35581,2277184.0,0.0023,5930,10020,94880.0,160320.0,0.0416655,0.5221
Liver,jrc_mus-liver,crop1044,Chemical,5,5018,321152.0,0.0003,2287,2650,36592.0,42400.0,0.11393982,0.5349
Liver,jrc_mus-liver,crop1044,Chemical,6,130281,8337984.0,0.0083,26292,26950,420672.0,431200.0,0.05045248,0.4612
Liver,jrc_mus-liver,crop1044,Chemical,7,5132,328448.0,0.0003,2019,2280,32304.0,36480.0,0.09835347,0.6311
Liver,jrc_mus-liver,crop1044,Chemical,9,10664,682496.0,0.0007,3818,3818,61088.0,61088.0,0.08950675,0.6137
Liver,jrc_mus-liver,crop1044,Chemical,10,5424,347136.0,0.0003,2504,2504,40064.0,40064.0,0.11541298,0.5962
Liver,jrc_mus-liver,crop1044,Chemical,11,5673,363072.0,0.0004,2049,3004,32784.0,48064.0,0.09029614,0.5121
Liver,jrc_mus-liver,crop1044,Chemical,12,5442,348288.0,0.0003,2316,2316,37056.0,37056.0,0.10639471,0.646
Liver,jrc_mus-liver,crop1044,Chemical,13,12379,792256.0,0.0008,4660,4660,74560.0,74560.0,0.09411099,0.5553
Liver,jrc_mus-liver,crop1044,Chemical,14,16557,1059648.0,0.0011,5430,5430,86880.0,86880.0,0.08198949,0.5785
Liver,jrc_mus-liver,crop1044,Chemical,18,10789,690496.0,0.0007,3688,3688,59008.0,59008.0,0.08545741,0.6402
Liver,jrc_mus-liver,crop1044,Chemical,21,5480,350720.0,0.0004,2796,2796,44736.0,44736.0,0.12755474,0.5376
Liver,jrc_mus-liver,crop1044,Chemical,22,5595,358080.0,0.0004,2402,2402,38432.0,38432.0,0.10732797,0.6345
Liver,jrc_mus-liver,crop1044,Chemical,27,20784,1330176.0,0.0013,4739,5744,75824.0,91904.0,0.05700298,0.6364
Liver,jrc_mus-liver,crop1044,Chemical,30,8555,547520.0,0.0005,3216,3216,51456.0,51456.0,0.09398013,0.629
Liver,jrc_mus-liver,crop1044,Chemical,32,38638,2472832.0,0.0025,7178,9194,114848.0,147104.0,0.04644392,0.6012
Liver,jrc_mus-liver,crop1044,Chemical,33,50918,3258752.0,0.0033,9631,12520,154096.0,200320.0,0.04728681,0.5306
Liver,jrc_mus-liver,crop1044,Chemical,34,8379,536256.0,0.0005,3252,3252,52032.0,52032.0,0.09702828,0.6135
Liver,jrc_mus-liver,crop1044,Chemical,36,22786,1458304.0,0.0015,6814,6814,109024.0,109024.0,0.07476082,0.5704
Liver,jrc_mus-liver,crop1044,Chemical,37,9887,632768.0,0.0006,2822,3992,45152.0,63872.0,0.07135633,0.558
Liver,jrc_mus-liver,crop1044,Chemical,39,32267,2065088.0,0.0021,6299,8342,100784.0,133472.0,0.04880373,0.5876
Liver,jrc_mus-liver,crop1044,Chemical,40,8082,517248.0,0.0005,1969,3034,31504.0,48544.0,0.06090695,0.6419
Liver,jrc_mus-liver,crop1044,Chemical,41,5295,338880.0,0.0003,1853,2626,29648.0,42016.0,0.0874882,0.5595
Liver,jrc_mus-liver-8,crop1123,Rapid HPF,1,3764398,1927371776.0,1.9274,67660,181648,4330240.0,11625472.0,0.00224671,0.6442
Liver,jrc_mus-liver-8,crop1123,Rapid HPF,2,4029361,2063032832.0,2.063,63528,182474,4065792.0,11678336.0,0.00197078,0.6711
Liver,jrc_mus-liver-8,crop1124,Rapid HPF,1,13444594,6883632128.0,6.8836,227550,522828,14563200.0,33460992.0,0.00211563,0.523
Liver,jrc_mus-liver-8,crop1124,Rapid HPF,2,13969864,7152570368.0,7.1526,228741,529212,14639424.0,33869568.0,0.00204674,0.53
Liver,jrc_mus-liver-8,crop1124,Rapid HPF,4,13163,6739456.0,0.0067,5734,5734,366976.0,366976.0,0.05445187,0.4702
Liver,jrc_mus-liver-8,crop1124,Rapid HPF,8,9269,4745728.0,0.0047,4432,4432,283648.0,283648.0,0.05976912,0.4815
Liver,jrc_mus-liver-8,crop1124,Rapid HPF,10,15468,7919616.0,0.0079,5706,6838,365184.0,437632.0,0.04611133,0.439
Liver,jrc_mus-liver-8,crop1125,Rapid HPF,1,2399147,1228363264.0,1.2284,76294,165624,4882816.0,10599936.0,0.00397506,0.5233
Liver,jrc_mus-liver-8,crop1125,Rapid HPF,2,3394047,1737752064.0,1.7378,133736,200472,8559104.0,12830208.0,0.00492539,0.5448
Liver,jrc_mus-liver-8,crop1125,Rapid HPF,3,3890555,1991964160.0,1.992,77058,194518,4931712.0,12449152.0,0.0024758,0.615
Liver,jrc_mus-liver-8,crop1126,Rapid HPF,1,26428636,13531461632.0,13.5315,260207,708620,16653248.0,45351680.0,0.00123071,0.6055
Liver,jrc_mus-liver-8,crop1126,Rapid HPF,2,12728026,6516749312.0,6.5167,263238,565490,16847232.0,36191360.0,0.00258522,0.4662
Liver,jrc_mus-liver-8,crop1127,Rapid HPF,1,7802682,3994973184.0,3.995,120411,314368,7706304.0,20119552.0,0.001929,0.6052
Liver,jrc_mus-liver-8,crop1127,Rapid HPF,2,2125914,1088467968.0,1.0885,77985,138502,4991040.0,8864128.0,0.00458538,0.5773
Liver,jrc_mus-liver-8,crop1127,Rapid HPF,4,2996030,1533967360.0,1.534,93305,204192,5971520.0,13068288.0,0.00389286,0.4922
Liver,jrc_mus-liver-8,crop1127,Rapid HPF,5,12456,6377472.0,0.0064,5316,5316,340224.0,340224.0,0.05334778,0.4888
Liver,jrc_mus-liver-8,crop1127,Rapid HPF,6,9713,4973056.0,0.005,3902,3902,249728.0,249728.0,0.05021621,0.5642
Liver,jrc_mus-liver-8,crop1127,Rapid HPF,7,6300,3225600.0,0.0032,2834,3080,181376.0,197120.0,0.05623016,0.5356
Liver,jrc_mus-liver-8,crop1127,Rapid HPF,8,5013,2566656.0,0.0026,2264,2264,144896.0,144896.0,0.05645322,0.6257
Liver,jrc_mus-liver-8,crop1071,Rapid HPF,1,2397541,1227540992.0,1.2275,140083,223832,8965312.0,14325248.0,0.00730347,0.387
Liver,jrc_mus-liver-8,crop1071,Rapid HPF,2,10871734,5566327808.0,5.5663,881488,1060896,56415232.0,67897344.0,0.01013509,0.2237
Liver,jrc_mus-liver-8,crop1071,Rapid HPF,3,126352,64692224.0,0.0647,17581,23484,1125184.0,1502976.0,0.01739288,0.5185
Liver,jrc_mus-liver-8,crop1071,Rapid HPF,4,22190,11361280.0,0.0114,9742,10996,623488.0,703744.0,0.05487832,0.3473
Liver,jrc_mus-liver-8,crop1071,Rapid HPF,5,1807452,925415424.0,0.9254,168015,196348,10752960.0,12566272.0,0.0116196,0.3655
Liver,jrc_mus-liver-8,crop1071,Rapid HPF,6,29080,14888960.0,0.0149,9017,10384,577088.0,664576.0,0.03875946,0.4404
Liver,jrc_mus-liver-8,crop1071,Rapid HPF,7,26870,13757440.0,0.0138,5451,6578,348864.0,420992.0,0.02535821,0.6595
Liver,jrc_mus-liver-8,crop1071,Rapid HPF,10,85612,43833344.0,0.0438,23718,24712,1517952.0,1581568.0,0.03463008,0.3801
Liver,jrc_mus-liver-8,crop1071,Rapid HPF,11,53736,27512832.0,0.0275,8762,10440,560768.0,668160.0,0.02038205,0.6596
Liver,jrc_mus-liver-8,crop1071,Rapid HPF,15,132063,67616256.0,0.0676,29544,30442,1890816.0,1948288.0,0.02796393,0.412
Liver,jrc_mus-liver-8,crop1071,Rapid HPF,16,94179,48219648.0,0.0482,27996,30870,1791744.0,1975680.0,0.03715797,0.3243
Liver,jrc_mus-liver-8,crop1071,Rapid HPF,17,23602,12084224.0,0.0121,7658,9564,490112.0,612096.0,0.040558,0.416
Liver,jrc_mus-liver-8,crop1071,Rapid HPF,18,15018,7689216.0,0.0077,3695,4994,236480.0,319616.0,0.03075476,0.5894
Liver,jrc_mus-liver-8,crop1071,Rapid HPF,19,44173,22616576.0,0.0226,12970,13686,830080.0,875904.0,0.03670228,0.4415
Liver,jrc_mus-liver-8,crop1071,Rapid HPF,20,1639752,839553024.0,0.8396,250263,310532,16016832.0,19874048.0,0.01907781,0.2166
Liver,jrc_mus-liver-8,crop1071,Rapid HPF,21,6142,3144704.0,0.0031,2098,3142,134272.0,201088.0,0.04269782,0.5162
Liver,jrc_mus-liver-8,crop1071,Rapid HPF,22,6443,3298816.0,0.0033,2157,2828,138048.0,180992.0,0.04184774,0.5921
Liver,jrc_mus-liver-8,crop1071,Rapid HPF,23,11289,5779968.0,0.0058,4454,4668,285056.0,298752.0,0.04931792,0.5213
Liver,jrc_mus-liver-8,crop1071,Rapid HPF,25,14476,7411712.0,0.0074,5379,6118,344256.0,391552.0,0.04644757,0.4695
Liver,jrc_mus-liver-8,crop1071,Rapid HPF,27,61473,31474176.0,0.0315,13785,14118,882240.0,903552.0,0.0280306,0.5335
Liver,jrc_mus-liver-8,crop1071,Rapid HPF,28,10754,5506048.0,0.0055,3850,4464,246400.0,285696.0,0.04475079,0.5278
Liver,jrc_mus-liver-8,crop1071,Rapid HPF,29,114898,58827776.0,0.0588,26983,27360,1726912.0,1751040.0,0.02935538,0.4177
Liver,jrc_mus-liver-8,crop1071,Rapid HPF,30,50401,25805312.0,0.0258,16346,16476,1046144.0,1054464.0,0.04053987,0.4005
Liver,jrc_mus-liver-8,crop1071,Rapid HPF,31,113592,58159104.0,0.0582,24028,29226,1537792.0,1870464.0,0.02644112,0.3881
Liver,jrc_mus-liver-8,crop1071,Rapid HPF,32,33424,17113088.0,0.0171,11146,12224,713344.0,782336.0,0.04168412,0.4105
Liver,jrc_mus-liver-8,crop1071,Rapid HPF,33,90954,46568448.0,0.0466,21682,21682,1387648.0,1387648.0,0.02979803,0.4511
Liver,jrc_mus-liver-8,crop1071,Rapid HPF,34,12348,6322176.0,0.0063,5540,5540,354560.0,354560.0,0.05608196,0.4663
Liver,jrc_mus-liver-8,crop1071,Rapid HPF,35,12439,6368768.0,0.0064,4892,4892,313088.0,313088.0,0.0491599,0.5307
Liver,jrc_mus-liver-8,crop1071,Rapid HPF,36,14800,7577600.0,0.0076,5554,5554,355456.0,355456.0,0.04690878,0.5249
Liver,jrc_mus-liver-8,crop1071,Rapid HPF,38,17645,9034240.0,0.009,5861,6856,375104.0,438784.0,0.04152026,0.4781
Liver,jrc_mus-liver-8,crop1071,Rapid HPF,39,18016,9224192.0,0.0092,6376,6376,408064.0,408064.0,0.04423845,0.5212
Liver,jrc_mus-liver-8,crop1071,Rapid HPF,40,8494,4348928.0,0.0043,3502,3502,224128.0,224128.0,0.05153638,0.5749
Liver,jrc_mus-liver-8,crop1071,Rapid HPF,42,7054,3611648.0,0.0036,3016,3188,193024.0,204032.0,0.05344485,0.5579
Liver,jrc_mus-liver-8,crop1071,Rapid HPF,43,19597,10033664.0,0.01,11577,12408,740928.0,794112.0,0.07384421,0.2833
Liver,jrc_mus-liver-8,crop1071,Rapid HPF,44,6322,3236864.0,0.0032,2838,2838,181632.0,181632.0,0.05611357,0.5826
Liver,jrc_mus-liver-8,crop1071,Rapid HPF,45,9232,4726784.0,0.0047,3752,3752,240128.0,240128.0,0.05080156,0.5672
Liver,jrc_mus-liver-8,crop1071,Rapid HPF,46,20380,10434560.0,0.0104,11739,11910,751296.0,762240.0,0.07200074,0.303
Liver,jrc_mus-liver-8,crop1071,Rapid HPF,48,21762,11142144.0,0.0111,7376,7376,472064.0,472064.0,0.04236743,0.511
Liver,jrc_mus-liver-8,crop1071,Rapid HPF,50,19442,9954304.0,0.01,7218,7218,461952.0,461952.0,0.04640726,0.4844
Liver,jrc_mus-liver-8,crop1071,Rapid HPF,52,5174,2649088.0,0.0026,2990,2990,191360.0,191360.0,0.07223618,0.4838
Liver,jrc_mus-liver-8,crop1071,Rapid HPF,53,18060,9246720.0,0.0092,5972,5972,382208.0,382208.0,0.04133444,0.5574
Liver,jrc_mus-liver-8,crop1071,Rapid HPF,54,43839,22445568.0,0.0224,11492,11492,735488.0,735488.0,0.03276763,0.5232
Liver,jrc_mus-liver-8,crop1071,Rapid HPF,55,20621,10557952.0,0.0106,8358,8358,534912.0,534912.0,0.05066437,0.4351
Liver,jrc_mus-liver-8,crop1071,Rapid HPF,56,16552,8474624.0,0.0085,5869,6724,375616.0,430336.0,0.04432244,0.4671
Liver,jrc_mus-liver-8,crop1071,Rapid HPF,57,10925,5593600.0,0.0056,3882,3882,248448.0,248448.0,0.04441648,0.6134
Liver,jrc_mus-liver-8,crop1071,Rapid HPF,58,45931,23516672.0,0.0235,10508,10508,672512.0,672512.0,0.02859724,0.5902
Liver,jrc_mus-liver-8,crop1071,Rapid HPF,59,6983,3575296.0,0.0036,2826,2826,180864.0,180864.0,0.05058714,0.6252
Liver,jrc_mus-liver-8,crop1071,Rapid HPF,60,93848,48050176.0,0.0481,18426,18426,1179264.0,1179264.0,0.02454235,0.542
Liver,jrc_mus-liver-8,crop1071,Rapid HPF,61,15392,7880704.0,0.0079,7718,7718,493952.0,493952.0,0.06267866,0.3877
Liver,jrc_mus-liver-8,crop1071,Rapid HPF,62,18532,9488384.0,0.0095,5288,5288,338432.0,338432.0,0.03566803,0.6404
Liver,jrc_mus-liver-8,crop1071,Rapid HPF,63,104999,53759488.0,0.0538,24512,27380,1568768.0,1752320.0,0.02918123,0.3931
Liver,jrc_mus-liver-8,crop1071,Rapid HPF,65,10252,5249024.0,0.0052,3483,4120,222912.0,263680.0,0.04246732,0.5539
Liver,jrc_mus-liver-8,crop1071,Rapid HPF,66,7160,3665920.0,0.0037,3000,3000,192000.0,192000.0,0.0523743,0.5988
Liver,jrc_mus-liver-8,crop1071,Rapid HPF,68,197912,101330944.0,0.1013,29464,45878,1885696.0,2936192.0,0.01860928,0.358
Liver,jrc_mus-liver-8,crop1071,Rapid HPF,69,17309,8862208.0,0.0089,5769,6294,369216.0,402816.0,0.04166185,0.5141
Liver,jrc_mus-liver-8,crop1071,Rapid HPF,70,18445,9443840.0,0.0094,5406,5810,345984.0,371840.0,0.03663594,0.5811
Liver,jrc_mus-liver-8,crop1071,Rapid HPF,71,23053,11803136.0,0.0118,6319,7346,404416.0,470144.0,0.03426344,0.5332
Liver,jrc_mus-liver-8,crop1071,Rapid HPF,72,106407,54480384.0,0.0545,21489,22396,1375296.0,1433344.0,0.02524387,0.4849
Liver,jrc_mus-liver-8,crop1071,Rapid HPF,73,6321,3236352.0,0.0032,2940,2940,188160.0,188160.0,0.05813953,0.5623
Liver,jrc_mus-liver-8,crop1071,Rapid HPF,74,14014,7175168.0,0.0072,4489,6258,287296.0,400512.0,0.04004032,0.4492
Liver,jrc_mus-liver-8,crop1071,Rapid HPF,75,9953,5095936.0,0.0051,3477,3694,222528.0,236416.0,0.04366774,0.6057
Liver,jrc_mus-liver-8,crop1071,Rapid HPF,76,16048,8216576.0,0.0082,5224,6414,334336.0,410496.0,0.04069043,0.4797
Liver,jrc_mus-liver-8,crop1071,Rapid HPF,77,22859,11703808.0,0.0117,8040,8040,514560.0,514560.0,0.04396518,0.4845
Liver,jrc_mus-liver-8,crop1071,Rapid HPF,78,7815,4001280.0,0.004,3458,3458,221312.0,221312.0,0.0553103,0.5507
Liver,jrc_mus-liver-8,crop1071,Rapid HPF,79,16854,8629248.0,0.0086,5318,6654,340352.0,425856.0,0.03944168,0.4778
Liver,jrc_mus-liver-8,crop1071,Rapid HPF,82,22531,11535872.0,0.0115,5940,6868,380160.0,439552.0,0.0329546,0.5617
Liver,jrc_mus-liver-8,crop1071,Rapid HPF,83,61035,31249920.0,0.0312,16618,16618,1063552.0,1063552.0,0.03403375,0.4511
Liver,jrc_mus-liver-8,crop1071,Rapid HPF,84,54950,28134400.0,0.0281,12403,13452,793792.0,860928.0,0.02821429,0.5196
Liver,jrc_mus-liver-8,crop1071,Rapid HPF,85,25286,12946432.0,0.0129,10000,10000,640000.0,640000.0,0.04943447,0.4166
Liver,jrc_mus-liver-8,crop1071,Rapid HPF,86,11667,5973504.0,0.006,5872,5872,375808.0,375808.0,0.06291249,0.4236
Liver,jrc_mus-liver-8,crop1071,Rapid HPF,90,29470,15088640.0,0.0151,7304,7304,467456.0,467456.0,0.03098066,0.6317
Liver,jrc_mus-liver-8,crop1071,Rapid HPF,92,10658,5456896.0,0.0055,3369,4836,215616.0,309504.0,0.03951257,0.4843
Liver,jrc_mus-liver-8,crop1071,Rapid HPF,95,9816,5025792.0,0.005,3458,3458,221312.0,221312.0,0.04403525,0.6411
Liver,jrc_mus-liver-8,crop1071,Rapid HPF,96,15517,7944704.0,0.0079,4654,4654,297856.0,297856.0,0.03749114,0.6464
Liver,jrc_mus-liver-8,crop1071,Rapid HPF,98,52732,26998784.0,0.027,17298,18434,1107072.0,1179776.0,0.04100451,0.3689
Liver,jrc_mus-liver-8,crop1071,Rapid HPF,99,8602,4404224.0,0.0044,3651,3712,233664.0,237568.0,0.05305452,0.5469
Liver,jrc_mus-liver-8,crop1071,Rapid HPF,100,29196,14948352.0,0.0149,6831,7706,437184.0,493184.0,0.0292463,0.595
Liver,jrc_mus-liver-8,crop1071,Rapid HPF,101,6125,3136000.0,0.0031,4215,4280,269760.0,273920.0,0.08602041,0.3782
Liver,jrc_mus-liver-8,crop1071,Rapid HPF,102,33757,17283584.0,0.0173,6805,9592,435520.0,613888.0,0.02519848,0.5266
Liver,jrc_mus-liver-8,crop1071,Rapid HPF,103,20675,10585600.0,0.0106,5676,5676,363264.0,363264.0,0.03431681,0.6418
Liver,jrc_mus-liver-8,crop1071,Rapid HPF,104,6971,3569152.0,0.0036,2143,2754,137152.0,176256.0,0.03842705,0.6408
Liver,jrc_mus-liver-8,crop1071,Rapid HPF,108,7159,3665408.0,0.0037,2236,2724,143104.0,174336.0,0.03904177,0.6594
Liver,jrc_mus-liver-8,crop1072,Rapid HPF,1,22901297,11725464064.0,11.7255,223911,633082,14330304.0,40517248.0,0.00122215,0.616
Liver,jrc_mus-liver-8,crop1072,Rapid HPF,3,3011987,1542137344.0,1.5421,153757,258442,9840448.0,16540288.0,0.00638105,0.3903
Liver,jrc_mus-liver-8,crop1073,Rapid HPF,1,9457772,4842379264.0,4.8424,147202,360764,9420928.0,23088896.0,0.00194552,0.5995
Liver,jrc_mus-liver-8,crop1073,Rapid HPF,2,6342493,3247356416.0,3.2474,409843,501110,26229952.0,32071040.0,0.00807732,0.3307
Liver,jrc_mus-liver-8,crop1073,Rapid HPF,3,24172,12376064.0,0.0124,9760,11310,624640.0,723840.0,0.05047162,0.3575
Liver,jrc_mus-liver-8,crop1073,Rapid HPF,4,28372,14526464.0,0.0145,10060,10636,643840.0,680704.0,0.04432187,0.423
Liver,jrc_mus-liver-8,crop1073,Rapid HPF,5,6148,3147776.0,0.0031,2907,3104,186048.0,198656.0,0.05910459,0.5229
Liver,jrc_mus-liver-8,crop1073,Rapid HPF,6,5189,2656768.0,0.0027,2088,2658,133632.0,170112.0,0.05029871,0.5453
Liver,jrc_mus-liver-8,crop1073,Rapid HPF,7,5335,2731520.0,0.0027,2586,2766,165504.0,177024.0,0.06059044,0.5338
Liver,jrc_mus-liver-8,crop1073,Rapid HPF,11,10839,5549568.0,0.0055,4357,4570,278848.0,292480.0,0.05024679,0.5183
Liver,jrc_mus-liver-8,crop1073,Rapid HPF,12,7195800,3684249600.0,3.6842,280108,455882,17926912.0,29176448.0,0.00486582,0.3954
Liver,jrc_mus-liver-8,crop1073,Rapid HPF,18,7377,3777024.0,0.0038,2600,3224,166400.0,206336.0,0.04405585,0.5684
Liver,jrc_mus-liver-8,crop1073,Rapid HPF,21,7304,3739648.0,0.0037,3500,3500,224000.0,224000.0,0.05989869,0.5201
Liver,jrc_mus-liver-8,crop1073,Rapid HPF,22,12020,6154240.0,0.0062,4733,5106,302912.0,326784.0,0.04922005,0.497
Liver,jrc_mus-liver-8,crop1074,Rapid HPF,1,20947681,10725212672.0,10.7252,270834,640434,17333376.0,40987776.0,0.00161613,0.5738
Liver,jrc_mus-liver-8,crop1074,Rapid HPF,2,2254604,1154357248.0,1.1544,219203,288124,14028992.0,18439936.0,0.01215308,0.2886
Liver,jrc_mus-liver-8,crop1074,Rapid HPF,7,10744,5500928.0,0.0055,4621,5200,295744.0,332800.0,0.05376257,0.4528
Liver,jrc_mus-liver-8,crop1074,Rapid HPF,9,5494,2812928.0,0.0028,2218,2666,141952.0,170624.0,0.05046414,0.5648
Liver,jrc_mus-liver-8,crop1074,Rapid HPF,11,906517,464136704.0,0.4641,118604,169692,7590656.0,10860288.0,0.01635435,0.2669
Liver,jrc_mus-liver-8,crop1074,Rapid HPF,12,6925,3545600.0,0.0035,3103,3332,198592.0,213248.0,0.05601083,0.5273
Liver,jrc_mus-liver-8,crop1074,Rapid HPF,15,10912,5586944.0,0.0056,4754,4920,304256.0,314880.0,0.05445839,0.4836
Liver,jrc_mus-liver-8,crop1074,Rapid HPF,25,7490,3834880.0,0.0038,3307,3472,211648.0,222208.0,0.05519025,0.5332
Liver,jrc_mus-liver-8,crop1074,Rapid HPF,26,6505,3330560.0,0.0033,2978,3168,190592.0,202752.0,0.05722521,0.5319
Liver,jrc_mus-liver-8,crop1074,Rapid HPF,27,8742,4475904.0,0.0045,3882,3882,248448.0,248448.0,0.05550789,0.5287
Liver,jrc_mus-liver-8,crop1074,Rapid HPF,28,6820,3491840.0,0.0035,2523,2808,161472.0,179712.0,0.04624267,0.6194
Liver,jrc_mus-liver-8,crop1074,Rapid HPF,31,5596,2865152.0,0.0029,2168,2630,138752.0,168320.0,0.04842745,0.5796
Liver,jrc_mus-liver-8,crop1074,Rapid HPF,38,6713,3437056.0,0.0034,2888,3090,184832.0,197760.0,0.05377626,0.5569
Liver,jrc_mus-liver-8,crop1074,Rapid HPF,39,5751,2944512.0,0.0029,2869,3236,183616.0,207104.0,0.06235872,0.4797
Liver,jrc_mus-liver-8,crop1074,Rapid HPF,40,6291,3220992.0,0.0032,2468,2684,157952.0,171776.0,0.04903831,0.614
Liver,jrc_mus-liver-8,crop1075,Rapid HPF,1,19219360,9840312320.0,9.8403,249206,600862,15949184.0,38455168.0,0.0016208,0.5775
Liver,jrc_mus-liver-8,crop1075,Rapid HPF,2,6397832,3275689984.0,3.2757,222961,390356,14269504.0,24982784.0,0.00435618,0.427
Liver,jrc_mus-liver-8,crop1075,Rapid HPF,15,5423,2776576.0,0.0028,2982,2982,190848.0,190848.0,0.06873502,0.5006
Liver,jrc_mus-liver-8,crop1075,Rapid HPF,16,9574,4901888.0,0.0049,4087,4408,261568.0,282112.0,0.05336066,0.4947
Liver,jrc_mus-liver-8,crop1075,Rapid HPF,19,5285,2705920.0,0.0027,2469,2690,158016.0,172160.0,0.0583964,0.5455
Liver,jrc_mus-liver-8,crop1075,Rapid HPF,21,6572,3364864.0,0.0034,3384,3384,216576.0,216576.0,0.06436397,0.5014
Liver,jrc_mus-liver-8,crop1075,Rapid HPF,30,5466,2798592.0,0.0028,2786,2786,178304.0,178304.0,0.06371204,0.5386
Liver,jrc_mus-liver-8,crop1075,Rapid HPF,42,5443,2786816.0,0.0028,3180,3180,203520.0,203520.0,0.07302958,0.4706
Liver,jrc_mus-liver-8,crop1075,Rapid HPF,43,6122,3134464.0,0.0031,2888,2888,184832.0,184832.0,0.05896766,0.5604
Liver,jrc_mus-liver-8,crop1075,Rapid HPF,44,5081,2601472.0,0.0026,2760,2760,176640.0,176640.0,0.06790002,0.5179
Liver,jrc_mus-liver-8,crop1075,Rapid HPF,47,13382,6851584.0,0.0069,5846,5846,374144.0,374144.0,0.05460693,0.4663
Liver,jrc_mus-liver-8,crop1075,Rapid HPF,48,5073,2597376.0,0.0026,2167,2382,138688.0,152448.0,0.05339543,0.5994
Cortex,jrc_mus-cortex-2,crop1116,Rapid HPF,1,66176,33882112.0,0.0339,9180,13026,587520.0,833664.0,0.01734012,0.6074
Cortex,jrc_mus-cortex-2,crop1116,Rapid HPF,2,16142,8264704.0,0.0083,6905,7548,441920.0,483072.0,0.05347076,0.4092
Cortex,jrc_mus-cortex-2,crop1116,Rapid HPF,3,46720,23920640.0,0.0239,13512,16350,864768.0,1046400.0,0.03615154,0.3837
Cortex,jrc_mus-cortex-2,crop1116,Rapid HPF,4,25298,12952576.0,0.013,7622,9326,487808.0,596864.0,0.03766108,0.4469
Cortex,jrc_mus-cortex-2,crop1116,Rapid HPF,5,149690,76641280.0,0.0766,28162,32186,1802368.0,2059904.0,0.02351693,0.4236
Cortex,jrc_mus-cortex-2,crop1116,Rapid HPF,6,1362366,697531392.0,0.6975,394328,408428,25236992.0,26139392.0,0.03618044,0.1455
Cortex,jrc_mus-cortex-2,crop1116,Rapid HPF,7,611887,313286144.0,0.3133,345282,351472,22098048.0,22494208.0,0.07053631,0.0992
Cortex,jrc_mus-cortex-2,crop1116,Rapid HPF,8,3314331,1696937472.0,1.6969,161578,198902,10340992.0,12729728.0,0.00609391,0.5405
Cortex,jrc_mus-cortex-2,crop1116,Rapid HPF,9,37836,19372032.0,0.0194,5929,9018,379456.0,577152.0,0.01958783,0.6044
Cortex,jrc_mus-cortex-2,crop1116,Rapid HPF,10,19187,9823744.0,0.0098,3924,6212,251136.0,397568.0,0.02556418,0.5579
Cortex,jrc_mus-cortex-2,crop1116,Rapid HPF,11,12738,6521856.0,0.0065,2549,4684,163136.0,299776.0,0.02501374,0.5631
Cortex,jrc_mus-cortex-2,crop1116,Rapid HPF,12,117742,60283904.0,0.0603,20379,25864,1304256.0,1655296.0,0.02163523,0.4492
Cortex,jrc_mus-cortex-2,crop1116,Rapid HPF,13,44350,22707200.0,0.0227,12254,14910,784256.0,954240.0,0.03453777,0.4064
Cortex,jrc_mus-cortex-2,crop1116,Rapid HPF,14,14461,7404032.0,0.0074,5315,6958,340160.0,445312.0,0.04594254,0.4125
Cortex,jrc_mus-cortex-2,crop1116,Rapid HPF,15,90960,46571520.0,0.0466,15476,15562,990464.0,995968.0,0.02126759,0.6285
Cortex,jrc_mus-cortex-2,crop1116,Rapid HPF,16,172332,88233984.0,0.0882,26620,26836,1703680.0,1717504.0,0.01930866,0.5581
Cortex,jrc_mus-cortex-2,crop1116,Rapid HPF,17,114820,58787840.0,0.0588,33276,33708,2129664.0,2157312.0,0.03622627,0.3389
Cortex,jrc_mus-cortex-2,crop1116,Rapid HPF,19,1989499,1018623488.0,1.0186,169056,181330,10819584.0,11605120.0,0.01062177,0.4219
Cortex,jrc_mus-cortex-2,crop1116,Rapid HPF,20,236968,121327616.0,0.1213,49703,52646,3180992.0,3369344.0,0.0262182,0.3518
Cortex,jrc_mus-cortex-2,crop1116,Rapid HPF,21,94324,48293888.0,0.0483,19515,20198,1248960.0,1292672.0,0.02586166,0.4961
Cortex,jrc_mus-cortex-2,crop1116,Rapid HPF,24,98846,50609152.0,0.0506,23567,24624,1508288.0,1575936.0,0.02980267,0.4199
Cortex,jrc_mus-cortex-2,crop1116,Rapid HPF,25,82205,42088960.0,0.0421,12890,16364,824960.0,1047296.0,0.01960039,0.5587
Cortex,jrc_mus-cortex-2,crop1116,Rapid HPF,26,137869,70588928.0,0.0706,37139,39268,2376896.0,2513152.0,0.03367236,0.3287
Cortex,jrc_mus-cortex-2,crop1116,Rapid HPF,27,95614,48954368.0,0.049,24625,29508,1576000.0,1888512.0,0.03219325,0.3427
Cortex,jrc_mus-cortex-2,crop1116,Rapid HPF,29,315549,161561088.0,0.1616,60386,73950,3864704.0,4732800.0,0.02392101,0.3031
Cortex,jrc_mus-cortex-2,crop1116,Rapid HPF,30,529024,270860288.0,0.2709,85241,90844,5455424.0,5814016.0,0.0201411,0.3482
Cortex,jrc_mus-cortex-2,crop1116,Rapid HPF,31,558440,285921280.0,0.2859,108084,108108,6917376.0,6918912.0,0.02419329,0.3033
Cortex,jrc_mus-cortex-2,crop1116,Rapid HPF,32,398949,204261888.0,0.2043,64878,65184,4152192.0,4171776.0,0.02032779,0.4021
Cortex,jrc_mus-cortex-2,crop1116,Rapid HPF,34,244021,124938752.0,0.1249,40842,42354,2613888.0,2710656.0,0.02092136,0.4459
Cortex,jrc_mus-cortex-2,crop1116,Rapid HPF,35,522705,267624960.0,0.2676,147594,150506,9446016.0,9632384.0,0.03529572,0.2085
Cortex,jrc_mus-cortex-2,crop1116,Rapid HPF,37,70990,36346880.0,0.0363,33510,38726,2144640.0,2478464.0,0.05900479,0.2141
Cortex,jrc_mus-cortex-2,crop1116,Rapid HPF,38,169861,86968832.0,0.087,41639,43210,2664896.0,2765440.0,0.03064197,0.3433
Cortex,jrc_mus-cortex-2,crop1116,Rapid HPF,39,81908,41936896.0,0.0419,12567,22546,804288.0,1442944.0,0.01917853,0.4045
Cortex,jrc_mus-cortex-2,crop1116,Rapid HPF,40,507477,259828224.0,0.2598,59333,68672,3797312.0,4395008.0,0.0146147,0.448
Cortex,jrc_mus-cortex-2,crop1116,Rapid HPF,41,149584,76587008.0,0.0766,39134,39182,2504576.0,2507648.0,0.03270236,0.3478
Cortex,jrc_mus-cortex-2,crop1116,Rapid HPF,42,288613,147769856.0,0.1478,53935,54034,3451840.0,3458176.0,0.02335957,0.3909
Cortex,jrc_mus-cortex-2,crop1116,Rapid HPF,43,132374,67775488.0,0.0678,23346,23564,1494144.0,1508096.0,0.02204549,0.5331
Cortex,jrc_mus-cortex-2,crop1116,Rapid HPF,44,135273,69259776.0,0.0693,41316,41896,2644224.0,2681344.0,0.03817835,0.3042
Cortex,jrc_mus-cortex-2,crop1116,Rapid HPF,45,212950,109030400.0,0.109,40420,44148,2586880.0,2825472.0,0.02372623,0.3906
Cortex,jrc_mus-cortex-2,crop1116,Rapid HPF,47,101401,51917312.0,0.0519,19341,19392,1237824.0,1241088.0,0.02384222,0.5423
Cortex,jrc_mus-cortex-2,crop1116,Rapid HPF,48,292147,149579264.0,0.1496,50916,54952,3258624.0,3516928.0,0.02178527,0.3875
Cortex,jrc_mus-cortex-2,crop1116,Rapid HPF,49,217825,111526400.0,0.1115,38337,45110,2453568.0,2887040.0,0.02199989,0.3881
Cortex,jrc_mus-cortex-2,crop1116,Rapid HPF,50,593366,303803392.0,0.3038,83204,84002,5325056.0,5376128.0,0.01752797,0.4065
Cortex,jrc_mus-cortex-2,crop1116,Rapid HPF,51,98095,50224640.0,0.0502,20510,23926,1312640.0,1531264.0,0.02613538,0.4299
Cortex,jrc_mus-cortex-2,crop1116,Rapid HPF,52,258899,132556288.0,0.1326,47557,49508,3043648.0,3168512.0,0.02296117,0.3968
Cortex,jrc_mus-cortex-2,crop1116,Rapid HPF,53,48337,24748544.0,0.0247,12035,12064,770240.0,772096.0,0.03112264,0.5319
Cortex,jrc_mus-cortex-2,crop1116,Rapid HPF,54,1524797,780696064.0,0.7807,149619,153248,9575616.0,9807872.0,0.01226549,0.4181
Cortex,jrc_mus-cortex-2,crop1116,Rapid HPF,55,134362,68793344.0,0.0688,36894,38704,2361216.0,2477056.0,0.03432332,0.3278
Cortex,jrc_mus-cortex-2,crop1116,Rapid HPF,56,554225,283763200.0,0.2838,105645,106640,6761280.0,6824960.0,0.02382719,0.306
Cortex,jrc_mus-cortex-2,crop1116,Rapid HPF,57,217553,111387136.0,0.1114,46322,46492,2964608.0,2975488.0,0.02661535,0.3763
Cortex,jrc_mus-cortex-2,crop1116,Rapid HPF,58,362295,185495040.0,0.1855,54489,54786,3487296.0,3506304.0,0.01879994,0.4486
Cortex,jrc_mus-cortex-2,crop1116,Rapid HPF,59,146766,75144192.0,0.0751,55116,56130,3527424.0,3592320.0,0.04694207,0.2397
Cortex,jrc_mus-cortex-2,crop1116,Rapid HPF,60,1874875,959936000.0,0.9599,155322,162618,9940608.0,10407552.0,0.01035549,0.4522
Cortex,jrc_mus-cortex-2,crop1116,Rapid HPF,61,798335,408747520.0,0.4087,83545,84038,5346880.0,5378432.0,0.01308113,0.4952
Cortex,jrc_mus-cortex-2,crop1116,Rapid HPF,62,1570535,804113920.0,0.8041,411290,427242,26322560.0,27343488.0,0.03273486,0.1529
Cortex,jrc_mus-cortex-2,crop1116,Rapid HPF,63,613416,314068992.0,0.3141,78031,81538,4993984.0,5218432.0,0.01590091,0.4282
Cortex,jrc_mus-cortex-2,crop1116,Rapid HPF,64,897011,459269632.0,0.4593,227930,236876,14587520.0,15160064.0,0.03176243,0.1899
Cortex,jrc_mus-cortex-2,crop1116,Rapid HPF,65,195374,100031488.0,0.1,162382,164858,10392448.0,10550912.0,0.10389177,0.0988
Cortex,jrc_mus-cortex-2,crop1116,Rapid HPF,66,2545143,1303113216.0,1.3031,171835,198864,10997440.0,12727296.0,0.00843936,0.4533
Cortex,jrc_mus-cortex-2,crop1116,Rapid HPF,67,272181,139356672.0,0.1394,105013,108074,6720832.0,6916736.0,0.04822756,0.1879
Cortex,jrc_mus-cortex-2,crop1116,Rapid HPF,68,182496,93437952.0,0.0934,46002,46674,2944128.0,2987136.0,0.03150891,0.3334
Cortex,jrc_mus-cortex-2,crop1116,Rapid HPF,69,58955,30184960.0,0.0302,14594,14678,934016.0,939392.0,0.03094309,0.4991
Cortex,jrc_mus-cortex-2,crop1116,Rapid HPF,70,140596,71985152.0,0.072,27335,32380,1749440.0,2072320.0,0.02430279,0.4038
Cortex,jrc_mus-cortex-2,crop1116,Rapid HPF,71,631902,323533824.0,0.3235,69188,81476,4428032.0,5214464.0,0.01368646,0.4371
Cortex,jrc_mus-cortex-2,crop1116,Rapid HPF,72,278528,142606336.0,0.1426,58321,59442,3732544.0,3804288.0,0.02617376,0.347
Cortex,jrc_mus-cortex-2,crop1116,Rapid HPF,73,47985,24568320.0,0.0246,16404,17122,1049856.0,1095808.0,0.0427321,0.373
Cortex,jrc_mus-cortex-2,crop1116,Rapid HPF,74,523865,268218880.0,0.2682,70937,71008,4539968.0,4544512.0,0.01692636,0.4426
Cortex,jrc_mus-cortex-2,crop1116,Rapid HPF,75,534649,273740288.0,0.2737,66538,75634,4258432.0,4840576.0,0.01555647,0.4212
Cortex,jrc_mus-cortex-2,crop1116,Rapid HPF,76,461158,236112896.0,0.2361,69661,69920,4458304.0,4474880.0,0.01888209,0.4128
Cortex,jrc_mus-cortex-2,crop1116,Rapid HPF,77,232785,119185920.0,0.1192,35316,35626,2260224.0,2280064.0,0.01896385,0.5137
Cortex,jrc_mus-cortex-2,crop1116,Rapid HPF,78,48459,24811008.0,0.0248,7250,10454,464000.0,669056.0,0.01870138,0.6149
Cortex,jrc_mus-cortex-2,crop1116,Rapid HPF,79,51708,26474496.0,0.0265,10269,11138,657216.0,712832.0,0.0248245,0.6026
Cortex,jrc_mus-cortex-2,crop1116,Rapid HPF,81,18979,9717248.0,0.0097,7672,9166,491008.0,586624.0,0.05052953,0.3754
Cortex,jrc_mus-cortex-2,crop1116,Rapid HPF,82,23124,11839488.0,0.0118,7278,8076,465792.0,516864.0,0.03934224,0.486
Cortex,jrc_mus-cortex-2,crop1116,Rapid HPF,83,89629,45890048.0,0.0459,34250,35054,2192000.0,2243456.0,0.04776635,0.2763
Cortex,jrc_mus-cortex-2,crop1116,Rapid HPF,84,274922,140760064.0,0.1408,168048,173662,10755072.0,11114368.0,0.07640713,0.1177
Cortex,jrc_mus-cortex-2,crop1116,Rapid HPF,85,25103,12852736.0,0.0129,11481,12432,734784.0,795648.0,0.05716946,0.3335
Cortex,jrc_mus-cortex-2,crop1116,Rapid HPF,86,58018,29705216.0,0.0297,18775,20084,1201600.0,1285376.0,0.04045081,0.3609
Cortex,jrc_mus-cortex-2,crop1116,Rapid HPF,88,315609,161591808.0,0.1616,21376,38978,1368064.0,2494592.0,0.00846617,0.5751
Cortex,jrc_mus-cortex-2,crop1116,Rapid HPF,89,560465,286958080.0,0.287,62173,79276,3979072.0,5073664.0,0.01386639,0.4147
Cortex,jrc_mus-cortex-2,crop1116,Rapid HPF,90,367868,188348416.0,0.1883,160450,166044,10268800.0,10626816.0,0.05452024,0.1495
Cortex,jrc_mus-cortex-2,crop1116,Rapid HPF,91,28294,14486528.0,0.0145,17198,17636,1100672.0,1128704.0,0.07597901,0.2546
Cortex,jrc_mus-cortex-2,crop1116,Rapid HPF,92,226436,115935232.0,0.1159,22396,27752,1433344.0,1776128.0,0.01236332,0.6474
Cortex,jrc_mus-cortex-2,crop1116,Rapid HPF,93,159170,81495040.0,0.0815,129686,131444,8299904.0,8412416.0,0.10184551,0.1081
Cortex,jrc_mus-cortex-2,crop1116,Rapid HPF,94,180711,92524032.0,0.0925,41163,41588,2634432.0,2661632.0,0.02847295,0.3717
Cortex,jrc_mus-cortex-2,crop1116,Rapid HPF,95,564468,289007616.0,0.289,56161,62790,3594304.0,4018560.0,0.01243671,0.526
Cortex,jrc_mus-cortex-2,crop1116,Rapid HPF,96,47959,24555008.0,0.0246,20704,21984,1325056.0,1406976.0,0.05396276,0.2904
Cortex,jrc_mus-cortex-2,crop1116,Rapid HPF,97,76970,39408640.0,0.0394,30835,35438,1973440.0,2268032.0,0.05007633,0.2469
Cortex,jrc_mus-cortex-2,crop1116,Rapid HPF,98,208484,106743808.0,0.1067,38010,48102,2432640.0,3078528.0,0.02278952,0.3535
Cortex,jrc_mus-cortex-2,crop1116,Rapid HPF,99,79420,40663040.0,0.0407,21172,25656,1355008.0,1641984.0,0.03332284,0.3483
Cortex,jrc_mus-cortex-2,crop1116,Rapid HPF,100,24596,12593152.0,0.0126,21137,23380,1352768.0,1496320.0,0.10742092,0.1749
Cortex,jrc_mus-cortex-2,crop1116,Rapid HPF,101,103151,52813312.0,0.0528,30247,32180,1935808.0,2059520.0,0.03665379,0.3305
Cortex,jrc_mus-cortex-2,crop1116,Rapid HPF,102,56281,28815872.0,0.0288,13142,22660,841088.0,1450240.0,0.02918836,0.3134
Cortex,jrc_mus-cortex-2,crop1116,Rapid HPF,104,133998,68606976.0,0.0686,38308,39368,2451712.0,2519552.0,0.03573561,0.3217
Cortex,jrc_mus-cortex-2,crop1116,Rapid HPF,105,335101,171571712.0,0.1716,35698,38998,2284672.0,2495872.0,0.01331613,0.5983
Cortex,jrc_mus-cortex-2,crop1116,Rapid HPF,106,74853,38324736.0,0.0383,30206,34608,1933184.0,2214912.0,0.0504422,0.2482
Cortex,jrc_mus-cortex-2,crop1116,Rapid HPF,107,131338,67245056.0,0.0672,21544,22420,1378816.0,1434880.0,0.02050435,0.5573
Cortex,jrc_mus-cortex-2,crop1116,Rapid HPF,108,52609,26935808.0,0.0269,8453,15380,540992.0,984320.0,0.02008449,0.4415
Cortex,jrc_mus-cortex-2,crop1116,Rapid HPF,109,73817,37794304.0,0.0378,14945,18218,956480.0,1165952.0,0.02530752,0.4671
Cortex,jrc_mus-cortex-2,crop1116,Rapid HPF,110,144513,73990656.0,0.074,29384,29430,1880576.0,1883520.0,0.0254164,0.4525
Cortex,jrc_mus-cortex-2,crop1116,Rapid HPF,111,52551,26906112.0,0.0269,14375,21870,920000.0,1399680.0,0.03419297,0.3102
Cortex,jrc_mus-cortex-2,crop1116,Rapid HPF,112,28851,14771712.0,0.0148,10572,11742,676608.0,751488.0,0.0458043,0.3874
Cortex,jrc_mus-cortex-2,crop1116,Rapid HPF,114,172235,88184320.0,0.0882,20011,24954,1280704.0,1597056.0,0.01452304,0.5999
Cortex,jrc_mus-cortex-2,crop1116,Rapid HPF,115,12216,6254592.0,0.0063,6380,6516,408320.0,417024.0,0.06528324,0.3937
Cortex,jrc_mus-cortex-2,crop1116,Rapid HPF,116,21986,11256832.0,0.0113,5039,6248,322496.0,399872.0,0.02864891,0.6074
Cortex,jrc_mus-cortex-2,crop1116,Rapid HPF,117,169390,86727680.0,0.0867,24940,28918,1596160.0,1850752.0,0.01840427,0.512
Cortex,jrc_mus-cortex-2,crop1116,Rapid HPF,118,5698,2917376.0,0.0029,1970,2356,126080.0,150784.0,0.04321692,0.6548
Cortex,jrc_mus-cortex-2,crop1116,Rapid HPF,119,14123,7230976.0,0.0072,8147,8320,521408.0,532480.0,0.07210756,0.3396
Cortex,jrc_mus-cortex-2,crop1116,Rapid HPF,120,17720,9072640.0,0.0091,7534,9204,482176.0,589056.0,0.05314616,0.3571
Cortex,jrc_mus-cortex-2,crop1116,Rapid HPF,121,8873,4542976.0,0.0045,2801,4248,179264.0,271872.0,0.0394596,0.4879
Cortex,jrc_mus-cortex-2,crop1116,Rapid HPF,122,518592,265519104.0,0.2655,38350,47462,2454400.0,3037568.0,0.00924378,0.6577
Cortex,jrc_mus-cortex-2,crop1116,Rapid HPF,123,270728,138612736.0,0.1386,89689,91164,5740096.0,5834496.0,0.04141103,0.222
Cortex,jrc_mus-cortex-2,crop1116,Rapid HPF,125,72254,36994048.0,0.037,24933,25338,1595712.0,1621632.0,0.04313429,0.3311
Cortex,jrc_mus-cortex-2,crop1116,Rapid HPF,126,43840,22446080.0,0.0224,13550,13550,867200.0,867200.0,0.03863481,0.4437
Cortex,jrc_mus-cortex-2,crop1116,Rapid HPF,127,686914,351699968.0,0.3517,57575,76224,3684800.0,4878336.0,0.01047711,0.4939
Cortex,jrc_mus-cortex-2,crop1116,Rapid HPF,129,309440,158433280.0,0.1584,37937,37968,2427968.0,2429952.0,0.01532486,0.5827
Cortex,jrc_mus-cortex-2,crop1116,Rapid HPF,131,547225,280179200.0,0.2802,49346,69020,3158144.0,4417280.0,0.01127187,0.4688
Cortex,jrc_mus-cortex-2,crop1116,Rapid HPF,132,17955,9192960.0,0.0092,8790,8790,562560.0,562560.0,0.06119465,0.3772
Cortex,jrc_mus-cortex-2,crop1116,Rapid HPF,133,360280,184463360.0,0.1845,39902,47106,2553728.0,3014784.0,0.01384409,0.5198
Cortex,jrc_mus-cortex-2,crop1116,Rapid HPF,134,241638,123718656.0,0.1237,30514,33410,1952896.0,2138240.0,0.01578498,0.5615
Cortex,jrc_mus-cortex-2,crop1116,Rapid HPF,135,332954,170472448.0,0.1705,43804,51776,2803456.0,3313664.0,0.01644521,0.4487
Cortex,jrc_mus-cortex-2,crop1116,Rapid HPF,136,837775,428940800.0,0.4289,234030,242162,14977920.0,15498368.0,0.03491839,0.1775
Cortex,jrc_mus-cortex-2,crop1116,Rapid HPF,137,303288,155283456.0,0.1553,51103,52080,3270592.0,3333120.0,0.02106208,0.4192
Cortex,jrc_mus-cortex-2,crop1116,Rapid HPF,139,35627,18241024.0,0.0182,14198,14198,908672.0,908672.0,0.04981475,0.3688
Cortex,jrc_mus-cortex-2,crop1116,Rapid HPF,140,88527,45325824.0,0.0453,32836,34188,2101504.0,2188032.0,0.04636439,0.281
Cortex,jrc_mus-cortex-2,crop1116,Rapid HPF,141,48845,25008640.0,0.025,14570,14570,932480.0,932480.0,0.03728631,0.4435
Cortex,jrc_mus-cortex-2,crop1116,Rapid HPF,142,53340,27310080.0,0.0273,28206,28284,1805184.0,1810176.0,0.06609955,0.2423
Cortex,jrc_mus-cortex-2,crop1116,Rapid HPF,143,30266,15496192.0,0.0155,14504,14974,928256.0,958336.0,0.0599022,0.3137
Cortex,jrc_mus-cortex-2,crop1116,Rapid HPF,144,7240,3706880.0,0.0037,2522,3770,161408.0,241280.0,0.04354282,0.4801
Cortex,jrc_mus-cortex-2,crop1116,Rapid HPF,145,89450,45798400.0,0.0458,27236,27670,1743104.0,1770880.0,0.03806037,0.3496
Cortex,jrc_mus-cortex-2,crop1116,Rapid HPF,146,147052,75290624.0,0.0753,30725,31982,1966400.0,2046848.0,0.02611746,0.4213
Cortex,jrc_mus-cortex-2,crop1116,Rapid HPF,147,169695,86883840.0,0.0869,38892,41052,2489088.0,2627328.0,0.02864846,0.3611
Cortex,jrc_mus-cortex-2,crop1116,Rapid HPF,148,104594,53552128.0,0.0536,31870,32716,2039680.0,2093824.0,0.03808775,0.3281
Cortex,jrc_mus-cortex-2,crop1116,Rapid HPF,150,6091,3118592.0,0.0031,2601,4302,166464.0,275328.0,0.05337793,0.3749
Cortex,jrc_mus-cortex-2,crop1116,Rapid HPF,151,16445,8419840.0,0.0084,5554,5554,355456.0,355456.0,0.04221648,0.5631
Cortex,jrc_mus-cortex-2,crop1116,Rapid HPF,152,206547,105752064.0,0.1058,30888,30888,1976832.0,1976832.0,0.01869308,0.5471
Cortex,jrc_mus-cortex-2,crop1116,Rapid HPF,153,46315,23713280.0,0.0237,21905,22270,1401920.0,1425280.0,0.05911962,0.2801
Cortex,jrc_mus-cortex-2,crop1116,Rapid HPF,154,239253,122497536.0,0.1225,43209,46482,2765376.0,2974848.0,0.02257495,0.401
Cortex,jrc_mus-cortex-2,crop1116,Rapid HPF,156,85715,43886080.0,0.0439,18568,19176,1188352.0,1227264.0,0.02707811,0.4903
Cortex,jrc_mus-cortex-2,crop1116,Rapid HPF,158,23519,12041728.0,0.012,8191,9334,524224.0,597376.0,0.04353395,0.4253
Cortex,jrc_mus-cortex-2,crop1116,Rapid HPF,159,246122,126014464.0,0.126,38408,46340,2458112.0,2965760.0,0.01950659,0.4099
Cortex,jrc_mus-cortex-2,crop1116,Rapid HPF,160,290460,148715520.0,0.1487,104277,108236,6673728.0,6927104.0,0.0448758,0.196
Cortex,jrc_mus-cortex-2,crop1116,Rapid HPF,162,256593,131375616.0,0.1314,48877,49036,3128128.0,3138304.0,0.02381057,0.3982
Cortex,jrc_mus-cortex-2,crop1116,Rapid HPF,163,456873,233918976.0,0.2339,53309,58372,3411776.0,3735808.0,0.01458529,0.4914
Cortex,jrc_mus-cortex-2,crop1116,Rapid HPF,164,5188,2656256.0,0.0027,2185,2400,139840.0,153600.0,0.05264553,0.6039
Cortex,jrc_mus-cortex-2,crop1116,Rapid HPF,165,126264,64647168.0,0.0646,99939,104384,6396096.0,6680576.0,0.09893853,0.1166
Cortex,jrc_mus-cortex-2,crop1116,Rapid HPF,166,52208,26730496.0,0.0267,57113,58726,3655232.0,3758464.0,0.13674389,0.115
Cortex,jrc_mus-cortex-2,crop1116,Rapid HPF,167,66825,34214400.0,0.0342,18219,21178,1166016.0,1355392.0,0.03407969,0.376
Cortex,jrc_mus-cortex-2,crop1116,Rapid HPF,168,115298,59032576.0,0.059,26640,26664,1704960.0,1706496.0,0.02888168,0.4296
Cortex,jrc_mus-cortex-2,crop1116,Rapid HPF,169,350836,179628032.0,0.1796,63850,80136,4086400.0,5128704.0,0.02274923,0.3002
Cortex,jrc_mus-cortex-2,crop1116,Rapid HPF,171,363110,185912320.0,0.1859,116929,124494,7483456.0,7967616.0,0.04025261,0.1977
Cortex,jrc_mus-cortex-2,crop1116,Rapid HPF,172,110910,56785920.0,0.0568,24352,24352,1558528.0,1558528.0,0.02744568,0.4584
Cortex,jrc_mus-cortex-2,crop1116,Rapid HPF,173,139177,71258624.0,0.0713,28701,30806,1836864.0,1971584.0,0.02577743,0.4216
Cortex,jrc_mus-cortex-2,crop1116,Rapid HPF,174,44115,22586880.0,0.0226,16829,16896,1077056.0,1081344.0,0.04768503,0.3573
Cortex,jrc_mus-cortex-2,crop1116,Rapid HPF,175,481349,246450688.0,0.2465,81029,82178,5185856.0,5259392.0,0.02104216,0.3614
Cortex,jrc_mus-cortex-2,crop1116,Rapid HPF,176,332154,170062848.0,0.1701,218612,220198,13991168.0,14092672.0,0.08227057,0.1053
Cortex,jrc_mus-cortex-2,crop1116,Rapid HPF,177,37423,19160576.0,0.0192,13935,14370,891840.0,919680.0,0.04654557,0.3765
Cortex,jrc_mus-cortex-2,crop1116,Rapid HPF,178,137442,70370304.0,0.0704,27638,31154,1768832.0,1993856.0,0.02513606,0.4134
Cortex,jrc_mus-cortex-2,crop1116,Rapid HPF,179,10953,5607936.0,0.0056,2338,3516,149632.0,225024.0,0.02668219,0.6784
Cortex,jrc_mus-cortex-2,crop1116,Rapid HPF,180,290311,148639232.0,0.1486,88169,94602,5642816.0,6054528.0,0.03796317,0.2241
Cortex,jrc_mus-cortex-2,crop1116,Rapid HPF,182,119948,61413376.0,0.0614,28893,31892,1849152.0,2041088.0,0.03010992,0.3688
Cortex,jrc_mus-cortex-2,crop1116,Rapid HPF,183,6963,3565056.0,0.0036,2091,3536,133824.0,226304.0,0.0375377,0.4987
Cortex,jrc_mus-cortex-2,crop1116,Rapid HPF,185,37476,19187712.0,0.0192,10437,10492,667968.0,671488.0,0.03481228,0.5162
Cortex,jrc_mus-cortex-2,crop1116,Rapid HPF,186,172340,88238080.0,0.0882,31083,31236,1989312.0,1999104.0,0.02254482,0.4795
Cortex,jrc_mus-cortex-2,crop1116,Rapid HPF,187,119154,61006848.0,0.061,26140,27326,1672960.0,1748864.0,0.0274225,0.4285
Cortex,jrc_mus-cortex-2,crop1116,Rapid HPF,188,389874,199615488.0,0.1996,36491,57222,2335424.0,3662208.0,0.01169961,0.451
Cortex,jrc_mus-cortex-2,crop1116,Rapid HPF,189,171362,87737344.0,0.0877,28958,31588,1853312.0,2021632.0,0.02112341,0.4723
Cortex,jrc_mus-cortex-2,crop1116,Rapid HPF,190,166632,85315584.0,0.0853,39586,40658,2533504.0,2602112.0,0.02969568,0.3602
Cortex,jrc_mus-cortex-2,crop1116,Rapid HPF,191,142697,73060864.0,0.0731,38625,41014,2472000.0,2624896.0,0.0338348,0.322
Cortex,jrc_mus-cortex-2,crop1116,Rapid HPF,192,50903,26062336.0,0.0261,16511,16648,1056704.0,1065472.0,0.04054525,0.399
Cortex,jrc_mus-cortex-2,crop1116,Rapid HPF,194,581277,297613824.0,0.2976,98953,113206,6332992.0,7245184.0,0.02127923,0.2975
Cortex,jrc_mus-cortex-2,crop1116,Rapid HPF,195,57211,29292032.0,0.0293,14904,14904,953856.0,953856.0,0.03256367,0.4818
Cortex,jrc_mus-cortex-2,crop1116,Rapid HPF,196,726155,371791360.0,0.3718,86014,93284,5504896.0,5970176.0,0.01480641,0.4188
Cortex,jrc_mus-cortex-2,crop1116,Rapid HPF,198,35289,18067968.0,0.0181,13464,15058,861696.0,963712.0,0.04769192,0.3455
Cortex,jrc_mus-cortex-2,crop1116,Rapid HPF,199,99202,50791424.0,0.0508,26176,26176,1675264.0,1675264.0,0.03298321,0.3959
Cortex,jrc_mus-cortex-2,crop1116,Rapid HPF,202,26420,13527040.0,0.0135,8527,9668,545728.0,618752.0,0.04034349,0.4437
Cortex,jrc_mus-cortex-2,crop1116,Rapid HPF,203,122342,62639104.0,0.0626,80797,83902,5171008.0,5369728.0,0.08255239,0.142
Cortex,jrc_mus-cortex-2,crop1116,Rapid HPF,204,53074,27173888.0,0.0272,16062,16346,1027968.0,1046144.0,0.03782926,0.4178
Cortex,jrc_mus-cortex-2,crop1116,Rapid HPF,205,58913,30163456.0,0.0302,14635,17960,936640.0,1149440.0,0.03105214,0.4077
Cortex,jrc_mus-cortex-2,crop1116,Rapid HPF,206,815812,417695744.0,0.4177,38136,71176,2440704.0,4555264.0,0.00584326,0.5932
Cortex,jrc_mus-cortex-2,crop1116,Rapid HPF,207,692857,354742784.0,0.3547,45185,64594,2891840.0,4134016.0,0.00815193,0.5862
Cortex,jrc_mus-cortex-2,crop1116,Rapid HPF,208,48754,24962048.0,0.025,13436,16352,859904.0,1046528.0,0.03444846,0.3947
Cortex,jrc_mus-cortex-2,crop1116,Rapid HPF,210,553124,283199488.0,0.2832,49557,62514,3171648.0,4000896.0,0.01119934,0.5213
Cortex,jrc_mus-cortex-2,crop1116,Rapid HPF,211,105782,54160384.0,0.0542,23632,23772,1512448.0,1521408.0,0.02792536,0.455
Cortex,jrc_mus-cortex-2,crop1116,Rapid HPF,212,40564,20768768.0,0.0208,5542,8844,354688.0,566016.0,0.01707795,0.6455
Cortex,jrc_mus-cortex-2,crop1116,Rapid HPF,213,11589,5933568.0,0.0059,7415,8052,474560.0,515328.0,0.07997886,0.3076
Cortex,jrc_mus-cortex-2,crop1116,Rapid HPF,214,164758,84356096.0,0.0844,18038,25410,1154432.0,1626240.0,0.01368522,0.572
Cortex,jrc_mus-cortex-2,crop1116,Rapid HPF,215,75621,38717952.0,0.0387,17692,18322,1132288.0,1172608.0,0.02924452,0.472
Cortex,jrc_mus-cortex-2,crop1116,Rapid HPF,216,104157,53328384.0,0.0533,25936,26062,1659904.0,1667968.0,0.03112609,0.4108
Cortex,jrc_mus-cortex-2,crop1116,Rapid HPF,217,12161,6226432.0,0.0062,5442,6084,348288.0,389376.0,0.05593701,0.4203
Cortex,jrc_mus-cortex-2,crop1116,Rapid HPF,218,70801,36250112.0,0.0363,41652,44468,2665728.0,2845952.0,0.0735371,0.1861
Cortex,jrc_mus-cortex-2,crop1116,Rapid HPF,220,72085,36907520.0,0.0369,30508,33212,1952512.0,2125568.0,0.05290282,0.2522
Cortex,jrc_mus-cortex-2,crop1116,Rapid HPF,221,229231,117366272.0,0.1174,31892,32002,2041088.0,2048128.0,0.01739075,0.566
Cortex,jrc_mus-cortex-2,crop1116,Rapid HPF,222,43934,22494208.0,0.0225,6589,12262,421696.0,784768.0,0.01874687,0.491
Cortex,jrc_mus-cortex-2,crop1116,Rapid HPF,223,48571,24868352.0,0.0249,6369,11414,407616.0,730496.0,0.01639095,0.564
Cortex,jrc_mus-cortex-2,crop1116,Rapid HPF,224,100744,51580928.0,0.0516,11940,19568,764160.0,1252352.0,0.01481478,0.5351
Cortex,jrc_mus-cortex-2,crop1116,Rapid HPF,226,75772,38795264.0,0.0388,14857,19956,950848.0,1277184.0,0.02450938,0.4339
Cortex,jrc_mus-cortex-2,crop1116,Rapid HPF,227,10418,5334016.0,0.0053,3214,4568,205696.0,292352.0,0.03856306,0.505
Cortex,jrc_mus-cortex-2,crop1116,Rapid HPF,228,8492,4347904.0,0.0043,3870,4696,247680.0,300544.0,0.05696538,0.4286
Cortex,jrc_mus-cortex-2,crop1116,Rapid HPF,229,52781,27023872.0,0.027,12242,13474,783488.0,862336.0,0.02899244,0.505
Cortex,jrc_mus-cortex-2,crop1116,Rapid HPF,230,94920,48599040.0,0.0486,14363,17520,919232.0,1121280.0,0.01891461,0.5744
Cortex,jrc_mus-cortex-3,crop1033,Chemical,1,250327,2002616.0,0.002,20211,35534,80844.0,142136.0,0.0403692,0.5406
Cortex,jrc_mus-cortex-3,crop1033,Chemical,2,60937399,487499192.0,0.4875,889357,1641642,3557428.0,6566568.0,0.0072973,0.4562
Cortex,jrc_mus-cortex-3,crop1033,Chemical,3,11399,91192.0,0.0001,2324,4508,9296.0,18032.0,0.10193877,0.5433
Cortex,jrc_mus-cortex-3,crop1033,Chemical,4,894416,7155328.0,0.0072,54592,92170,218368.0,368680.0,0.03051824,0.4871
Cortex,jrc_mus-cortex-3,crop1033,Chemical,5,1299911,10399288.0,0.0104,91473,107486,365892.0,429944.0,0.03518433,0.5359
Cortex,jrc_mus-cortex-3,crop1033,Chemical,6,1451652,11613216.0,0.0116,134714,156400,538856.0,625600.0,0.04640024,0.3964
Cortex,jrc_mus-cortex-3,crop1033,Chemical,7,322083,2576664.0,0.0026,24124,39426,96496.0,157704.0,0.03744997,0.5763
Cortex,jrc_mus-cortex-3,crop1033,Chemical,8,3327350,26618800.0,0.0266,233638,253672,934552.0,1014688.0,0.03510872,0.4249
Cortex,jrc_mus-cortex-3,crop1033,Chemical,9,1672545,13380360.0,0.0134,143970,167340,575880.0,669360.0,0.0430392,0.4072
Cortex,jrc_mus-cortex-3,crop1033,Chemical,10,3695945,29567560.0,0.0296,282531,304810,1130124.0,1219240.0,0.03822175,0.3793
Cortex,jrc_mus-cortex-3,crop1033,Chemical,11,3090353,24722824.0,0.0247,231331,251202,925324.0,1004808.0,0.03742792,0.4084
Cortex,jrc_mus-cortex-3,crop1033,Chemical,12,3389694,27117552.0,0.0271,288873,302150,1155492.0,1208600.0,0.04261048,0.3612
Cortex,jrc_mus-cortex-3,crop1033,Chemical,13,4392732,35141856.0,0.0351,320827,339810,1283308.0,1359240.0,0.03651793,0.3817
Cortex,jrc_mus-cortex-3,crop1033,Chemical,14,17806731,142453848.0,0.1425,382937,614990,1531748.0,2459960.0,0.01075259,0.5362
Cortex,jrc_mus-cortex-3,crop1033,Chemical,15,1969573,15756584.0,0.0158,140852,170894,563408.0,683576.0,0.03575699,0.4446
Cortex,jrc_mus-cortex-3,crop1033,Chemical,16,1772631,14181048.0,0.0142,108474,161938,433896.0,647752.0,0.03059689,0.4374
Cortex,jrc_mus-cortex-3,crop1033,Chemical,17,5024447,40195576.0,0.0402,450890,478554,1803560.0,1914216.0,0.04486961,0.2964
Cortex,jrc_mus-cortex-3,crop1033,Chemical,18,2820966,22567728.0,0.0226,223477,243048,893908.0,972192.0,0.03961001,0.3972
Cortex,jrc_mus-cortex-3,crop1033,Chemical,19,254504,2036032.0,0.002,33904,61666,135616.0,246664.0,0.06660799,0.3149
Cortex,jrc_mus-cortex-3,crop1033,Chemical,20,3330908,26647264.0,0.0266,222096,244074,888384.0,976296.0,0.03333866,0.4419
Cortex,jrc_mus-cortex-3,crop1033,Chemical,21,1262283,10098264.0,0.0101,83497,120490,333988.0,481960.0,0.0330738,0.4688
Cortex,jrc_mus-cortex-3,crop1033,Chemical,22,35374,282992.0,0.0003,5734,9956,22936.0,39824.0,0.08104823,0.5234
Cortex,jrc_mus-cortex-3,crop1034,Chemical,1,32803,262424.0,0.0003,5537,9548,22148.0,38192.0,0.08439777,0.519
Cortex,jrc_mus-cortex-3,crop1034,Chemical,2,2002243,16017944.0,0.016,108427,184414,433708.0,737656.0,0.02707638,0.4166
Cortex,jrc_mus-cortex-3,crop1034,Chemical,3,6258411,50067288.0,0.0501,321002,395100,1284008.0,1580400.0,0.02564565,0.4157
Cortex,jrc_mus-cortex-3,crop1034,Chemical,4,3000080,24000640.0,0.024,221060,232780,884240.0,931120.0,0.03684235,0.4321
Cortex,jrc_mus-cortex-3,crop1034,Chemical,5,4838970,38711760.0,0.0387,188929,257292,755716.0,1029168.0,0.01952161,0.5377
Cortex,jrc_mus-cortex-3,crop1034,Chemical,6,3316183,26529464.0,0.0265,240326,253456,961304.0,1013824.0,0.03623533,0.4243
Cortex,jrc_mus-cortex-3,crop1034,Chemical,7,2880759,23046072.0,0.023,129532,161064,518128.0,644256.0,0.02248227,0.6079
Cortex,jrc_mus-cortex-3,crop1034,Chemical,8,2205705,17645640.0,0.0176,106253,160072,425012.0,640288.0,0.02408595,0.5119
Cortex,jrc_mus-cortex-3,crop1034,Chemical,9,983993,7871944.0,0.0079,76918,107248,307672.0,428992.0,0.03908463,0.4461
Cortex,jrc_mus-cortex-3,crop1034,Chemical,10,284686,2277488.0,0.0023,24706,38142,98824.0,152568.0,0.04339167,0.5487
Cortex,jrc_mus-cortex-3,crop1034,Chemical,11,1527421,12219368.0,0.0122,96937,132590,387748.0,530360.0,0.03173225,0.4837
Cortex,jrc_mus-cortex-3,crop1034,Chemical,12,904361,7234888.0,0.0072,106815,114058,427260.0,456232.0,0.05905551,0.3965
Cortex,jrc_mus-cortex-3,crop1034,Chemical,13,5179531,41436248.0,0.0414,145809,239114,583236.0,956456.0,0.0140755,0.6054
Cortex,jrc_mus-cortex-3,crop1034,Chemical,14,1424554,11396432.0,0.0114,81386,96426,325544.0,385704.0,0.02856543,0.635
Cortex,jrc_mus-cortex-3,crop1034,Chemical,15,4557769,36462152.0,0.0365,269065,280646,1076260.0,1122584.0,0.02951718,0.4737
Cortex,jrc_mus-cortex-3,crop1034,Chemical,16,6029685,48237480.0,0.0482,191331,295196,765324.0,1180784.0,0.01586575,0.5427
Cortex,jrc_mus-cortex-3,crop1034,Chemical,17,1153130,9225040.0,0.0092,90686,135020,362744.0,540080.0,0.03932167,0.3939
Cortex,jrc_mus-cortex-3,crop1034,Chemical,18,102177,817416.0,0.0008,13320,20070,53280.0,80280.0,0.06518101,0.5266
Cortex,jrc_mus-cortex-3,crop1034,Chemical,19,536257,4290056.0,0.0043,63985,73826,255940.0,295304.0,0.05965889,0.4324
Cortex,jrc_mus-cortex-3,crop1034,Chemical,20,4991575,39932600.0,0.0399,184623,236160,738492.0,944640.0,0.01849346,0.5981
Cortex,jrc_mus-cortex-3,crop1034,Chemical,21,77510,620080.0,0.0006,10554,18170,42216.0,72680.0,0.06808154,0.4838
Cortex,jrc_mus-cortex-3,crop1034,Chemical,22,2797122,22376976.0,0.0224,179819,203386,719276.0,813544.0,0.03214357,0.472
Cortex,jrc_mus-cortex-3,crop1034,Chemical,23,786296,6290368.0,0.0063,59648,79742,238592.0,318968.0,0.03792974,0.5166
Cortex,jrc_mus-cortex-3,crop1034,Chemical,24,2549941,20399528.0,0.0204,102037,185150,408148.0,740600.0,0.02000772,0.4875
Cortex,jrc_mus-cortex-3,crop1035,Chemical,1,23681,189448.0,0.0002,3683,7146,14732.0,28584.0,0.07776276,0.5581
Cortex,jrc_mus-cortex-3,crop1035,Chemical,2,733687,5869496.0,0.0059,48513,70504,194052.0,282016.0,0.0330611,0.558
Cortex,jrc_mus-cortex-3,crop1035,Chemical,3,295184,2361472.0,0.0024,31484,45960,125936.0,183840.0,0.05332945,0.4665
Cortex,jrc_mus-cortex-3,crop1035,Chemical,4,66874574,534996592.0,0.535,651446,1328502,2605784.0,5314008.0,0.00487066,0.5997
Cortex,jrc_mus-cortex-3,crop1035,Chemical,5,39364042,314912336.0,0.3149,557366,936626,2229464.0,3746504.0,0.00707963,0.5975
Cortex,jrc_mus-cortex-3,crop1035,Chemical,6,278924,2231392.0,0.0022,24385,35008,97540.0,140032.0,0.04371262,0.5897
Cortex,jrc_mus-cortex-3,crop1035,Chemical,7,26453,211624.0,0.0002,4468,7708,17872.0,30832.0,0.08445167,0.557
Cortex,jrc_mus-cortex-3,crop1035,Chemical,8,58096,464768.0,0.0005,7832,13044,31328.0,52176.0,0.06740567,0.5561
Cortex,jrc_mus-cortex-3,crop1035,Chemical,9,426888,3415104.0,0.0034,30658,53418,122632.0,213672.0,0.03590872,0.5133
Cortex,jrc_mus-cortex-3,crop1035,Chemical,10,98538,788304.0,0.0008,10728,19798,42912.0,79192.0,0.05443585,0.5211
Cortex,jrc_mus-cortex-3,crop1035,Chemical,11,764299,6114392.0,0.0061,73750,119222,295000.0,476888.0,0.04824682,0.3391
Cortex,jrc_mus-cortex-3,crop1035,Chemical,12,120447,963576.0,0.001,21150,28022,84600.0,112088.0,0.08779795,0.4209
Cortex,jrc_mus-cortex-3,crop1035,Chemical,13,2865429,22923432.0,0.0229,204950,244032,819800.0,976128.0,0.03576253,0.3998
Cortex,jrc_mus-cortex-3,crop1035,Chemical,14,3762039,30096312.0,0.0301,245754,279066,983016.0,1116264.0,0.03266234,0.4192
Cortex,jrc_mus-cortex-3,crop1035,Chemical,15,792525,6340200.0,0.0063,49210,84972,196840.0,339888.0,0.03104634,0.4874
Cortex,jrc_mus-cortex-3,crop1035,Chemical,16,643947,5151576.0,0.0052,43791,62274,175164.0,249096.0,0.03400202,0.5791
Cortex,jrc_mus-cortex-3,crop1035,Chemical,17,1237703,9901624.0,0.0099,53618,93880,214472.0,375520.0,0.02166029,0.5938
Cortex,jrc_mus-cortex-3,crop1035,Chemical,18,6147,49176.0,0.0,1646,2914,6584.0,11656.0,0.13388645,0.5569
Cortex,jrc_mus-cortex-3,crop1035,Chemical,19,1120421,8963368.0,0.009,77053,112720,308212.0,450880.0,0.03438574,0.4628
Cortex,jrc_mus-cortex-3,crop1035,Chemical,20,190401,1523208.0,0.0015,16984,28998,67936.0,115992.0,0.04460061,0.5519
Cortex,jrc_mus-cortex-3,crop1036,Chemical,1,855174,6841392.0,0.0068,59985,83722,239940.0,334888.0,0.03507181,0.5204
Cortex,jrc_mus-cortex-3,crop1036,Chemical,2,2689384,21515072.0,0.0215,161489,197684,645956.0,790736.0,0.03002342,0.4731
Cortex,jrc_mus-cortex-3,crop1036,Chemical,3,862106,6896848.0,0.0069,53938,87600,215752.0,350400.0,0.0312827,0.5001
Cortex,jrc_mus-cortex-3,crop1036,Chemical,4,532623,4260984.0,0.0043,37714,67818,150856.0,271272.0,0.03540403,0.4685
Cortex,jrc_mus-cortex-3,crop1036,Chemical,5,2062997,16503976.0,0.0165,125760,157902,503040.0,631608.0,0.03047993,0.4963
Cortex,jrc_mus-cortex-3,crop1036,Chemical,6,2296179,18369432.0,0.0184,179981,218194,719924.0,872776.0,0.03919141,0.3858
Cortex,jrc_mus-cortex-3,crop1036,Chemical,7,371057,2968456.0,0.003,41366,57046,165464.0,228184.0,0.05574076,0.4377
Cortex,jrc_mus-cortex-3,crop1036,Chemical,8,870684,6965472.0,0.007,74369,85844,297476.0,343376.0,0.04270723,0.5137
Cortex,jrc_mus-cortex-3,crop1036,Chemical,9,5074073,40592584.0,0.0406,282719,328702,1130876.0,1314808.0,0.02785918,0.4344
Cortex,jrc_mus-cortex-3,crop1036,Chemical,10,90253,722024.0,0.0007,15060,23730,60240.0,94920.0,0.08343213,0.41
Cortex,jrc_mus-cortex-3,crop1036,Chemical,11,16513990,132111920.0,0.1321,294253,614456,1177012.0,2457824.0,0.0089092,0.5104
Cortex,jrc_mus-cortex-3,crop1036,Chemical,12,14326888,114615104.0,0.1146,462560,530612,1850240.0,2122448.0,0.01614307,0.5376
Cortex,jrc_mus-cortex-3,crop1036,Chemical,13,10477879,83823032.0,0.0838,287604,462954,1150416.0,1851816.0,0.01372434,0.5002
Cortex,jrc_mus-cortex-3,crop1036,Chemical,14,146619,1172952.0,0.0012,17753,33108,71012.0,132432.0,0.06054127,0.4061
Cortex,jrc_mus-cortex-3,crop1037,Chemical,1,120675,965400.0,0.001,12746,21616,50984.0,86464.0,0.05281127,0.5463
Cortex,jrc_mus-cortex-3,crop1037,Chemical,2,198298,1586384.0,0.0016,17906,34988,71624.0,139952.0,0.04514922,0.47
Cortex,jrc_mus-cortex-3,crop1037,Chemical,3,4814409,38515272.0,0.0385,185849,279616,743396.0,1118464.0,0.01930133,0.4931
Cortex,jrc_mus-cortex-3,crop1037,Chemical,4,9967228,79737824.0,0.0797,778786,894640,3115144.0,3578560.0,0.03906733,0.2504
Cortex,jrc_mus-cortex-3,crop1037,Chemical,5,1486097,11888776.0,0.0119,159207,177670,636828.0,710680.0,0.05356548,0.3545
Cortex,jrc_mus-cortex-3,crop1037,Chemical,6,100684241,805473928.0,0.8055,761932,1607912,3047728.0,6431648.0,0.00378377,0.6509
Cortex,jrc_mus-cortex-3,crop1037,Chemical,7,2792788,22342304.0,0.0223,137268,187590,549072.0,750360.0,0.02457544,0.5112
Cortex,jrc_mus-cortex-3,crop1037,Chemical,8,40262,322096.0,0.0003,8175,11858,32700.0,47432.0,0.10152253,0.4791
Cortex,jrc_mus-cortex-3,crop1037,Chemical,9,1573382,12587056.0,0.0126,103044,103044,412176.0,412176.0,0.03274602,0.6349
Cortex,jrc_mus-cortex-3,crop1037,Chemical,10,243253,1946024.0,0.0019,22486,33256,89944.0,133024.0,0.04621937,0.5667
Cortex,jrc_mus-cortex-3,crop1037,Chemical,11,774821,6198568.0,0.0062,51086,66392,204344.0,265568.0,0.03296632,0.6145
Cortex,jrc_mus-cortex-3,crop1037,Chemical,12,2995561,23964488.0,0.024,138921,212564,555684.0,850256.0,0.02318781,0.4728
Cortex,jrc_mus-cortex-3,crop1037,Chemical,13,68689,549512.0,0.0005,10093,17370,40372.0,69480.0,0.07346882,0.467
Cortex,jrc_mus-cortex-3,crop1037,Chemical,14,1432793,11462344.0,0.0115,92310,124228,369240.0,496912.0,0.03221331,0.4948
Cortex,jrc_mus-cortex-3,crop1037,Chemical,15,25155,201240.0,0.0002,5263,9108,21052.0,36432.0,0.10461141,0.4558
Cortex,jrc_mus-cortex-3,crop1037,Chemical,16,83593,668744.0,0.0007,10417,18664,41668.0,74656.0,0.06230785,0.4954
Cortex,jrc_mus-cortex-3,crop1045,Chemical,1,1344789,10758312.0,0.0108,53023,102744,212092.0,410976.0,0.01971425,0.5735
Cortex,jrc_mus-cortex-3,crop1045,Chemical,2,59929,479432.0,0.0005,12346,22220,49384.0,88880.0,0.10300522,0.3333
Cortex,jrc_mus-cortex-3,crop1045,Chemical,3,727356,5818848.0,0.0058,50016,85680,200064.0,342720.0,0.03438206,0.4565
Cortex,jrc_mus-cortex-3,crop1045,Chemical,4,16178,129424.0,0.0001,3532,7050,14128.0,28200.0,0.10916059,0.4388
Cortex,jrc_mus-cortex-3,crop1045,Chemical,5,3297707,26381656.0,0.0264,156604,205758,626416.0,823032.0,0.02374438,0.5207
Cortex,jrc_mus-cortex-3,crop1045,Chemical,6,1161088,9288704.0,0.0093,80633,104056,322532.0,416224.0,0.03472304,0.5134
Cortex,jrc_mus-cortex-3,crop1045,Chemical,7,680898,5447184.0,0.0054,71293,84632,285172.0,338528.0,0.05235219,0.4423
Cortex,jrc_mus-cortex-3,crop1045,Chemical,8,2707611,21660888.0,0.0217,173560,203140,694240.0,812560.0,0.03205039,0.4625
Cortex,jrc_mus-cortex-3,crop1045,Chemical,9,4546686,36373488.0,0.0364,424718,458598,1698872.0,1834392.0,0.04670633,0.2894
Cortex,jrc_mus-cortex-3,crop1045,Chemical,10,9010852,72086816.0,0.0721,352569,414212,1410276.0,1656848.0,0.01956358,0.5056
Cortex,jrc_mus-cortex-3,crop1045,Chemical,11,5783845,46270760.0,0.0463,282354,325360,1129416.0,1301440.0,0.02440885,0.4789
Cortex,jrc_mus-cortex-3,crop1045,Chemical,12,714224,5713792.0,0.0057,69500,88404,278000.0,353616.0,0.0486542,0.4371
Cortex,jrc_mus-cortex-3,crop1045,Chemical,13,15601565,124812520.0,0.1248,379597,566552,1518388.0,2266208.0,0.01216535,0.533
Cortex,jrc_mus-cortex-3,crop1045,Chemical,14,3641763,29134104.0,0.0291,238869,266944,955476.0,1067776.0,0.03279579,0.4288
Cortex,jrc_mus-cortex-3,crop1045,Chemical,15,5273451,42187608.0,0.0422,251575,320832,1006300.0,1283328.0,0.02385298,0.4567
Cortex,jrc_mus-cortex-3,crop1045,Chemical,16,9260533,74084264.0,0.0741,385885,444020,1543540.0,1776080.0,0.02083492,0.4803
Cortex,jrc_mus-cortex-3,crop1045,Chemical,17,9275788,74206304.0,0.0742,262008,414732,1048032.0,1658928.0,0.01412322,0.5148
Cortex,jrc_mus-cortex-3,crop1045,Chemical,18,4094522,32756176.0,0.0328,242611,279944,970444.0,1119776.0,0.02962629,0.4421
Cortex,jrc_mus-cortex-3,crop1045,Chemical,19,1373604,10988832.0,0.011,81518,117804,326072.0,471216.0,0.02967304,0.5073
Cortex,jrc_mus-cortex-3,crop1045,Chemical,20,29153,233224.0,0.0002,7892,7892,31568.0,31568.0,0.13535485,0.5804
Cortex,jrc_mus-cortex-3,crop1045,Chemical,21,3117827,24942616.0,0.0249,203341,269090,813364.0,1076360.0,0.03260941,0.3835
Cortex,jrc_mus-cortex-3,crop1045,Chemical,22,325725,2605800.0,0.0026,32213,51014,128852.0,204056.0,0.04944815,0.4488
Cortex,jrc_mus-cortex-3,crop1045,Chemical,23,61524,492192.0,0.0005,9041,14050,36164.0,56200.0,0.07347539,0.5364
Cortex,jrc_mus-cortex-3,crop1045,Chemical,24,30362,242896.0,0.0002,5165,9266,20660.0,37064.0,0.08505698,0.5079
Cortex,jrc_mus-cortex-3,crop1046,Chemical,1,7588418,60707344.0,0.0607,506142,586274,2024568.0,2345096.0,0.03334964,0.3185
Cortex,jrc_mus-cortex-3,crop1046,Chemical,2,10508599,84068792.0,0.0841,217388,416758,869552.0,1667032.0,0.01034334,0.5567
Cortex,jrc_mus-cortex-3,crop1046,Chemical,3,4641767,37134136.0,0.0371,149588,257030,598352.0,1028120.0,0.01611326,0.5235
Cortex,jrc_mus-cortex-3,crop1046,Chemical,4,72781,582248.0,0.0006,16420,21088,65680.0,84352.0,0.11280417,0.3998
Cortex,jrc_mus-cortex-3,crop1046,Chemical,5,4213508,33708064.0,0.0337,284981,305400,1139924.0,1221600.0,0.03381755,0.4131
Cortex,jrc_mus-cortex-3,crop1046,Chemical,6,2611267,20890136.0,0.0209,235453,249336,941812.0,997344.0,0.04508405,0.3678
Cortex,jrc_mus-cortex-3,crop1046,Chemical,7,2922545,23380360.0,0.0234,235842,252612,943368.0,1010448.0,0.04034874,0.3913
Cortex,jrc_mus-cortex-3,crop1046,Chemical,8,598835,4790680.0,0.0048,122509,132290,490036.0,529160.0,0.10228945,0.2597
Cortex,jrc_mus-cortex-3,crop1046,Chemical,9,17026181,136209448.0,0.1362,385095,601228,1540380.0,2404912.0,0.01130891,0.5323
Cortex,jrc_mus-cortex-3,crop1046,Chemical,10,6950,55600.0,0.0001,4531,5612,18124.0,22448.0,0.32597122,0.3138
Cortex,jrc_mus-cortex-3,crop1046,Chemical,11,611927,4895416.0,0.0049,131827,136004,527308.0,544016.0,0.10771465,0.2563
Cortex,jrc_mus-cortex-3,crop1046,Chemical,12,3007808,24062464.0,0.0241,228706,243210,914824.0,972840.0,0.03801872,0.4143
Cortex,jrc_mus-cortex-3,crop1046,Chemical,13,10111079,80888632.0,0.0809,294577,482842,1178308.0,1931368.0,0.01456704,0.4683
Cortex,jrc_mus-cortex-3,crop1046,Chemical,14,87908,703264.0,0.0007,26922,31454,107688.0,125816.0,0.153126,0.304
Cortex,jrc_mus-cortex-3,crop1046,Chemical,15,2619806,20958448.0,0.021,245669,281336,982676.0,1125344.0,0.04688687,0.3267
Cortex,jrc_mus-cortex-3,crop1046,Chemical,16,86622,692976.0,0.0007,23571,25296,94284.0,101184.0,0.13605666,0.3743
Cortex,jrc_mus-cortex-4,crop1139,Rapid HPF,1,9822,5028864.0,0.005,1953,3842,124992.0,245888.0,0.02485492,0.5773
Cortex,jrc_mus-cortex-4,crop1139,Rapid HPF,4,307975,157683200.0,0.1577,37801,55784,2419264.0,3570176.0,0.01534256,0.3954
Cortex,jrc_mus-cortex-4,crop1139,Rapid HPF,6,37933,19421696.0,0.0194,7641,10380,489024.0,664320.0,0.02517926,0.526
Cortex,jrc_mus-cortex-4,crop1139,Rapid HPF,8,181553,92955136.0,0.093,25124,35280,1607936.0,2257920.0,0.01729798,0.4395
Cortex,jrc_mus-cortex-4,crop1139,Rapid HPF,9,53841,27566592.0,0.0276,10168,13476,650752.0,862464.0,0.02360655,0.5117
Cortex,jrc_mus-cortex-4,crop1139,Rapid HPF,10,364025,186380800.0,0.1864,83829,95124,5365056.0,6087936.0,0.02878545,0.2592
Cortex,jrc_mus-cortex-4,crop1139,Rapid HPF,12,19921,10199552.0,0.0102,7048,8610,451072.0,551040.0,0.04422469,0.4128
Cortex,jrc_mus-cortex-4,crop1139,Rapid HPF,13,707024,361996288.0,0.362,65571,79054,4196544.0,5059456.0,0.01159278,0.4855
Cortex,jrc_mus-cortex-4,crop1139,Rapid HPF,14,321471,164593152.0,0.1646,73304,78908,4691456.0,5050112.0,0.02850335,0.2876
Cortex,jrc_mus-cortex-4,crop1139,Rapid HPF,15,48943,25058816.0,0.0251,13956,14758,893184.0,944512.0,0.0356435,0.4384
Cortex,jrc_mus-cortex-4,crop1139,Rapid HPF,16,380702,194919424.0,0.1949,117978,128262,7550592.0,8208768.0,0.03873699,0.1981
Cortex,jrc_mus-cortex-4,crop1139,Rapid HPF,17,49056,25116672.0,0.0251,16118,17964,1031552.0,1149696.0,0.04107041,0.3608
Cortex,jrc_mus-cortex-4,crop1139,Rapid HPF,18,5487,2809344.0,0.0028,2464,2862,157696.0,183168.0,0.05613268,0.5257
Cortex,jrc_mus-cortex-4,crop1139,Rapid HPF,19,477775,244620800.0,0.2446,98952,102642,6332928.0,6569088.0,0.02588876,0.2879
Cortex,jrc_mus-cortex-4,crop1139,Rapid HPF,21,2731972,1398769664.0,1.3988,283360,317824,18135040.0,20340736.0,0.01296499,0.2974
Cortex,jrc_mus-cortex-4,crop1139,Rapid HPF,23,800539,409875968.0,0.4099,97963,142976,6269632.0,9150464.0,0.01529641,0.2916
Cortex,jrc_mus-cortex-4,crop1139,Rapid HPF,24,10118,5180416.0,0.0052,2962,4070,189568.0,260480.0,0.0365932,0.5558
Cortex,jrc_mus-cortex-4,crop1139,Rapid HPF,26,12425,6361600.0,0.0064,3338,3888,213632.0,248832.0,0.03358149,0.6673
Cortex,jrc_mus-cortex-4,crop1139,Rapid HPF,29,33531,17167872.0,0.0172,11743,13400,751552.0,857600.0,0.04377665,0.3753
Cortex,jrc_mus-cortex-4,crop1139,Rapid HPF,30,100779,51598848.0,0.0516,20415,22590,1306560.0,1445760.0,0.0253215,0.4636
Cortex,jrc_mus-cortex-4,crop1139,Rapid HPF,32,874978,447988736.0,0.448,101531,145464,6497984.0,9309696.0,0.01450479,0.3041
Cortex,jrc_mus-cortex-4,crop1139,Rapid HPF,33,27635,14149120.0,0.0141,6489,9554,415296.0,611456.0,0.02935137,0.4627
Cortex,jrc_mus-cortex-4,crop1139,Rapid HPF,34,21015,10759680.0,0.0108,3937,6738,251968.0,431232.0,0.0234178,0.5466
Cortex,jrc_mus-cortex-4,crop1139,Rapid HPF,35,47733,24439296.0,0.0244,10811,13378,691904.0,856192.0,0.02831113,0.4757
Cortex,jrc_mus-cortex-4,crop1139,Rapid HPF,36,9050,4633600.0,0.0046,4034,4182,258176.0,267648.0,0.05571823,0.5022
Cortex,jrc_mus-cortex-4,crop1139,Rapid HPF,37,27017,13832704.0,0.0138,8586,9868,549504.0,631552.0,0.03972499,0.4412
Cortex,jrc_mus-cortex-4,crop1139,Rapid HPF,38,8619,4412928.0,0.0044,5283,5976,338112.0,382464.0,0.07661852,0.3402
Cortex,jrc_mus-cortex-4,crop1139,Rapid HPF,39,46668,23894016.0,0.0239,12037,14602,770368.0,934528.0,0.03224104,0.4293
Cortex,jrc_mus-cortex-4,crop1139,Rapid HPF,40,40866,20923392.0,0.0209,11591,11844,741824.0,758016.0,0.03545429,0.4844
Cortex,jrc_mus-cortex-4,crop1139,Rapid HPF,41,13372,6846464.0,0.0068,4199,6590,268736.0,421760.0,0.03925179,0.4134
Cortex,jrc_mus-cortex-4,crop1139,Rapid HPF,42,21047,10776064.0,0.0108,7650,7782,489600.0,498048.0,0.04543403,0.4737
Cortex,jrc_mus-cortex-4,crop1139,Rapid HPF,43,53871,27581952.0,0.0276,16775,20214,1073600.0,1293696.0,0.038924,0.3412
Cortex,jrc_mus-cortex-4,crop1139,Rapid HPF,44,99207,50793984.0,0.0508,22517,26846,1441088.0,1718144.0,0.02837123,0.386
Cortex,jrc_mus-cortex-4,crop1139,Rapid HPF,45,28464,14573568.0,0.0146,5048,7006,323072.0,448384.0,0.02216835,0.6435
Cortex,jrc_mus-cortex-4,crop1139,Rapid HPF,46,80380,41154560.0,0.0412,18576,25802,1188864.0,1651328.0,0.02888778,0.3491
Cortex,jrc_mus-cortex-4,crop1139,Rapid HPF,48,6931,3548672.0,0.0035,2754,2754,176256.0,176256.0,0.04966816,0.6383
Cortex,jrc_mus-cortex-4,crop1139,Rapid HPF,49,8110,4152320.0,0.0042,2898,4434,185472.0,283776.0,0.04466708,0.4403
Cortex,jrc_mus-cortex-4,crop1139,Rapid HPF,50,68633,35140096.0,0.0351,11087,14052,709568.0,899328.0,0.02019255,0.5769
Cortex,jrc_mus-cortex-4,crop1139,Rapid HPF,51,30970,15856640.0,0.0159,6273,7464,401472.0,477696.0,0.02531886,0.639
Cortex,jrc_mus-cortex-4,crop1139,Rapid HPF,54,18785,9617920.0,0.0096,8279,8828,529856.0,564992.0,0.0550905,0.3871
Cortex,jrc_mus-cortex-4,crop1139,Rapid HPF,59,45020,23050240.0,0.0231,10059,13618,643776.0,871552.0,0.02792925,0.4494
Cortex,jrc_mus-cortex-4,crop1139,Rapid HPF,61,8867,4539904.0,0.0045,2380,4174,152320.0,267136.0,0.03355137,0.4963
Cortex,jrc_mus-cortex-4,crop1139,Rapid HPF,62,16333,8362496.0,0.0084,6969,7236,446016.0,463104.0,0.05333527,0.4302
Cortex,jrc_mus-cortex-4,crop1139,Rapid HPF,63,18511,9477632.0,0.0095,3999,5914,255936.0,378496.0,0.02700421,0.5722
Cortex,jrc_mus-cortex-4,crop1139,Rapid HPF,65,12212,6252544.0,0.0063,3731,5678,238784.0,363392.0,0.0381899,0.4517
Cortex,jrc_mus-cortex-4,crop1139,Rapid HPF,67,11486,5880832.0,0.0059,2344,4648,150016.0,297472.0,0.02550932,0.5297
Cortex,jrc_mus-cortex-4,crop1139,Rapid HPF,68,7017,3592704.0,0.0036,2493,3146,159552.0,201344.0,0.04441,0.5634
Cortex,jrc_mus-cortex-4,crop1141,Rapid HPF,1,6910177,3538010624.0,3.538,144069,320376,9220416.0,20504064.0,0.0026061,0.5476
Cortex,jrc_mus-cortex-4,crop1141,Rapid HPF,2,195957,100329984.0,0.1003,43037,45800,2754368.0,2931200.0,0.02745309,0.3562
Cortex,jrc_mus-cortex-4,crop1141,Rapid HPF,3,10540,5396480.0,0.0054,3015,3944,192960.0,252416.0,0.03575664,0.5894
Cortex,jrc_mus-cortex-4,crop1141,Rapid HPF,6,189453,96999936.0,0.097,33243,40498,2127552.0,2591872.0,0.02193354,0.3939
Cortex,jrc_mus-cortex-4,crop1141,Rapid HPF,7,62776,32141312.0,0.0321,10485,13832,671040.0,885248.0,0.0208778,0.5522
Cortex,jrc_mus-cortex-4,crop1141,Rapid HPF,9,758920,388567040.0,0.3886,74184,91332,4747776.0,5845248.0,0.01221868,0.4405
Cortex,jrc_mus-cortex-4,crop1141,Rapid HPF,10,429577,219943424.0,0.2199,57223,69840,3662272.0,4469760.0,0.01665097,0.3942
Cortex,jrc_mus-cortex-4,crop1141,Rapid HPF,11,321043,164374016.0,0.1644,48917,56170,3130688.0,3594880.0,0.01904612,0.4037
Cortex,jrc_mus-cortex-4,crop1141,Rapid HPF,12,203611,104248832.0,0.1042,24708,30420,1581312.0,1946880.0,0.01516863,0.5502
Cortex,jrc_mus-cortex-4,crop1141,Rapid HPF,13,3878878,1985985536.0,1.986,228103,243786,14598592.0,15602304.0,0.0073508,0.4897
Cortex,jrc_mus-cortex-4,crop1141,Rapid HPF,14,449595,230192640.0,0.2302,62406,72102,3993984.0,4614528.0,0.01735062,0.3936
Cortex,jrc_mus-cortex-4,crop1141,Rapid HPF,15,1253526,641805312.0,0.6418,112245,123504,7183680.0,7904256.0,0.01119293,0.4552
Cortex,jrc_mus-cortex-4,crop1141,Rapid HPF,16,15763,8070656.0,0.0081,5884,6554,376576.0,419456.0,0.0466599,0.4639
Cortex,jrc_mus-cortex-4,crop1141,Rapid HPF,17,11794,6038528.0,0.006,3830,6292,245120.0,402688.0,0.04059267,0.3982
Cortex,jrc_mus-cortex-4,crop1141,Rapid HPF,18,14734,7543808.0,0.0075,3816,5364,244224.0,343296.0,0.0323741,0.5418
Cortex,jrc_mus-cortex-4,crop1141,Rapid HPF,19,81186,41567232.0,0.0416,13889,18950,888896.0,1212800.0,0.02138454,0.4785
Cortex,jrc_mus-cortex-4,crop1141,Rapid HPF,20,758013,388102656.0,0.3881,63912,77436,4090368.0,4955904.0,0.0105394,0.5192
Cortex,jrc_mus-cortex-4,crop1141,Rapid HPF,22,5755,2946560.0,0.0029,3228,3474,206592.0,222336.0,0.07011295,0.447
Cortex,jrc_mus-cortex-4,crop1141,Rapid HPF,25,6556,3356672.0,0.0034,3632,4024,232448.0,257536.0,0.06924954,0.421
Cortex,jrc_mus-cortex-4,crop1141,Rapid HPF,26,11601,5939712.0,0.0059,2617,4418,167488.0,282752.0,0.028198,0.5609
Cortex,jrc_mus-cortex-4,crop1141,Rapid HPF,27,16165,8276480.0,0.0083,2841,5098,181824.0,326272.0,0.02196876,0.6065
Cortex,jrc_mus-cortex-4,crop1141,Rapid HPF,29,71362,36537344.0,0.0365,10367,16802,663488.0,1075328.0,0.01815917,0.4952
Cortex,jrc_mus-cortex-4,crop1141,Rapid HPF,32,37938,19424256.0,0.0194,8507,8654,544448.0,553856.0,0.02802928,0.6309
Cortex,jrc_mus-cortex-4,crop1141,Rapid HPF,33,5759,2948608.0,0.0029,2303,3392,147392.0,217088.0,0.04998698,0.4581
Cortex,jrc_mus-cortex-4,crop1141,Rapid HPF,36,25264,12935168.0,0.0129,4309,7004,275776.0,448256.0,0.02131986,0.5945
Cortex,jrc_mus-cortex-4,crop1141,Rapid HPF,40,177194,90723328.0,0.0907,23496,29834,1503744.0,1909376.0,0.01657505,0.5114
Cortex,jrc_mus-cortex-4,crop1141,Rapid HPF,43,63093,32303616.0,0.0323,18448,18448,1180672.0,1180672.0,0.03654922,0.4155
Cortex,jrc_mus-cortex-4,crop1141,Rapid HPF,44,18020,9226240.0,0.0092,5254,5254,336256.0,336256.0,0.03644562,0.6327
Cortex,jrc_mus-cortex-4,crop1141,Rapid HPF,45,136101,69683712.0,0.0697,22999,30678,1471936.0,1963392.0,0.0211231,0.4171
Cortex,jrc_mus-cortex-4,crop1141,Rapid HPF,46,20453,10471936.0,0.0105,6018,6018,385152.0,385152.0,0.03677945,0.601
Cortex,jrc_mus-cortex-4,crop1141,Rapid HPF,47,11289,5779968.0,0.0058,5456,5456,349184.0,349184.0,0.06041279,0.446
Cortex,jrc_mus-cortex-4,crop1141,Rapid HPF,50,119951,61414912.0,0.0614,19151,27484,1225664.0,1758976.0,0.01995711,0.428
Cortex,jrc_mus-cortex-4,crop1141,Rapid HPF,51,153029,78350848.0,0.0784,31233,32710,1998912.0,2093440.0,0.02551232,0.423
Cortex,jrc_mus-cortex-4,crop1141,Rapid HPF,53,545082,279081984.0,0.2791,54205,61798,3469120.0,3955072.0,0.01243047,0.5222
Cortex,jrc_mus-cortex-4,crop1141,Rapid HPF,56,1475081,755241472.0,0.7552,99235,124494,6351040.0,7967616.0,0.00840928,0.5034
Cortex,jrc_mus-cortex-4,crop1141,Rapid HPF,59,370558,189725696.0,0.1897,37619,50802,2407616.0,3251328.0,0.01268998,0.4911
Cortex,jrc_mus-cortex-4,crop1141,Rapid HPF,61,234408,120016896.0,0.12,48628,49458,3112192.0,3165312.0,0.02593128,0.3717
Cortex,jrc_mus-cortex-4,crop1141,Rapid HPF,62,170334,87211008.0,0.0872,21847,27154,1398208.0,1737856.0,0.01603247,0.5472
Cortex,jrc_mus-cortex-4,crop1141,Rapid HPF,63,95646,48970752.0,0.049,22671,27098,1450944.0,1734272.0,0.02962879,0.3732
Cortex,jrc_mus-cortex-4,crop1141,Rapid HPF,64,60841,31150592.0,0.0312,11914,11914,762496.0,762496.0,0.02447774,0.6279
Cortex,jrc_mus-cortex-4,crop1141,Rapid HPF,65,108916,55764992.0,0.0558,15429,16756,987456.0,1072384.0,0.01770745,0.6582
Cortex,jrc_mus-cortex-4,crop1141,Rapid HPF,66,513161,262738432.0,0.2627,81150,87314,5193600.0,5588096.0,0.01976719,0.355
Cortex,jrc_mus-cortex-4,crop1141,Rapid HPF,67,19507,9987584.0,0.01,5724,5724,366336.0,366336.0,0.03667914,0.6122
Cortex,jrc_mus-cortex-4,crop1141,Rapid HPF,68,8009,4100608.0,0.0041,3158,3158,202112.0,202112.0,0.0492883,0.613
Cortex,jrc_mus-cortex-4,crop1141,Rapid HPF,69,20818,10658816.0,0.0107,5680,5680,363520.0,363520.0,0.0341051,0.6443
Cortex,jrc_mus-cortex-4,crop1141,Rapid HPF,71,6874,3519488.0,0.0035,2698,2698,172672.0,172672.0,0.04906168,0.648
Cortex,jrc_mus-cortex-4,crop1141,Rapid HPF,72,15227,7796224.0,0.0078,3969,4580,254016.0,293120.0,0.03258193,0.6487
Cortex,jrc_mus-cortex-4,crop1141,Rapid HPF,73,64178,32859136.0,0.0329,14269,16150,913216.0,1033600.0,0.02779184,0.48
Cortex,jrc_mus-cortex-4,crop1141,Rapid HPF,75,584523,299275776.0,0.2993,53391,57620,3417024.0,3687680.0,0.01141764,0.5867
Cortex,jrc_mus-cortex-4,crop1141,Rapid HPF,77,9309,4766208.0,0.0048,2721,3716,174144.0,237824.0,0.03653722,0.5759
Cortex,jrc_mus-cortex-4,crop1141,Rapid HPF,78,19616,10043392.0,0.01,5552,5552,355328.0,355328.0,0.03537928,0.6335
Cortex,jrc_mus-cortex-4,crop1141,Rapid HPF,80,399903,204750336.0,0.2048,37188,49894,2380032.0,3193216.0,0.01162407,0.5261
Cortex,jrc_mus-cortex-4,crop1141,Rapid HPF,81,276874,141759488.0,0.1418,30679,33264,1963456.0,2128896.0,0.01385061,0.6176
Cortex,jrc_mus-cortex-4,crop1141,Rapid HPF,83,28567,14626304.0,0.0146,4735,7060,303040.0,451840.0,0.02071884,0.6401
Cortex,jrc_mus-cortex-4,crop1141,Rapid HPF,84,14287,7314944.0,0.0073,4706,4706,301184.0,301184.0,0.04117379,0.6051
Cortex,jrc_mus-cortex-4,crop1141,Rapid HPF,85,177435,90846720.0,0.0908,24707,38672,1581248.0,2475008.0,0.01740567,0.3949
Cortex,jrc_mus-cortex-4,crop1141,Rapid HPF,86,98634,50500608.0,0.0505,15651,19136,1001664.0,1224704.0,0.01983469,0.5395
Cortex,jrc_mus-cortex-4,crop1141,Rapid HPF,87,30272,15499264.0,0.0155,7358,7358,470912.0,470912.0,0.03038286,0.6384
Cortex,jrc_mus-cortex-4,crop1141,Rapid HPF,88,79922,40920064.0,0.0409,10240,15114,655360.0,967296.0,0.01601562,0.5937
Cortex,jrc_mus-cortex-4,crop1141,Rapid HPF,90,12745,6525440.0,0.0065,4390,4390,280960.0,280960.0,0.0430561,0.6011
Cortex,jrc_mus-cortex-4,crop1141,Rapid HPF,91,19395,9930240.0,0.0099,5502,6358,352128.0,406912.0,0.03546017,0.5491
Cortex,jrc_mus-cortex-4,crop1141,Rapid HPF,93,6337,3244544.0,0.0032,3984,3984,254976.0,254976.0,0.07858608,0.4157
Cortex,jrc_mus-cortex-4,crop1141,Rapid HPF,94,29920,15319040.0,0.0153,6564,7078,420096.0,452992.0,0.02742313,0.6585
Cortex,jrc_mus-cortex-4,crop1141,Rapid HPF,95,16136,8261632.0,0.0083,5697,6076,364608.0,388864.0,0.04413268,0.5082
Cortex,jrc_mus-cortex-4,crop1141,Rapid HPF,96,13932,7133184.0,0.0071,4426,4426,283264.0,283264.0,0.03971074,0.6326
Cortex,jrc_mus-cortex-4,crop1141,Rapid HPF,97,6124,3135488.0,0.0031,2347,2614,150208.0,167296.0,0.04790578,0.6193
Cortex,jrc_mus-cortex-4,crop1141,Rapid HPF,99,6143,3145216.0,0.0031,3149,3624,201536.0,231936.0,0.064077,0.4476
Cortex,jrc_mus-cortex-4,crop1141,Rapid HPF,100,16124,8255488.0,0.0083,3250,4514,208000.0,288896.0,0.02519536,0.6838
Cortex,jrc_mus-cortex-4,crop1141,Rapid HPF,101,10902,5581824.0,0.0056,2536,3992,162304.0,255488.0,0.02907723,0.5956
Cortex,jrc_mus-cortex-4,crop1141,Rapid HPF,102,13545,6935040.0,0.0069,3387,4580,216768.0,293120.0,0.03125692,0.6
Cortex,jrc_mus-cortex-4,crop1141,Rapid HPF,104,5252,2689024.0,0.0027,1868,2726,119552.0,174464.0,0.04445925,0.536
Cortex,jrc_mus-cortex-4,crop1141,Rapid HPF,105,7746,3965952.0,0.004,2726,3568,174464.0,228352.0,0.04399045,0.5306
Cortex,jrc_mus-cortex-4,crop1141,Rapid HPF,106,11168,5718016.0,0.0057,3817,5332,244288.0,341248.0,0.04272251,0.4532
Cortex,jrc_mus-cortex-4,crop1141,Rapid HPF,107,9464,4845568.0,0.0048,1946,3464,124544.0,221696.0,0.02570266,0.6246
Cortex,jrc_mus-cortex-4,crop1141,Rapid HPF,108,9481,4854272.0,0.0049,2397,4058,153408.0,259712.0,0.03160268,0.5338
Cortex,jrc_mus-cortex-4,crop1141,Rapid HPF,109,11724,6002688.0,0.006,3056,4266,195584.0,273024.0,0.03258274,0.585
Cortex,jrc_mus-cortex-4,crop1141,Rapid HPF,110,9926,5082112.0,0.0051,3054,4002,195456.0,256128.0,0.0384596,0.5581
Cortex,jrc_mus-cortex-4,crop1141,Rapid HPF,111,8039,4115968.0,0.0041,2499,3442,159936.0,220288.0,0.03885744,0.5638
