tissue,dataset,crop,prep,cell_id,n_voxels,volume_nm3,n_surface_voxels,median_abs_H,mean_abs_H,std_H,p25_H,p75_H,frac_convex,frac_concave,median_radius_nm
Kidney,jrc_mus-kidney,crop1026,Chemical,1,96795,6194880.0,4681,0.00602497,0.00619996,0.00595056,-0.00813347,-0.0004449,0.2299,0.7701,166.0
Kidney,jrc_mus-kidney,crop1026,Chemical,2,723773,46321472.0,42709,0.00529524,0.00629735,0.00663965,-0.00786393,-0.00059898,0.2218,0.7782,188.8
Kidney,jrc_mus-kidney,crop1026,Chemical,3,110952,7100928.0,7002,0.00590221,0.00651299,0.00602089,-0.00917031,-0.001617,0.161,0.839,169.4
Kidney,jrc_mus-kidney,crop1026,Chemical,4,10447483,668638912.0,350990,0.00385602,0.00463006,0.00574532,-0.0051751,0.0017229,0.354,0.646,259.3
Kidney,jrc_mus-kidney,crop1026,Chemical,6,38339924,2453755136.0,844119,0.00409877,0.00500761,0.00649119,-0.00491968,0.00275786,0.4014,0.5986,244.0
Kidney,jrc_mus-kidney,crop1026,Chemical,7,41571,2660544.0,4677,0.00637417,0.00799511,0.00639181,-0.01132134,-0.00320806,0.0872,0.9128,156.9
Kidney,jrc_mus-kidney,crop1026,Chemical,9,221746,14191744.0,12395,0.00661203,0.00720609,0.00734513,-0.00927376,-0.00035201,0.2366,0.7634,151.2
Kidney,jrc_mus-kidney,crop1026,Chemical,10,113950,7292800.0,10602,0.00810744,0.00818045,0.00439701,-0.01058486,-0.00542716,0.049,0.951,123.3
Kidney,jrc_mus-kidney,crop1026,Chemical,11,51406,3289984.0,6189,0.00950744,0.01022642,0.00548,-0.01278299,-0.00708616,0.0423,0.9577,105.2
Kidney,jrc_mus-kidney,crop1026,Chemical,12,8786327,562324928.0,302471,0.00482295,0.00554099,0.00629884,-0.0069285,0.00082232,0.2911,0.7089,207.3
Kidney,jrc_mus-kidney,crop1026,Chemical,16,429089,27461696.0,26328,0.00297281,0.00443285,0.00614598,-0.00501827,0.00065385,0.3136,0.6864,336.4
Kidney,jrc_mus-kidney,crop1026,Chemical,17,127149,8137536.0,15140,0.00913514,0.00934398,0.00323585,-0.01092379,-0.00732595,0.0,1.0,109.5
Kidney,jrc_mus-kidney,crop1026,Chemical,19,2768307,177171648.0,110919,0.00408094,0.00470001,0.00551795,-0.00572746,0.00165087,0.3502,0.6498,245.0
Kidney,jrc_mus-kidney,crop1026,Chemical,20,1381689,88428096.0,72976,0.00524618,0.00582104,0.00562131,-0.00787959,-0.0012281,0.1858,0.8142,190.6
Kidney,jrc_mus-kidney,crop1026,Chemical,22,136697,8748608.0,12415,0.00621433,0.00730936,0.00643951,-0.01108229,-0.00162627,0.1575,0.8425,160.9
Kidney,jrc_mus-kidney,crop1026,Chemical,23,1206710,77229440.0,62726,0.00398933,0.00504238,0.00569528,-0.00669246,0.00023296,0.2662,0.7338,250.7
Kidney,jrc_mus-kidney,crop1026,Chemical,24,1688555,108067520.0,85786,0.0046553,0.00510389,0.00486543,-0.00684171,-0.00102475,0.1948,0.8052,214.8
Kidney,jrc_mus-kidney,crop1026,Chemical,25,975010,62400640.0,50328,0.00417049,0.00480161,0.00523626,-0.00624399,-0.00029492,0.2312,0.7688,239.8
Kidney,jrc_mus-kidney,crop1026,Chemical,26,64216,4109824.0,5318,0.00719042,0.00794456,0.00397512,-0.01011335,-0.00514676,0.0,1.0,139.1
Kidney,jrc_mus-kidney,crop1026,Chemical,27,307467,19677888.0,22443,0.0055881,0.00662335,0.00581593,-0.00917696,-0.00214783,0.1536,0.8464,179.0
Kidney,jrc_mus-kidney,crop1026,Chemical,28,131674,8427136.0,14311,0.00886954,0.00899737,0.00365183,-0.01099857,-0.0067971,0.0049,0.9951,112.7
Kidney,jrc_mus-kidney,crop1026,Chemical,29,137838,8821632.0,15032,0.00903271,0.00949084,0.00961218,-0.0121215,-0.00074583,0.2327,0.7673,110.7
Kidney,jrc_mus-kidney,crop1026,Chemical,30,82189,5260096.0,8432,0.00613144,0.00847466,0.00803236,-0.01336539,-0.00153612,0.1664,0.8336,163.1
Kidney,jrc_mus-kidney,crop1026,Chemical,31,125195,8012480.0,7574,0.00507015,0.00550201,0.0048214,-0.00697309,-0.00198684,0.1175,0.8825,197.2
Kidney,jrc_mus-kidney,crop1026,Chemical,33,202906,12985984.0,13005,0.00542256,0.00688276,0.00713039,-0.00924152,-0.00081552,0.2108,0.7892,184.4
Kidney,jrc_mus-kidney,crop1026,Chemical,34,81562,5219968.0,5468,0.00627251,0.00638011,0.00475285,-0.00898881,-0.00262121,0.1105,0.8895,159.4
Kidney,jrc_mus-kidney,crop1026,Chemical,35,272955,17469120.0,13305,0.00718882,0.00877753,0.01095143,-0.00794336,0.00351133,0.3173,0.6827,139.1
Kidney,jrc_mus-kidney,crop1026,Chemical,36,117644,7529216.0,10785,0.00780067,0.00789351,0.00450491,-0.01015584,-0.0051082,0.0549,0.9451,128.2
Kidney,jrc_mus-kidney,crop1026,Chemical,39,68257,4368448.0,4910,0.0057873,0.00653817,0.0051257,-0.00865626,-0.00307808,0.1134,0.8866,172.8
Kidney,jrc_mus-kidney,crop1026,Chemical,42,163460,10461440.0,13637,0.0052842,0.0066667,0.00649922,-0.00981512,-0.00116211,0.1739,0.8261,189.2
Kidney,jrc_mus-kidney,crop1027,Chemical,1,24505767,1568369088.0,675532,0.00394383,0.00479142,0.00608992,-0.00520347,0.00202247,0.373,0.627,253.6
Kidney,jrc_mus-kidney,crop1027,Chemical,2,20633993,1320575552.0,640377,0.00359373,0.00454289,0.00576628,-0.00502147,0.00179079,0.3775,0.6225,278.3
Kidney,jrc_mus-kidney,crop1027,Chemical,7,53280,3409920.0,7363,0.00948995,0.00979093,0.00359191,-0.0115705,-0.00748522,0.0,1.0,105.4
Kidney,jrc_mus-kidney,crop1027,Chemical,8,127767,8177088.0,10176,0.00385538,0.00651043,0.00779729,-0.00827283,-0.00061383,0.1976,0.8024,259.4
Kidney,jrc_mus-kidney,crop1027,Chemical,9,43548,2787072.0,4555,0.00671682,0.00791444,0.00557777,-0.01057697,-0.00416448,0.0334,0.9666,148.9
Kidney,jrc_mus-kidney,crop1027,Chemical,11,148576,9508864.0,16599,0.00858238,0.00893792,0.00343228,-0.01053458,-0.00682949,0.0068,0.9932,116.5
Kidney,jrc_mus-kidney,crop1027,Chemical,12,1409108,90182912.0,46922,0.00332211,0.00428401,0.0050159,-0.00558176,7.652e-05,0.2573,0.7427,301.0
Kidney,jrc_mus-kidney,crop1027,Chemical,13,51047,3267008.0,5524,0.00908634,0.00961141,0.00799239,-0.01421377,-0.00291937,0.145,0.855,110.1
Kidney,jrc_mus-kidney,crop1027,Chemical,14,68056,4355584.0,7881,0.00911254,0.0096512,0.00501039,-0.01229373,-0.00662274,0.0256,0.9744,109.7
Kidney,jrc_mus-kidney,crop1027,Chemical,15,1646730,105390720.0,77756,0.00427565,0.00500094,0.00514193,-0.00697245,-0.00022492,0.2354,0.7646,233.9
Kidney,jrc_mus-kidney,crop1027,Chemical,16,783635,50152640.0,40696,0.00467151,0.00563373,0.00628992,-0.00753543,-0.00041035,0.2247,0.7753,214.1
Kidney,jrc_mus-kidney,crop1027,Chemical,17,928150,59401600.0,54431,0.00465935,0.00538593,0.00547099,-0.00724235,-0.00068706,0.2147,0.7853,214.6
Kidney,jrc_mus-kidney,crop1027,Chemical,18,2540710,162605440.0,115730,0.00409949,0.00486052,0.00567588,-0.00622412,0.00093044,0.3103,0.6897,243.9
Kidney,jrc_mus-kidney,crop1027,Chemical,19,185769,11889216.0,10714,0.00601817,0.00676057,0.00547736,-0.00978975,-0.00218915,0.1479,0.8521,166.2
Kidney,jrc_mus-kidney,crop1027,Chemical,21,43255,2768320.0,5005,0.00627984,0.00786093,0.00596654,-0.01115511,-0.00353436,0.029,0.971,159.2
Kidney,jrc_mus-kidney,crop1027,Chemical,22,6078917,389050688.0,509421,0.00458675,0.00532786,0.00640567,-0.00664678,0.00032346,0.2678,0.7322,218.0
Kidney,jrc_mus-kidney,crop1027,Chemical,24,50743,3247552.0,6368,0.00980022,0.00944417,0.00749092,-0.01333559,-0.00222487,0.1649,0.8351,102.0
Kidney,jrc_mus-kidney,crop1027,Chemical,26,269882,17272448.0,17575,0.0028786,0.0044084,0.00534177,-0.00479701,-0.00086343,0.1707,0.8293,347.4
Kidney,jrc_mus-kidney,crop1027,Chemical,27,333587,21349568.0,33683,0.00273236,0.00497581,0.00657987,-0.00580586,7.124e-05,0.257,0.743,366.0
Kidney,jrc_mus-kidney,crop1028,Chemical,1,81110,5191040.0,6730,0.00613195,0.0072949,0.00648146,-0.00957706,-0.00275928,0.104,0.896,163.1
Kidney,jrc_mus-kidney,crop1028,Chemical,2,100929,6459456.0,11706,0.00815082,0.00843442,0.00443294,-0.01078591,-0.0056136,0.0343,0.9657,122.7
Kidney,jrc_mus-kidney,crop1028,Chemical,3,335483,21470912.0,31368,0.00657873,0.00754032,0.0077904,-0.01065097,0.00049006,0.2797,0.7203,152.0
Kidney,jrc_mus-kidney,crop1028,Chemical,4,72710,4653440.0,7943,0.00752354,0.00787283,0.00501947,-0.01089469,-0.00455186,0.065,0.935,132.9
Kidney,jrc_mus-kidney,crop1028,Chemical,5,85837,5493568.0,9228,0.00784593,0.00850254,0.0061183,-0.01099014,-0.00474288,0.0994,0.9006,127.5
Kidney,jrc_mus-kidney,crop1028,Chemical,6,57781,3697984.0,5056,0.00812694,0.00849063,0.00461615,-0.01031046,-0.00593833,0.0202,0.9798,123.0
Kidney,jrc_mus-kidney,crop1028,Chemical,7,118630,7592320.0,10020,0.00670986,0.00707552,0.00497608,-0.00964545,-0.0038201,0.1017,0.8983,149.0
Kidney,jrc_mus-kidney,crop1028,Chemical,8,44931,2875584.0,4068,0.00849104,0.00879164,0.00607847,-0.01193649,-0.00477047,0.115,0.885,117.8
Kidney,jrc_mus-kidney,crop1028,Chemical,9,129412,8282368.0,8817,0.00653789,0.00681816,0.00402649,-0.00863488,-0.00432771,0.0525,0.9475,153.0
Kidney,jrc_mus-kidney,crop1028,Chemical,10,100692,6444288.0,11214,0.00830019,0.00859026,0.00478385,-0.01057171,-0.00596213,0.0491,0.9509,120.5
Kidney,jrc_mus-kidney,crop1028,Chemical,12,88146,5641344.0,8448,0.00833956,0.0084593,0.00452139,-0.01042071,-0.00590087,0.0393,0.9607,119.9
Kidney,jrc_mus-kidney,crop1028,Chemical,14,87587,5605568.0,10532,0.00842861,0.00899868,0.00450804,-0.01138422,-0.00617417,0.0269,0.9731,118.6
Kidney,jrc_mus-kidney,crop1028,Chemical,15,229137,14664768.0,17919,0.00675215,0.00737266,0.00780558,-0.00905177,-0.00070826,0.2261,0.7739,148.1
Kidney,jrc_mus-kidney,crop1028,Chemical,16,53415,3418560.0,4906,0.00865143,0.00887312,0.00506477,-0.01212848,-0.0051988,0.0296,0.9704,115.6
Kidney,jrc_mus-kidney,crop1028,Chemical,18,111076,7108864.0,9111,0.00618725,0.00671654,0.00530078,-0.00910197,-0.00271,0.1335,0.8665,161.6
Kidney,jrc_mus-kidney,crop1028,Chemical,19,315975,20222400.0,20394,0.00567668,0.00584201,0.0034082,-0.00752391,-0.00380027,0.0559,0.9441,176.2
Kidney,jrc_mus-kidney,crop1028,Chemical,20,53967,3453888.0,4270,0.00895463,0.00843952,0.00646831,-0.01182793,-0.00299837,0.1604,0.8396,111.7
Kidney,jrc_mus-kidney,crop1028,Chemical,29,131159,8394176.0,13200,0.00691057,0.00706914,0.00541763,-0.00949546,-0.0031829,0.161,0.839,144.7
Kidney,jrc_mus-kidney,crop1028,Chemical,30,129629,8296256.0,15630,0.00834148,0.00883942,0.00379333,-0.01125003,-0.00600448,0.0019,0.9981,119.9
Kidney,jrc_mus-kidney,crop1028,Chemical,32,145939,9340096.0,17011,0.00826123,0.00838233,0.00444833,-0.01111534,-0.00523486,0.0261,0.9739,121.0
Kidney,jrc_mus-kidney,crop1028,Chemical,33,119618,7655552.0,14208,0.00846651,0.00862669,0.00382287,-0.01101719,-0.00620937,0.006,0.994,118.1
Kidney,jrc_mus-kidney,crop1028,Chemical,34,101995,6527680.0,12325,0.00887182,0.00905252,0.0038281,-0.01122693,-0.00642922,0.0081,0.9919,112.7
Kidney,jrc_mus-kidney,crop1028,Chemical,36,101911,6522304.0,12458,0.0093005,0.00922023,0.00399196,-0.01158998,-0.00657018,0.013,0.987,107.5
Kidney,jrc_mus-kidney,crop1028,Chemical,39,55029,3521856.0,7368,0.00994937,0.01021176,0.00476777,-0.01337553,-0.00666516,0.0208,0.9792,100.5
Kidney,jrc_mus-kidney,crop1028,Chemical,40,113852,7286528.0,12393,0.00802411,0.00856351,0.00359705,-0.01071415,-0.00615179,0.0032,0.9968,124.6
Kidney,jrc_mus-kidney,crop1028,Chemical,41,65516,4193024.0,8114,0.00840984,0.00884417,0.00407366,-0.01104687,-0.00618346,0.0085,0.9915,118.9
Kidney,jrc_mus-kidney,crop1028,Chemical,43,114691,7340224.0,8499,0.00772669,0.00770129,0.00486323,-0.0097781,-0.00490671,0.0813,0.9187,129.4
Kidney,jrc_mus-kidney,crop1028,Chemical,44,144296,9234944.0,16462,0.00828521,0.00867749,0.00347545,-0.01056753,-0.00631211,0.0,1.0,120.7
Kidney,jrc_mus-kidney,crop1028,Chemical,45,162995,10431680.0,12683,0.00681624,0.00706551,0.00327237,-0.00902657,-0.00511841,0.0186,0.9814,146.7
Kidney,jrc_mus-kidney,crop1028,Chemical,46,81077,5188928.0,8312,0.00881797,0.00912291,0.00407433,-0.01117469,-0.00667013,0.0192,0.9808,113.4
Kidney,jrc_mus-kidney,crop1028,Chemical,47,133955,8573120.0,16038,0.00856326,0.00901387,0.00355021,-0.01099457,-0.00655788,0.0003,0.9997,116.8
Kidney,jrc_mus-kidney,crop1028,Chemical,48,109234,6990976.0,13800,0.00879085,0.00914203,0.00404332,-0.01181579,-0.0061991,0.0014,0.9986,113.8
Kidney,jrc_mus-kidney,crop1028,Chemical,49,49839,3189696.0,6642,0.00977047,0.01011572,0.00765519,-0.01454733,-0.00393205,0.1132,0.8868,102.3
Kidney,jrc_mus-kidney,crop1028,Chemical,50,146169,9354816.0,15467,0.00782767,0.0080982,0.00363358,-0.00995186,-0.00586343,0.0048,0.9952,127.8
Kidney,jrc_mus-kidney,crop1028,Chemical,51,89376,5720064.0,10136,0.00838343,0.00899496,0.00425212,-0.01065603,-0.00635893,0.0049,0.9951,119.3
Kidney,jrc_mus-kidney,crop1028,Chemical,54,118378,7576192.0,12455,0.00818135,0.00848611,0.00370916,-0.01039518,-0.00618193,0.0058,0.9942,122.2
Kidney,jrc_mus-kidney,crop1028,Chemical,55,52937,3387968.0,6910,0.00979197,0.01021179,0.00414564,-0.01188513,-0.0075839,0.0,1.0,102.1
Kidney,jrc_mus-kidney,crop1028,Chemical,56,93372,5975808.0,10637,0.00858862,0.00898215,0.00401882,-0.01075009,-0.00654893,0.0047,0.9953,116.4
Kidney,jrc_mus-kidney,crop1028,Chemical,59,143821,9204544.0,15797,0.00791334,0.00829861,0.00483039,-0.01007448,-0.00559216,0.0322,0.9678,126.4
Kidney,jrc_mus-kidney,crop1028,Chemical,60,147693,9452352.0,16687,0.00824269,0.00855402,0.00332644,-0.01040325,-0.00648709,0.004,0.996,121.3
Kidney,jrc_mus-kidney,crop1028,Chemical,61,213788,13682432.0,20630,0.00764502,0.00758925,0.00332923,-0.00954233,-0.00569487,0.0249,0.9751,130.8
Kidney,jrc_mus-kidney,crop1028,Chemical,62,114253,7312192.0,12548,0.00803641,0.00851701,0.00397582,-0.01045473,-0.00598422,0.0048,0.9952,124.4
Kidney,jrc_mus-kidney,crop1028,Chemical,63,295362,18903168.0,22763,0.00677073,0.00687292,0.00326552,-0.00883104,-0.00472812,0.0243,0.9757,147.7
Kidney,jrc_mus-kidney,crop1028,Chemical,67,109189,6988096.0,12159,0.00834641,0.00874632,0.00374723,-0.01054471,-0.00636764,0.0011,0.9989,119.8
Kidney,jrc_mus-kidney,crop1028,Chemical,69,64933,4155712.0,7289,0.00856663,0.00840668,0.00398471,-0.01070467,-0.00595734,0.0269,0.9731,116.7
Kidney,jrc_mus-kidney,crop1028,Chemical,70,116444,7452416.0,12646,0.00825182,0.00852063,0.00374789,-0.01039555,-0.00630022,0.0178,0.9822,121.2
Kidney,jrc_mus-kidney,crop1028,Chemical,72,98805,6323520.0,8934,0.00670602,0.00688453,0.00429449,-0.00899816,-0.00416906,0.0726,0.9274,149.1
Kidney,jrc_mus-kidney,crop1028,Chemical,74,133166,8522624.0,15145,0.00859379,0.00867509,0.00347422,-0.01057868,-0.00642869,0.0021,0.9979,116.4
Kidney,jrc_mus-kidney,crop1028,Chemical,75,127187,8139968.0,14770,0.00864745,0.00890934,0.00374656,-0.01092709,-0.00643109,0.002,0.998,115.6
Kidney,jrc_mus-kidney,crop1028,Chemical,76,108443,6940352.0,12079,0.00835456,0.00865542,0.00421848,-0.01089636,-0.00602171,0.012,0.988,119.7
Kidney,jrc_mus-kidney,crop1028,Chemical,78,127350,8150400.0,13802,0.00793571,0.00827471,0.00375741,-0.01021282,-0.00596125,0.0075,0.9925,126.0
Kidney,jrc_mus-kidney,crop1028,Chemical,79,1737750,111216000.0,56660,0.00359387,0.00440577,0.00566833,-0.00515301,0.00032112,0.2707,0.7293,278.3
Kidney,jrc_mus-kidney,crop1028,Chemical,80,95356,6102784.0,11187,0.00850424,0.00912064,0.00413853,-0.01128802,-0.00633994,0.0032,0.9968,117.6
Kidney,jrc_mus-kidney,crop1028,Chemical,81,78922,5051008.0,7294,0.00659075,0.00708191,0.00535963,-0.00973636,-0.00305585,0.1126,0.8874,151.7
Kidney,jrc_mus-kidney,crop1028,Chemical,83,104611,6695104.0,11618,0.00761349,0.00852293,0.00428813,-0.01127216,-0.00560993,0.0111,0.9889,131.3
Kidney,jrc_mus-kidney,crop1028,Chemical,84,79439,5084096.0,9290,0.00884274,0.00913725,0.00405864,-0.01131614,-0.00654999,0.0065,0.9935,113.1
Kidney,jrc_mus-kidney,crop1028,Chemical,85,245756,15728384.0,11502,0.00527348,0.00530412,0.00449788,-0.0072757,-0.00184398,0.1543,0.8457,189.6
Kidney,jrc_mus-kidney,crop1028,Chemical,86,135801,8691264.0,15681,0.00825818,0.00854621,0.00471322,-0.01067865,-0.00586894,0.0399,0.9601,121.1
Kidney,jrc_mus-kidney,crop1028,Chemical,88,105027,6721728.0,13867,0.00912387,0.00963609,0.00491526,-0.01216981,-0.00654097,0.0102,0.9898,109.6
Kidney,jrc_mus-kidney,crop1028,Chemical,89,113387,7256768.0,12201,0.00863016,0.00861643,0.00479177,-0.01085943,-0.00596956,0.0616,0.9384,115.9
Kidney,jrc_mus-kidney,crop1028,Chemical,92,76262,4880768.0,7196,0.00668153,0.0071176,0.00529992,-0.00986097,-0.00331035,0.1272,0.8728,149.7
Kidney,jrc_mus-kidney,crop1028,Chemical,93,79964,5117696.0,8157,0.0075642,0.00760809,0.00497346,-0.01033659,-0.00415516,0.0771,0.9229,132.2
Kidney,jrc_mus-kidney,crop1028,Chemical,94,46635,2984640.0,6154,0.00951586,0.00988969,0.00631201,-0.01254354,-0.00624528,0.0749,0.9251,105.1
Kidney,jrc_mus-kidney,crop1028,Chemical,97,48884,3128576.0,6160,0.00902068,0.0090752,0.00558132,-0.0123784,-0.00498749,0.0622,0.9378,110.9
Kidney,jrc_mus-kidney,crop1029,Chemical,2,115069,7364416.0,4954,0.00417992,0.00453769,0.00346232,-0.00627985,-0.00198241,0.1078,0.8922,239.2
Kidney,jrc_mus-kidney,crop1029,Chemical,5,51350,3286400.0,5372,0.00962543,0.00991141,0.00498167,-0.01284273,-0.0067913,0.0309,0.9691,103.9
Kidney,jrc_mus-kidney,crop1029,Chemical,8,45723,2926272.0,4849,0.00956554,0.01034994,0.00613028,-0.01373526,-0.00654895,0.058,0.942,104.5
Kidney,jrc_mus-kidney,crop1029,Chemical,12,93191,5964224.0,8199,0.00792022,0.00825716,0.00517148,-0.01120778,-0.0050997,0.0717,0.9283,126.3
Kidney,jrc_mus-kidney,crop1029,Chemical,15,51826,3316864.0,6059,0.01003071,0.01069274,0.00544458,-0.01221972,-0.00781368,0.0243,0.9757,99.7
Kidney,jrc_mus-kidney,crop1029,Chemical,16,125464,8029696.0,10814,0.00687326,0.00749342,0.00559826,-0.00974158,-0.00388217,0.1046,0.8954,145.5
Kidney,jrc_mus-kidney,crop1029,Chemical,17,140223,8974272.0,10359,0.00709953,0.00735944,0.00520634,-0.00936626,-0.00404463,0.0768,0.9232,140.9
Kidney,jrc_mus-kidney,crop1029,Chemical,18,54666,3498624.0,4400,0.00864804,0.00874753,0.00679055,-0.01192556,-0.00393328,0.1484,0.8516,115.6
Kidney,jrc_mus-kidney,crop1029,Chemical,20,42126,2696064.0,4546,0.00915648,0.00979004,0.0049604,-0.01281768,-0.00661273,0.0323,0.9677,109.2
Kidney,jrc_mus-kidney,crop1029,Chemical,21,94841,6069824.0,9698,0.00857924,0.00904019,0.00460954,-0.01141142,-0.0063932,0.0227,0.9773,116.6
Kidney,jrc_mus-kidney,crop1029,Chemical,22,40432,2587648.0,5038,0.01017883,0.01088074,0.00555734,-0.01405019,-0.00707574,0.0181,0.9819,98.2
Kidney,jrc_mus-kidney,crop1029,Chemical,23,126661,8106304.0,10594,0.00706425,0.00740809,0.00523633,-0.00981952,-0.00369028,0.0879,0.9121,141.6
Kidney,jrc_mus-kidney,crop1029,Chemical,24,125783,8050112.0,10443,0.00761444,0.00766057,0.00438531,-0.01017324,-0.00456114,0.0457,0.9543,131.3
Kidney,jrc_mus-kidney,crop1029,Chemical,25,45461,2909504.0,4770,0.00829087,0.00886871,0.0067749,-0.01231706,-0.00392568,0.1124,0.8876,120.6
Kidney,jrc_mus-kidney,crop1029,Chemical,26,345482,22110848.0,25094,0.00631249,0.00657524,0.00399268,-0.00888688,-0.00380542,0.0476,0.9524,158.4
Kidney,jrc_mus-kidney,crop1029,Chemical,27,60403,3865792.0,6867,0.00929854,0.00996157,0.00473768,-0.01194079,-0.00728302,0.0159,0.9841,107.5
Kidney,jrc_mus-kidney,crop1029,Chemical,28,40780,2609920.0,4534,0.00977139,0.01045832,0.00635347,-0.01398719,-0.00624154,0.0686,0.9314,102.3
Kidney,jrc_mus-kidney,crop1029,Chemical,29,93474,5982336.0,8420,0.00760544,0.0083249,0.00539948,-0.01107198,-0.00471999,0.0633,0.9367,131.5
Kidney,jrc_mus-kidney,crop1029,Chemical,30,52074,3332736.0,4017,0.00833534,0.00799473,0.00582694,-0.01103322,-0.00341642,0.1367,0.8633,120.0
Kidney,jrc_mus-kidney,crop1029,Chemical,31,81305,5203520.0,9093,0.00943204,0.00991816,0.00486859,-0.01230117,-0.00694002,0.0257,0.9743,106.0
Kidney,jrc_mus-kidney,crop1029,Chemical,32,53568,3428352.0,6343,0.00976163,0.01052793,0.00557017,-0.01239365,-0.00736988,0.0312,0.9688,102.4
Kidney,jrc_mus-kidney,crop1029,Chemical,33,90049,5763136.0,7982,0.00749592,0.00843048,0.00542757,-0.01050653,-0.00494468,0.0417,0.9583,133.4
Kidney,jrc_mus-kidney,crop1029,Chemical,34,930474,59550336.0,48593,0.00452935,0.00467983,0.00300034,-0.00638935,-0.00253706,0.062,0.938,220.8
Kidney,jrc_mus-kidney,crop1029,Chemical,35,121738,7791232.0,13105,0.00926357,0.00969459,0.00659379,-0.01222099,-0.00607957,0.0865,0.9135,107.9
Kidney,jrc_mus-kidney,crop1029,Chemical,36,355409,22746176.0,22065,0.0054665,0.00587729,0.00399717,-0.00788083,-0.00326285,0.0843,0.9157,182.9
Kidney,jrc_mus-kidney,crop1029,Chemical,37,94016,6017024.0,8530,0.00651526,0.00785415,0.00697998,-0.01077147,-0.00303948,0.1647,0.8353,153.5
Kidney,jrc_mus-kidney,crop1029,Chemical,38,135468,8669952.0,13947,0.00822808,0.00895809,0.00439078,-0.01138308,-0.00595821,0.0168,0.9832,121.5
Kidney,jrc_mus-kidney,crop1029,Chemical,39,133135,8520640.0,14047,0.00876254,0.00912909,0.0043436,-0.01137155,-0.00631036,0.0225,0.9775,114.1
Kidney,jrc_mus-kidney,crop1029,Chemical,40,42922,2747008.0,3865,0.00829883,0.00879551,0.00655597,-0.01174298,-0.00430922,0.1079,0.8921,120.5
Kidney,jrc_mus-kidney,crop1029,Chemical,41,102316,6548224.0,9994,0.00810555,0.00886518,0.00457734,-0.01024216,-0.00630235,0.0183,0.9817,123.4
Kidney,jrc_mus-kidney,crop1029,Chemical,42,65647,4201408.0,6960,0.00865247,0.00898825,0.00639946,-0.01265555,-0.00457359,0.1322,0.8678,115.6
Kidney,jrc_mus-kidney,crop1029,Chemical,43,195024,12481536.0,18815,0.00769999,0.00785777,0.00428238,-0.00916401,-0.00597125,0.0431,0.9569,129.9
Kidney,jrc_mus-kidney,crop1029,Chemical,44,126796,8114944.0,9726,0.00676738,0.00730306,0.00549141,-0.00963375,-0.00341397,0.1058,0.8942,147.8
Kidney,jrc_mus-kidney,crop1029,Chemical,45,115342,7381888.0,12048,0.00879889,0.00917924,0.00449221,-0.01135487,-0.00650184,0.0255,0.9745,113.7
Kidney,jrc_mus-kidney,crop1029,Chemical,46,153475,9822400.0,16393,0.00812646,0.0086805,0.00458681,-0.01050829,-0.00615126,0.0298,0.9702,123.1
Kidney,jrc_mus-kidney,crop1029,Chemical,47,69453,4444992.0,6972,0.00899486,0.00934466,0.00517125,-0.01178161,-0.00593085,0.0284,0.9716,111.2
Kidney,jrc_mus-kidney,crop1029,Chemical,48,132109,8454976.0,14193,0.00867703,0.00911494,0.00424666,-0.01059047,-0.00683827,0.0153,0.9847,115.2
Kidney,jrc_mus-kidney,crop1029,Chemical,50,85578,5476992.0,8176,0.00811561,0.00824044,0.00611442,-0.01091615,-0.0039623,0.1167,0.8833,123.2
Kidney,jrc_mus-kidney,crop1029,Chemical,51,82094,5254016.0,8827,0.00912907,0.00948712,0.00482066,-0.01188121,-0.00646529,0.0219,0.9781,109.5
Kidney,jrc_mus-kidney,crop1029,Chemical,52,304765,19504960.0,22081,0.00546514,0.00587067,0.00416981,-0.00760566,-0.00306949,0.0697,0.9303,183.0
Kidney,jrc_mus-kidney,crop1029,Chemical,53,53848,3446272.0,6671,0.01040455,0.01027955,0.00595442,-0.01307642,-0.00671689,0.0502,0.9498,96.1
Kidney,jrc_mus-kidney,crop1029,Chemical,54,66209,4237376.0,7713,0.00904624,0.0092381,0.00486825,-0.01129235,-0.00693286,0.0481,0.9519,110.5
Kidney,jrc_mus-kidney,crop1029,Chemical,55,108351,6934464.0,11475,0.00847882,0.00904397,0.00410264,-0.01087721,-0.00667437,0.0174,0.9826,117.9
Kidney,jrc_mus-kidney,crop1029,Chemical,56,140326,8980864.0,14521,0.00799557,0.00874372,0.00349864,-0.01038108,-0.00657694,0.0,1.0,125.1
Kidney,jrc_mus-kidney,crop1029,Chemical,57,152886,9784704.0,14084,0.00765359,0.0079692,0.00426856,-0.01054884,-0.00507245,0.0339,0.9661,130.7
Kidney,jrc_mus-kidney,crop1029,Chemical,58,91994,5887616.0,7593,0.00668618,0.00716931,0.00492974,-0.00986188,-0.0038655,0.09,0.91,149.6
Kidney,jrc_mus-kidney,crop1029,Chemical,59,127782,8178048.0,13621,0.00831869,0.00868656,0.0041817,-0.01007219,-0.00648633,0.0167,0.9833,120.2
Kidney,jrc_mus-kidney,crop1029,Chemical,60,215639,13800896.0,17844,0.00667898,0.00703447,0.00442153,-0.0093958,-0.00397654,0.0433,0.9567,149.7
Kidney,jrc_mus-kidney,crop1029,Chemical,61,128770,8241280.0,13472,0.00801779,0.00883068,0.00443764,-0.01129652,-0.00600145,0.0209,0.9791,124.7
Kidney,jrc_mus-kidney,crop1029,Chemical,62,119095,7622080.0,12728,0.00826295,0.00892116,0.0037712,-0.00983354,-0.00705033,0.0014,0.9986,121.0
Kidney,jrc_mus-kidney,crop1029,Chemical,63,117270,7505280.0,13030,0.00825014,0.00912065,0.00506774,-0.01056789,-0.00644711,0.0061,0.9939,121.2
Kidney,jrc_mus-kidney,crop1029,Chemical,64,118155,7561920.0,12387,0.0082859,0.00854949,0.00429976,-0.01035119,-0.00609773,0.0212,0.9788,120.7
Kidney,jrc_mus-kidney,crop1029,Chemical,65,486031,31105984.0,28180,0.00501721,0.00523801,0.00429712,-0.00765337,-0.0015616,0.1567,0.8433,199.3
Kidney,jrc_mus-kidney,crop1029,Chemical,66,130560,8355840.0,13327,0.00836991,0.008755,0.00471145,-0.01113325,-0.0059757,0.0449,0.9551,119.5
Kidney,jrc_mus-kidney,crop1029,Chemical,67,116576,7460864.0,10743,0.00801451,0.00846143,0.00583097,-0.0107538,-0.00481493,0.0759,0.9241,124.8
Kidney,jrc_mus-kidney,crop1029,Chemical,68,47973,3070272.0,4765,0.00811865,0.00910925,0.00640722,-0.01089061,-0.00577802,0.0539,0.9461,123.2
Kidney,jrc_mus-kidney,crop1029,Chemical,69,106976,6846464.0,11582,0.00869855,0.00899323,0.00431999,-0.01162843,-0.00610711,0.0281,0.9719,115.0
Kidney,jrc_mus-kidney,crop1029,Chemical,70,102405,6553920.0,11049,0.00839251,0.00897124,0.00503504,-0.01099085,-0.00600824,0.0137,0.9863,119.2
Kidney,jrc_mus-kidney,crop1029,Chemical,71,139157,8906048.0,10993,0.00681761,0.00750486,0.00609863,-0.00922363,-0.00405606,0.1395,0.8605,146.7
Kidney,jrc_mus-kidney,crop1029,Chemical,72,98813,6324032.0,10637,0.00850416,0.00898867,0.00451028,-0.01120211,-0.00618785,0.021,0.979,117.6
Kidney,jrc_mus-kidney,crop1029,Chemical,73,98648,6313472.0,10320,0.00857169,0.00911043,0.00442397,-0.01087585,-0.0065848,0.0156,0.9844,116.7
Kidney,jrc_mus-kidney,crop1029,Chemical,74,107774,6897536.0,10880,0.00836182,0.00869224,0.00394926,-0.01040671,-0.00636993,0.0126,0.9874,119.6
Kidney,jrc_mus-kidney,crop1029,Chemical,76,102587,6565568.0,10544,0.00829237,0.0086347,0.0041953,-0.01082413,-0.00597257,0.0177,0.9823,120.6
Kidney,jrc_mus-kidney,crop1029,Chemical,77,99019,6337216.0,9746,0.00804812,0.0083672,0.00421953,-0.01071803,-0.00569823,0.0235,0.9765,124.3
Kidney,jrc_mus-kidney,crop1029,Chemical,78,80719,5166016.0,8297,0.00817311,0.00891265,0.00472616,-0.01129819,-0.00575404,0.0158,0.9842,122.4
Kidney,jrc_mus-kidney,crop1029,Chemical,79,64108,4102912.0,7345,0.00901002,0.00983153,0.00441028,-0.01142512,-0.00699146,0.0005,0.9995,111.0
Kidney,jrc_mus-kidney,crop1029,Chemical,80,57684,3691776.0,6425,0.0093568,0.00983752,0.00520557,-0.01256913,-0.00608247,0.0115,0.9885,106.9
Kidney,jrc_mus-kidney,crop1029,Chemical,81,86475,5534400.0,8043,0.00833515,0.00854136,0.00432986,-0.01108354,-0.00567988,0.0245,0.9755,120.0
Kidney,jrc_mus-kidney,crop1029,Chemical,82,138612,8871168.0,10155,0.00624223,0.00675534,0.00449012,-0.00915702,-0.00353929,0.054,0.946,160.2
Kidney,jrc_mus-kidney,crop1029,Chemical,83,78465,5021760.0,7169,0.00810445,0.00852752,0.00539952,-0.01133534,-0.00499754,0.0537,0.9463,123.4
Kidney,jrc_mus-kidney,crop1030,Chemical,1,11037009,706368576.0,343508,0.00257244,0.00336512,0.00445919,-0.00287904,0.00231567,0.482,0.518,388.7
Kidney,jrc_mus-kidney,crop1030,Chemical,2,7652739,489775296.0,162401,0.0025993,0.00349886,0.00447805,-0.00387681,0.0013482,0.3845,0.6155,384.7
Kidney,jrc_mus-kidney,crop1030,Chemical,3,1340139,85768896.0,86959,0.00321769,0.00456724,0.00579032,-0.00537549,0.00122426,0.3465,0.6535,310.8
Kidney,jrc_mus-kidney,crop1030,Chemical,4,1539511,98528704.0,74231,0.00294438,0.00414857,0.00543291,-0.00454197,0.00137014,0.3689,0.6311,339.6
Kidney,jrc_mus-kidney,crop1030,Chemical,5,2080193,133132352.0,81665,0.00333997,0.00455272,0.00584562,-0.00529905,0.00133262,0.3526,0.6474,299.4
Kidney,jrc_mus-kidney,crop1030,Chemical,6,431498,27615872.0,14939,0.00386094,0.00485509,0.00562049,-0.00662813,0.00126535,0.3545,0.6455,259.0
Kidney,jrc_mus-kidney,crop1030,Chemical,7,107906,6905984.0,9098,0.0069564,0.00761751,0.0057108,-0.01091359,-0.00330104,0.109,0.891,143.8
Kidney,jrc_mus-kidney,crop1030,Chemical,8,2762718,176813952.0,188611,0.00311037,0.0050983,0.00824347,-0.0047598,0.00146517,0.3742,0.6258,321.5
Kidney,jrc_mus-kidney,crop1030,Chemical,9,16357867,1046903488.0,433990,0.00272695,0.00345105,0.00459854,-0.00247839,0.00294486,0.5258,0.4742,366.7
Kidney,jrc_mus-kidney,crop1030,Chemical,10,3755423,240347072.0,237146,0.00197075,0.00279276,0.0039969,-0.00209746,0.00185451,0.4817,0.5183,507.4
Kidney,jrc_mus-kidney,crop1030,Chemical,11,686988,43967232.0,35608,0.00400661,0.00502556,0.00546264,-0.00695369,2.067e-05,0.2515,0.7485,249.6
Kidney,jrc_mus-kidney,crop1030,Chemical,12,109040,6978560.0,7497,0.00571604,0.00655866,0.00520278,-0.0089882,-0.00265019,0.0844,0.9156,174.9
Kidney,jrc_mus-kidney,crop1030,Chemical,13,3762901,240825664.0,116099,0.00348392,0.00482232,0.00674157,-0.00558734,0.00136674,0.3582,0.6418,287.0
Kidney,jrc_mus-kidney,crop1030,Chemical,14,5901666,377706624.0,200359,0.00339935,0.00461609,0.00607761,-0.00524634,0.00177994,0.3932,0.6068,294.2
Kidney,jrc_mus-kidney,crop1030,Chemical,15,331485,21215040.0,13262,0.00394587,0.00501537,0.00581213,-0.00654874,0.00105535,0.318,0.682,253.4
Kidney,jrc_mus-kidney,crop1030,Chemical,16,418901,26809664.0,26277,0.00360735,0.00531106,0.00575282,-0.00714437,-0.00079432,0.1795,0.8205,277.2
Kidney,jrc_mus-kidney,crop1030,Chemical,17,330246,21135744.0,24176,0.0055921,0.00689085,0.00703193,-0.00963394,-0.00060763,0.2186,0.7814,178.8
Kidney,jrc_mus-kidney,crop1030,Chemical,18,86467,5533888.0,8184,0.00708761,0.00820842,0.00767552,-0.01189695,-0.0019062,0.1621,0.8379,141.1
Kidney,jrc_mus-kidney,crop1030,Chemical,20,260768,16689152.0,18752,0.00495575,0.00663678,0.00749149,-0.00957241,0.0002804,0.2691,0.7309,201.8
Kidney,jrc_mus-kidney,crop1030,Chemical,22,4664184,298507776.0,101926,0.00272378,0.00317945,0.00373442,-0.00390449,0.0007939,0.3217,0.6783,367.1
Kidney,jrc_mus-kidney,crop1030,Chemical,24,571903,36601792.0,16056,0.00243091,0.00383921,0.00538966,-0.00362683,0.00115431,0.3805,0.6195,411.4
Kidney,jrc_mus-kidney,crop1030,Chemical,25,105875,6776000.0,7473,0.00543442,0.00701893,0.00705696,-0.00996665,-0.00116072,0.1952,0.8048,184.0
Kidney,jrc_mus-kidney,crop1031,Chemical,1,176517858,11297142912.0,419426,0.00119455,0.00160544,0.0022394,-0.00126412,0.0011149,0.478,0.52,837.1
Kidney,jrc_mus-kidney,crop1031,Chemical,2,70669333,4522837312.0,641405,0.0014728,0.00225693,0.00359121,-0.00128121,0.00165908,0.5298,0.4697,679.0
Kidney,jrc_mus-kidney,crop1032,Chemical,2,306718,19629952.0,13818,0.00485944,0.00556519,0.00653018,-0.00647599,-0.0003221,0.2352,0.7648,205.8
Kidney,jrc_mus-kidney,crop1032,Chemical,3,1015345,64982080.0,37244,0.00309073,0.00349426,0.00371133,-0.00463314,-2.038e-05,0.2484,0.7516,323.5
Kidney,jrc_mus-kidney,crop1032,Chemical,4,1222440,78236160.0,59599,0.00280515,0.00355234,0.00441027,-0.00411275,0.00191388,0.4386,0.5614,356.5
Kidney,jrc_mus-kidney,crop1032,Chemical,5,1608170,102922880.0,83758,0.00326969,0.00403862,0.00502377,-0.00466628,0.00226327,0.4516,0.5484,305.8
Kidney,jrc_mus-kidney,crop1032,Chemical,6,7847496,502239744.0,199731,0.0030556,0.00387573,0.0048725,-0.00417535,0.00188323,0.401,0.599,327.3
Kidney,jrc_mus-kidney,crop1032,Chemical,7,9066036,580226304.0,243510,0.00226694,0.00318218,0.00444812,-0.00210986,0.0023794,0.5424,0.4576,441.1
Kidney,jrc_mus-kidney,crop1032,Chemical,8,943513,60384832.0,52485,0.00384765,0.0049233,0.00525353,-0.00686985,-0.00014957,0.2388,0.7612,259.9
Kidney,jrc_mus-kidney,crop1032,Chemical,9,5086993,325567552.0,146461,0.00285534,0.00358774,0.00435897,-0.00439175,0.00128525,0.367,0.633,350.2
Kidney,jrc_mus-kidney,crop1032,Chemical,10,3594805,230067520.0,308039,0.00356375,0.00443527,0.00584622,-0.00413294,0.00267969,0.4254,0.5746,280.6
Kidney,jrc_mus-kidney,crop1032,Chemical,11,6112474,391198336.0,101380,0.0015148,0.00250176,0.00393037,-0.00182999,0.00119602,0.4433,0.5567,660.2
Kidney,jrc_mus-kidney,crop1032,Chemical,12,2282325,146068800.0,238197,0.00356904,0.00438854,0.00573692,-0.00416355,0.00280058,0.4382,0.5618,280.2
Kidney,jrc_mus-kidney,crop1032,Chemical,13,64325,4116800.0,8248,0.01038272,0.01076662,0.00520744,-0.01302828,-0.00773826,0.0273,0.9727,96.3
Kidney,jrc_mus-kidney,crop1032,Chemical,14,1218327,77972928.0,55657,0.00349533,0.00409918,0.0034858,-0.0058197,-0.00128722,0.1309,0.8691,286.1
Kidney,jrc_mus-kidney,crop1032,Chemical,15,308054,19715456.0,16732,0.00332196,0.00414671,0.00457413,-0.00552407,0.00012443,0.2596,0.7404,301.0
Kidney,jrc_mus-kidney,crop1032,Chemical,16,436711,27949504.0,32385,0.00366884,0.00453018,0.00495759,-0.00578441,-9.038e-05,0.243,0.757,272.6
Kidney,jrc_mus-kidney,crop1032,Chemical,17,134336,8597504.0,9352,0.00576358,0.00677273,0.00500893,-0.00970768,-0.00296793,0.0606,0.9394,173.5
Kidney,jrc_mus-kidney,crop1032,Chemical,18,1173606,75110784.0,43639,0.00373165,0.0045737,0.00503273,-0.00607115,0.00030575,0.2706,0.7294,268.0
Kidney,jrc_mus-kidney,crop1032,Chemical,19,1056169,67594816.0,35908,0.00295881,0.00359274,0.00406346,-0.00470953,0.0005279,0.2958,0.7042,338.0
Kidney,jrc_mus-kidney,crop1032,Chemical,20,68770,4401280.0,7313,0.00992807,0.00989789,0.00469218,-0.01257403,-0.00678798,0.0144,0.9856,100.7
Kidney,jrc_mus-kidney,crop1032,Chemical,21,608050,38915200.0,23545,0.00374012,0.00454817,0.00539252,-0.00567977,-6.64e-05,0.2446,0.7554,267.4
Kidney,jrc_mus-kidney,crop1032,Chemical,22,104716,6701824.0,6407,0.00555107,0.00609306,0.00622085,-0.00796572,-0.00068316,0.2215,0.7785,180.1
Kidney,jrc_mus-kidney,crop1032,Chemical,23,136834,8757376.0,5196,0.00381682,0.00466621,0.00459139,-0.00670536,-0.00064039,0.1978,0.8022,262.0
Kidney,jrc_mus-kidney,crop1032,Chemical,24,148784,9522176.0,11027,0.00546844,0.00624563,0.00463153,-0.00937196,-0.00254537,0.0964,0.9036,182.9
Kidney,jrc_mus-kidney-4,crop1134,Rapid HPF,1,2492445,1276131840.0,180882,0.00627022,0.00762824,0.0079191,-0.01071696,-0.00077794,0.2118,0.7882,159.5
Kidney,jrc_mus-kidney-4,crop1134,Rapid HPF,2,259298,132760576.0,27982,0.00446172,0.00525423,0.00528476,-0.00737341,-0.0004802,0.2215,0.7785,224.1
Kidney,jrc_mus-kidney-4,crop1134,Rapid HPF,3,2937386,1503941632.0,167194,0.00350737,0.00434381,0.00534454,-0.00515877,0.00134663,0.3514,0.6486,285.1
Kidney,jrc_mus-kidney-4,crop1134,Rapid HPF,4,106575,54566400.0,10747,0.00392955,0.00482417,0.00512667,-0.00672854,0.00015044,0.2606,0.7394,254.5
Kidney,jrc_mus-kidney-4,crop1134,Rapid HPF,5,15398,7883776.0,1947,0.00545573,0.00601775,0.00544338,-0.00838857,-0.00159295,0.1525,0.8475,183.3
Kidney,jrc_mus-kidney-4,crop1134,Rapid HPF,7,81165,41556480.0,8261,0.00470541,0.00547484,0.00548794,-0.00763748,-0.00053519,0.2222,0.7778,212.5
Kidney,jrc_mus-kidney-4,crop1134,Rapid HPF,9,14340,7342080.0,2031,0.00687218,0.00705045,0.00445997,-0.00966405,-0.00407077,0.0793,0.9207,145.5
Kidney,jrc_mus-kidney-4,crop1134,Rapid HPF,10,6554,3355648.0,1372,0.00953863,0.009706,0.00547338,-0.01322252,-0.00600726,0.0415,0.9585,104.8
Kidney,jrc_mus-kidney-4,crop1134,Rapid HPF,11,7343,3759616.0,1286,0.00900051,0.00933135,0.0058662,-0.01218791,-0.00580015,0.0614,0.9386,111.1
Kidney,jrc_mus-kidney-4,crop1134,Rapid HPF,12,20308,10397696.0,3113,0.00579573,0.006244,0.00445968,-0.00913712,-0.00270222,0.1009,0.8991,172.5
Kidney,jrc_mus-kidney-4,crop1134,Rapid HPF,13,14696,7524352.0,2235,0.00598382,0.00631278,0.00424386,-0.00883722,-0.00324978,0.0515,0.9485,167.1
Kidney,jrc_mus-kidney-4,crop1134,Rapid HPF,14,112879,57794048.0,15085,0.00676207,0.00721438,0.00601604,-0.01027434,-0.00228597,0.1547,0.8453,147.9
Kidney,jrc_mus-kidney-4,crop1134,Rapid HPF,15,1385226,709235712.0,100943,0.00413316,0.00497356,0.00582647,-0.00616687,0.0013676,0.3337,0.6663,241.9
Kidney,jrc_mus-kidney-4,crop1134,Rapid HPF,16,94727,48500224.0,10005,0.00461102,0.00520256,0.00520752,-0.00705013,-0.00022174,0.2376,0.7624,216.9
Kidney,jrc_mus-kidney-4,crop1134,Rapid HPF,17,395139,202311168.0,38623,0.00388152,0.00471472,0.00520854,-0.00634306,0.00071065,0.2975,0.7025,257.6
Kidney,jrc_mus-kidney-4,crop1134,Rapid HPF,18,348594,178480128.0,33625,0.00377557,0.00467521,0.005339,-0.00622182,0.00063655,0.2953,0.7047,264.9
Kidney,jrc_mus-kidney-4,crop1134,Rapid HPF,21,19076,9766912.0,3496,0.0091571,0.00936348,0.00340343,-0.01146178,-0.00700491,0.0034,0.9966,109.2
Kidney,jrc_mus-kidney-4,crop1134,Rapid HPF,22,88556,45340672.0,19152,0.00626973,0.006616,0.00518554,-0.00896162,-0.00293175,0.1128,0.8872,159.5
Kidney,jrc_mus-kidney-4,crop1134,Rapid HPF,23,6768,3465216.0,1111,0.00873098,0.00855632,0.00283904,-0.01051931,-0.00690266,0.0045,0.9955,114.5
Kidney,jrc_mus-kidney-4,crop1134,Rapid HPF,24,11488,5881856.0,3260,0.01271696,0.01312513,0.00475563,-0.01546992,-0.01020732,0.0055,0.9945,78.6
Kidney,jrc_mus-kidney-4,crop1134,Rapid HPF,25,126964,65005568.0,15067,0.00394584,0.00515517,0.00559317,-0.00736593,-0.00021367,0.2352,0.7648,253.4
Kidney,jrc_mus-kidney-4,crop1134,Rapid HPF,28,48109,24631808.0,5395,0.00582527,0.00733313,0.00718095,-0.01109218,-0.00090991,0.2043,0.7957,171.7
Kidney,jrc_mus-kidney-4,crop1134,Rapid HPF,30,27184,13918208.0,3676,0.00475446,0.0056987,0.00470445,-0.00816083,-0.00215259,0.1066,0.8934,210.3
Kidney,jrc_mus-kidney-4,crop1136,Rapid HPF,1,2991475,1531635200.0,81476,0.00223878,0.00276294,0.0036398,-0.00252314,0.00193374,0.4602,0.5383,446.7
Kidney,jrc_mus-kidney-4,crop1136,Rapid HPF,2,10356517,5302536704.0,179145,0.00194693,0.0023475,0.00316091,-0.00188682,0.00200229,0.5005,0.4883,513.6
Kidney,jrc_mus-kidney-4,crop1136,Rapid HPF,3,280970,143856640.0,13488,0.00289317,0.00366097,0.00452646,-0.00419915,0.00121759,0.3671,0.6329,345.6
Kidney,jrc_mus-kidney-4,crop1136,Rapid HPF,5,5673,2904576.0,1240,0.00913791,0.00936419,0.00408662,-0.01208333,-0.00645685,0.0121,0.9879,109.4
Kidney,jrc_mus-kidney-4,crop1136,Rapid HPF,6,32881,16835072.0,3247,0.003985,0.00467623,0.00453534,-0.00636658,-0.00089762,0.1839,0.8161,250.9
Kidney,jrc_mus-kidney-4,crop1136,Rapid HPF,7,35732,18294784.0,6672,0.00281529,0.00448085,0.00594512,-0.00498539,0.00114774,0.3534,0.6466,355.2
Kidney,jrc_mus-kidney-4,crop1136,Rapid HPF,8,1243461,636652032.0,36304,0.00162973,0.00225187,0.00297045,-0.00240019,0.00093864,0.3995,0.6005,613.6
Kidney,jrc_mus-kidney-4,crop1136,Rapid HPF,9,23298,11928576.0,3028,0.00336559,0.00507204,0.00562412,-0.0070535,-0.00048344,0.2107,0.7893,297.1
Kidney,jrc_mus-kidney-4,crop1136,Rapid HPF,10,5416494,2773244928.0,314830,0.0025148,0.00353087,0.00502694,-0.00244932,0.0025718,0.5166,0.4826,397.6
Kidney,jrc_mus-kidney-4,crop1136,Rapid HPF,11,368964,188909568.0,45024,0.0015005,0.00250305,0.00359502,-0.00240813,0.00066003,0.3655,0.6345,666.4
Kidney,jrc_mus-kidney-4,crop1136,Rapid HPF,12,1093833,560042496.0,72399,0.00285766,0.00371202,0.00466216,-0.00428135,0.00139277,0.3756,0.6244,349.9
Kidney,jrc_mus-kidney-4,crop1136,Rapid HPF,13,516550,264473600.0,37012,0.00340288,0.00388714,0.00349179,-0.00535511,-0.00121247,0.1408,0.8592,293.9
Kidney,jrc_mus-kidney-4,crop1136,Rapid HPF,14,522987,267769344.0,27280,0.00321174,0.00394276,0.00483114,-0.00488681,0.00030342,0.2752,0.7248,311.4
Kidney,jrc_mus-kidney-4,crop1136,Rapid HPF,15,846733,433527296.0,21510,0.0023784,0.00307562,0.00394922,-0.0033901,0.00092611,0.3444,0.6556,420.5
Kidney,jrc_mus-kidney-4,crop1136,Rapid HPF,16,239855,122805760.0,19836,0.00355168,0.00433858,0.00499229,-0.00549132,-0.00017985,0.2343,0.7657,281.6
Kidney,jrc_mus-kidney-4,crop1136,Rapid HPF,17,36351,18611712.0,3593,0.00461301,0.00543172,0.00567027,-0.00755535,-0.00022059,0.2374,0.7626,216.8
Kidney,jrc_mus-kidney-4,crop1136,Rapid HPF,18,10920,5591040.0,1352,0.00517814,0.00653725,0.00733165,-0.00923488,0.00162797,0.3447,0.6553,193.1
Kidney,jrc_mus-kidney-4,crop1137,Rapid HPF,1,4342420,2223319040.0,133996,0.00288172,0.00359061,0.00464236,-0.00227069,0.00342468,0.5574,0.4426,347.0
Kidney,jrc_mus-kidney-4,crop1137,Rapid HPF,2,247163,126547456.0,23736,0.00447096,0.00546766,0.00685932,-0.0057151,0.00348579,0.4552,0.5448,223.7
Kidney,jrc_mus-kidney-4,crop1137,Rapid HPF,3,143313,73376256.0,26207,0.00431123,0.00551668,0.00748898,-0.00568172,0.00294816,0.4211,0.5789,232.0
Kidney,jrc_mus-kidney-4,crop1137,Rapid HPF,4,276114,141370368.0,26699,0.00397649,0.00485309,0.00585557,-0.00572778,0.00196573,0.3761,0.6239,251.5
Kidney,jrc_mus-kidney-4,crop1137,Rapid HPF,5,216533,110864896.0,32425,0.00408999,0.00505819,0.00635769,-0.00541133,0.00273734,0.4246,0.5754,244.5
Kidney,jrc_mus-kidney-4,crop1137,Rapid HPF,6,303559,155422208.0,45449,0.00442358,0.00540367,0.00663433,-0.00615757,0.00264968,0.405,0.595,226.1
Kidney,jrc_mus-kidney-4,crop1137,Rapid HPF,7,80242,41083904.0,6379,0.00433352,0.00517224,0.00567364,-0.00673209,0.00044585,0.2745,0.7255,230.8
Kidney,jrc_mus-kidney-4,crop1137,Rapid HPF,8,87808,44957696.0,9072,0.00462748,0.00539552,0.00674046,-0.00486264,0.00425254,0.4572,0.5428,216.1
Kidney,jrc_mus-kidney-4,crop1137,Rapid HPF,9,348359,178359808.0,50134,0.00415611,0.005299,0.00731025,-0.00491436,0.00342383,0.4545,0.5455,240.6
Kidney,jrc_mus-kidney-4,crop1137,Rapid HPF,10,759932,389085184.0,76675,0.00361234,0.00485357,0.00612523,-0.00575906,0.00096203,0.3183,0.6817,276.8
Kidney,jrc_mus-kidney-4,crop1137,Rapid HPF,11,113377,58049024.0,17794,0.00522944,0.00638477,0.00741879,-0.00795949,0.00165839,0.3273,0.6727,191.2
Kidney,jrc_mus-kidney-4,crop1137,Rapid HPF,12,207113,106041856.0,28284,0.00513476,0.00587462,0.00661989,-0.00764746,0.00188321,0.3383,0.6617,194.8
Kidney,jrc_mus-kidney-4,crop1137,Rapid HPF,13,88441,45281792.0,5898,0.00428633,0.00511826,0.00604919,-0.00608451,0.00169702,0.3449,0.6551,233.3
Kidney,jrc_mus-kidney-4,crop1137,Rapid HPF,15,113562,58143744.0,16297,0.00465382,0.00551872,0.00667262,-0.00649763,0.00273731,0.4073,0.5927,214.9
Kidney,jrc_mus-kidney-4,crop1137,Rapid HPF,16,75326,38566912.0,11379,0.00472328,0.0058132,0.00699387,-0.00726964,0.00218823,0.3765,0.6235,211.7
Kidney,jrc_mus-kidney-4,crop1137,Rapid HPF,17,58063,29728256.0,9460,0.00498898,0.00583666,0.0067581,-0.00751415,0.00190414,0.348,0.652,200.4
Kidney,jrc_mus-kidney-4,crop1137,Rapid HPF,19,64129,32834048.0,5549,0.00455895,0.00510428,0.00520283,-0.00675286,-0.00010367,0.2453,0.7547,219.3
Kidney,jrc_mus-kidney-4,crop1137,Rapid HPF,20,58865,30138880.0,6192,0.00613678,0.00661798,0.00780221,-0.00751034,0.0041257,0.3963,0.6037,163.0
Kidney,jrc_mus-kidney-4,crop1137,Rapid HPF,21,29834,15275008.0,4783,0.00644496,0.00768765,0.00647008,-0.01112875,-0.00253645,0.1296,0.8704,155.2
Kidney,jrc_mus-kidney-4,crop1137,Rapid HPF,23,12544,6422528.0,2955,0.00718328,0.00842718,0.00766883,-0.01231226,-0.00174949,0.1729,0.8271,139.2
Kidney,jrc_mus-kidney-4,crop1137,Rapid HPF,24,10631,5443072.0,1224,0.00654393,0.00697122,0.00727987,-0.00951906,0.00041541,0.2761,0.7239,152.8
Kidney,jrc_mus-kidney-4,crop1137,Rapid HPF,25,15023,7691776.0,2350,0.00595293,0.00725646,0.00634877,-0.01033387,-0.00223052,0.1243,0.8757,168.0
Kidney,jrc_mus-kidney-4,crop1144,Rapid HPF,1,24914376,12756160512.0,784210,0.00267287,0.00365314,0.00498143,-0.00299609,0.00244062,0.5023,0.4977,374.1
Kidney,jrc_mus-kidney-4,crop1144,Rapid HPF,2,3658277,1873037824.0,137480,0.00205808,0.00276406,0.00378743,-0.00217851,0.00191347,0.4711,0.5289,485.9
Kidney,jrc_mus-kidney-4,crop1144,Rapid HPF,3,302333,154794496.0,15069,0.0025221,0.00327353,0.00406786,-0.00382719,0.001127,0.368,0.632,396.5
Kidney,jrc_mus-kidney-4,crop1144,Rapid HPF,4,1089833,557994496.0,112116,0.00247022,0.00324767,0.00428481,-0.00313928,0.00188307,0.4506,0.5494,404.8
Kidney,jrc_mus-kidney-4,crop1144,Rapid HPF,5,11642876,5961152512.0,303863,0.00228187,0.00308381,0.0042142,-0.00246532,0.00207988,0.4704,0.5296,438.2
Kidney,jrc_mus-kidney-4,crop1144,Rapid HPF,6,81328,41639936.0,7879,0.00386378,0.0048061,0.00466535,-0.00681737,-0.00090121,0.1749,0.8251,258.8
Kidney,jrc_mus-kidney-4,crop1144,Rapid HPF,7,842777,431501824.0,41466,0.00299622,0.00385584,0.00478994,-0.00438631,0.00107258,0.336,0.664,333.8
Kidney,jrc_mus-kidney-4,crop1144,Rapid HPF,8,56904,29134848.0,5455,0.0036768,0.00485409,0.00531822,-0.00664202,-0.00017481,0.2383,0.7617,272.0
Kidney,jrc_mus-kidney-4,crop1144,Rapid HPF,9,111970,57328640.0,10388,0.00383845,0.00495593,0.00586562,-0.0063642,0.00142196,0.3444,0.6556,260.5
Kidney,jrc_mus-kidney-4,crop1144,Rapid HPF,12,50104,25653248.0,6292,0.00511729,0.00590424,0.00554771,-0.00832837,-0.00136298,0.1763,0.8237,195.4
Kidney,jrc_mus-kidney-4,crop1144,Rapid HPF,16,7008,3588096.0,1228,0.00835251,0.00859231,0.00702533,-0.01219548,-0.00284145,0.1507,0.8493,119.7
Kidney,jrc_mus-kidney-4,crop1144,Rapid HPF,19,8195,4195840.0,1344,0.00741,0.00783387,0.00497746,-0.01060195,-0.00436639,0.0692,0.9308,135.0
Kidney,jrc_mus-kidney-4,crop1144,Rapid HPF,21,13056,6684672.0,2065,0.00653667,0.00750913,0.0054906,-0.0105768,-0.00353284,0.0731,0.9269,153.0
Kidney,jrc_mus-kidney-4,crop1144,Rapid HPF,23,2449355,1254069760.0,137347,0.00263242,0.00336896,0.00443208,-0.00285564,0.00238856,0.4707,0.5293,379.9
Kidney,jrc_mus-kidney-4,crop1144,Rapid HPF,24,1226717,628079104.0,64219,0.00277852,0.0036606,0.00474853,-0.0039353,0.00112407,0.3539,0.6461,359.9
Kidney,jrc_mus-kidney-4,crop1144,Rapid HPF,25,9352,4788224.0,1565,0.00810508,0.00773472,0.00540603,-0.01114344,-0.00319345,0.124,0.876,123.4
Kidney,jrc_mus-kidney-4,crop1144,Rapid HPF,27,525303,268955136.0,68272,0.00280414,0.00384351,0.00509934,-0.00392796,0.00188672,0.4349,0.5651,356.6
Kidney,jrc_mus-kidney-4,crop1144,Rapid HPF,28,1092833,559530496.0,45565,0.00284354,0.00360351,0.00463023,-0.00345251,0.00223666,0.4454,0.5546,351.7
Kidney,jrc_mus-kidney-4,crop1144,Rapid HPF,29,30133,15428096.0,5310,0.00702721,0.00717206,0.00505747,-0.01021223,-0.00326233,0.0846,0.9154,142.3
Heart,jrc_mus-heart-6,crop1145,Chemical,1,3595603,1840948736.0,42152,0.00148393,0.00282266,0.00505991,-0.00158477,0.00137324,0.4712,0.5288,673.9
Heart,jrc_mus-heart-6,crop1145,Chemical,2,902471,462065152.0,99664,0.00493875,0.00831672,0.01161595,-0.00397358,0.00883342,0.4841,0.5159,202.5
Heart,jrc_mus-heart-6,crop1145,Chemical,3,986129,504898048.0,34052,0.00168744,0.00258865,0.00393465,-0.00212851,0.00132178,0.454,0.546,592.6
Heart,jrc_mus-heart-6,crop1146,Chemical,1,2484210,1271915520.0,71589,0.00189194,0.00244971,0.0032705,-0.00221137,0.00154143,0.4524,0.5476,528.6
Heart,jrc_mus-heart-6,crop1146,Chemical,2,1126906,576975872.0,35854,0.00173498,0.00226388,0.00301598,-0.00214057,0.0011866,0.416,0.5824,576.4
Heart,jrc_mus-heart-6,crop1146,Chemical,3,965505,494338560.0,50881,0.00195718,0.00265116,0.00339388,-0.00312525,0.00051856,0.3191,0.6809,510.9
Heart,jrc_mus-heart-6,crop1146,Chemical,4,2994041,1532948992.0,78106,0.01048448,0.01178447,0.01385333,-0.00725442,0.01674244,0.5105,0.4895,95.4
Heart,jrc_mus-heart-6,crop1146,Chemical,5,405089,207405568.0,34874,0.00242269,0.00344245,0.00431115,-0.0042742,0.00070672,0.3319,0.6681,412.8
Heart,jrc_mus-heart-6,crop1147,Chemical,1,2434821,1246628352.0,36619,0.00147549,0.00202143,0.00274172,-0.00185778,0.00108547,0.4368,0.5632,677.7
Heart,jrc_mus-heart-6,crop1147,Chemical,2,3269294,1673878528.0,80817,0.00250296,0.00410214,0.0064608,-0.00217535,0.00280603,0.5279,0.4721,399.5
Heart,jrc_mus-heart-6,crop1147,Chemical,3,1393166,713300992.0,50648,0.00266785,0.00388583,0.0058801,-0.00308449,0.00210633,0.4313,0.5687,374.8
Liver,jrc_mus-liver,crop1038,Chemical,1,417423,26715072.0,23335,0.00440917,0.00485668,0.00423035,-0.00686061,-0.00146504,0.1576,0.8424,226.8
Liver,jrc_mus-liver,crop1038,Chemical,2,21067982,1348350848.0,1026371,0.00445029,0.00559934,0.00677369,-0.00703101,0.00140425,0.3376,0.6624,224.7
Liver,jrc_mus-liver,crop1038,Chemical,4,389930,24955520.0,29036,0.00448271,0.0057336,0.00612859,-0.00824807,0.00051067,0.2811,0.7189,223.1
Liver,jrc_mus-liver,crop1038,Chemical,6,51823,3316672.0,6476,0.00851159,0.01130934,0.0103715,-0.01378841,-0.0046176,0.0649,0.9351,117.5
Liver,jrc_mus-liver,crop1038,Chemical,7,119689,7660096.0,9210,0.00560422,0.00645525,0.00616599,-0.00850109,-0.00116541,0.1984,0.8016,178.4
Liver,jrc_mus-liver,crop1038,Chemical,11,5400749,345647936.0,249396,0.00595806,0.00685507,0.00753748,-0.00898124,0.00032208,0.2643,0.7357,167.8
Liver,jrc_mus-liver,crop1038,Chemical,21,52651,3369664.0,5229,0.00840735,0.00840577,0.00462295,-0.01129362,-0.00513495,0.0367,0.9633,118.9
Liver,jrc_mus-liver,crop1038,Chemical,23,82853,5302592.0,7980,0.00830995,0.00880905,0.00590656,-0.01250296,-0.00429853,0.0728,0.9272,120.3
Liver,jrc_mus-liver,crop1038,Chemical,28,68283,4370112.0,5854,0.00781822,0.00821292,0.00478109,-0.01148478,-0.00467424,0.042,0.958,127.9
Liver,jrc_mus-liver,crop1038,Chemical,30,164694,10540416.0,17763,0.00868236,0.00916931,0.00604712,-0.01213674,-0.00512996,0.0706,0.9294,115.2
Liver,jrc_mus-liver,crop1038,Chemical,32,56057,3587648.0,5850,0.00934103,0.00894962,0.00538562,-0.01218034,-0.00515207,0.0634,0.9366,107.1
Liver,jrc_mus-liver,crop1038,Chemical,33,72360,4631040.0,7784,0.00897308,0.00961163,0.00739387,-0.01419401,-0.00364055,0.1369,0.8631,111.4
Liver,jrc_mus-liver,crop1038,Chemical,45,204756,13104384.0,16373,0.00618889,0.00647108,0.00546101,-0.00873234,-0.00209459,0.1589,0.8411,161.6
Liver,jrc_mus-liver,crop1038,Chemical,49,86709,5549376.0,9271,0.00942862,0.00981258,0.00687388,-0.01381531,-0.00459009,0.0739,0.9261,106.1
Liver,jrc_mus-liver,crop1038,Chemical,54,46790,2994560.0,4888,0.00858961,0.00834006,0.00563495,-0.01179079,-0.0040957,0.1099,0.8901,116.4
Liver,jrc_mus-liver,crop1038,Chemical,55,206652,13225728.0,15868,0.00595926,0.00669074,0.00510634,-0.00911171,-0.0029249,0.0928,0.9072,167.8
Liver,jrc_mus-liver,crop1038,Chemical,58,80626,5160064.0,6894,0.00738174,0.00728919,0.0057406,-0.00928045,-0.00361372,0.134,0.866,135.5
Liver,jrc_mus-liver,crop1039,Chemical,1,26129394,1672281216.0,440205,0.00627739,0.00886544,0.0155141,-0.00678301,0.00540572,0.4682,0.5318,159.3
Liver,jrc_mus-liver,crop1039,Chemical,3,40572,2596608.0,4186,0.00991196,0.00982638,0.00510952,-0.01301153,-0.00694625,0.0557,0.9443,100.9
Liver,jrc_mus-liver,crop1039,Chemical,6,9065820,580212480.0,296663,0.00693132,0.00975805,0.01566179,-0.00727267,0.00629959,0.461,0.539,144.3
Liver,jrc_mus-liver,crop1039,Chemical,10,98036,6274304.0,10378,0.01014163,0.01092937,0.01145962,-0.01280755,-0.00293217,0.1783,0.8217,98.6
Liver,jrc_mus-liver,crop1039,Chemical,11,16129702,1032300928.0,399607,0.00591891,0.00954961,0.01887161,-0.00629457,0.00526579,0.4511,0.5489,169.0
Liver,jrc_mus-liver,crop1039,Chemical,18,43831,2805184.0,5039,0.00961131,0.01008659,0.00445993,-0.01190051,-0.00769979,0.0058,0.9942,104.0
Liver,jrc_mus-liver,crop1040,Chemical,1,37002857,2368182848.0,729206,0.00696408,0.00842549,0.01155116,-0.00811421,0.00453663,0.4068,0.5932,143.6
Liver,jrc_mus-liver,crop1040,Chemical,2,11489818,735348352.0,564598,0.00756405,0.00999358,0.01497387,-0.00800297,0.00631414,0.4074,0.5926,132.2
Liver,jrc_mus-liver,crop1040,Chemical,3,63377,4056128.0,6130,0.00859474,0.00883884,0.0059067,-0.01191538,-0.00461301,0.0852,0.9148,116.4
Liver,jrc_mus-liver,crop1040,Chemical,5,71434,4571776.0,7565,0.007919,0.0087063,0.00363887,-0.01050641,-0.00647266,0.0044,0.9956,126.3
Liver,jrc_mus-liver,crop1040,Chemical,9,82670,5290880.0,7239,0.00905465,0.00888633,0.00664853,-0.01196219,-0.00433702,0.1365,0.8635,110.4
Liver,jrc_mus-liver,crop1040,Chemical,13,48095,3078080.0,5195,0.00886862,0.00971111,0.00598492,-0.01260503,-0.00572717,0.0518,0.9482,112.8
Liver,jrc_mus-liver,crop1040,Chemical,17,99447,6364608.0,9426,0.00688215,0.00767032,0.00562624,-0.01085684,-0.00369542,0.1139,0.8861,145.3
Liver,jrc_mus-liver,crop1040,Chemical,18,47446,3036544.0,4552,0.00817698,0.00869794,0.00568858,-0.0128492,-0.0040197,0.0699,0.9301,122.3
Liver,jrc_mus-liver,crop1040,Chemical,19,52184,3339776.0,6438,0.01098828,0.01034558,0.00527555,-0.01365897,-0.00693068,0.0558,0.9442,91.0
Liver,jrc_mus-liver,crop1040,Chemical,20,103812,6643968.0,10044,0.00770096,0.00834261,0.00601029,-0.01143887,-0.00398602,0.0634,0.9366,129.9
Liver,jrc_mus-liver,crop1040,Chemical,21,83268,5329152.0,8420,0.00878651,0.00891331,0.00536227,-0.01161176,-0.00561071,0.0798,0.9202,113.8
Liver,jrc_mus-liver,crop1040,Chemical,23,66530,4257920.0,6104,0.00864862,0.00911583,0.00617261,-0.01187163,-0.0049996,0.0767,0.9233,115.6
Liver,jrc_mus-liver,crop1040,Chemical,24,40700,2604800.0,3540,0.00789187,0.00824,0.00630531,-0.01123385,-0.00369261,0.1178,0.8822,126.7
Liver,jrc_mus-liver,crop1040,Chemical,25,41131,2632384.0,3840,0.00878952,0.00871189,0.00569031,-0.0116925,-0.00512797,0.1042,0.8958,113.8
Liver,jrc_mus-liver,crop1041,Chemical,1,35914318,2298516352.0,612736,0.00562853,0.00680091,0.00757627,-0.00944583,0.0007057,0.2867,0.7133,177.7
Liver,jrc_mus-liver,crop1041,Chemical,3,56956,3645184.0,6127,0.00828928,0.00932171,0.00748495,-0.01297214,-0.00410295,0.0911,0.9089,120.6
Liver,jrc_mus-liver,crop1041,Chemical,4,62643,4009152.0,8426,0.01097791,0.01115699,0.00529847,-0.01357571,-0.00811627,0.0074,0.9926,91.1
Liver,jrc_mus-liver,crop1041,Chemical,5,58899,3769536.0,6532,0.00873475,0.00907716,0.00535747,-0.01318816,-0.00464713,0.0248,0.9752,114.5
Liver,jrc_mus-liver,crop1041,Chemical,6,58957,3773248.0,6333,0.00967474,0.00952711,0.00556445,-0.01218776,-0.00600837,0.0606,0.9394,103.4
Liver,jrc_mus-liver,crop1041,Chemical,8,59742,3823488.0,7511,0.00988126,0.01018947,0.00552257,-0.0132365,-0.00669022,0.0234,0.9766,101.2
Liver,jrc_mus-liver,crop1041,Chemical,9,7774660,497578240.0,187660,0.00313347,0.0038289,0.0048831,-0.00395272,0.00214062,0.4164,0.5836,319.1
Liver,jrc_mus-liver,crop1041,Chemical,10,73850,4726400.0,8936,0.00786025,0.00838135,0.00644788,-0.01164009,-0.00350239,0.0968,0.9032,127.2
Liver,jrc_mus-liver,crop1041,Chemical,15,2409922,154235008.0,149920,0.00333702,0.00457862,0.00566521,-0.00562886,0.00043152,0.2861,0.7139,299.7
Liver,jrc_mus-liver,crop1041,Chemical,21,41156,2633984.0,4396,0.00523003,0.0075179,0.00716725,-0.0108864,-0.00188351,0.0955,0.9045,191.2
Liver,jrc_mus-liver,crop1041,Chemical,47,41585,2661440.0,4482,0.00856097,0.00944872,0.00553096,-0.01242615,-0.00566421,0.0308,0.9692,116.8
Liver,jrc_mus-liver,crop1042,Chemical,1,38641500,2473056000.0,479958,0.00687564,0.00782044,0.00847382,-0.01059719,0.00060061,0.2763,0.7237,145.4
Liver,jrc_mus-liver,crop1042,Chemical,2,177662,11370368.0,17352,0.00855423,0.00903826,0.00562758,-0.01231058,-0.00506754,0.0518,0.9482,116.9
Liver,jrc_mus-liver,crop1042,Chemical,3,56381,3608384.0,6362,0.0090683,0.0097154,0.00481884,-0.01198801,-0.00633338,0.0064,0.9936,110.3
Liver,jrc_mus-liver,crop1042,Chemical,4,199882,12792448.0,12997,0.00592262,0.00646508,0.00497862,-0.00900642,-0.00262867,0.125,0.875,168.8
Liver,jrc_mus-liver,crop1042,Chemical,5,78610,5031040.0,7955,0.00745907,0.00808718,0.00609552,-0.01157998,-0.00320051,0.1012,0.8988,134.1
Liver,jrc_mus-liver,crop1042,Chemical,7,112196,7180544.0,11960,0.00971097,0.01017729,0.00756294,-0.01405482,-0.0049452,0.0735,0.9265,103.0
Liver,jrc_mus-liver,crop1042,Chemical,10,189010,12096640.0,9255,0.00541989,0.00609323,0.0057332,-0.00771063,-0.00175725,0.167,0.833,184.5
Liver,jrc_mus-liver,crop1042,Chemical,12,12361551,791139264.0,428776,0.0065049,0.00770606,0.00912095,-0.01053893,0.00106526,0.3024,0.6976,153.7
Liver,jrc_mus-liver,crop1042,Chemical,13,101912,6522368.0,11467,0.0095267,0.00990919,0.00566446,-0.01385909,-0.00590342,0.0446,0.9554,105.0
Liver,jrc_mus-liver,crop1042,Chemical,14,211237,13519168.0,14903,0.0071782,0.00816779,0.00924351,-0.00977214,-0.00218452,0.17,0.83,139.3
Liver,jrc_mus-liver,crop1042,Chemical,16,87430,5595520.0,10014,0.01064297,0.01077792,0.00732898,-0.01417788,-0.00604429,0.0723,0.9277,94.0
Liver,jrc_mus-liver,crop1042,Chemical,17,41991,2687424.0,5694,0.01185618,0.01235348,0.0063745,-0.01584921,-0.00786859,0.0049,0.9951,84.3
Liver,jrc_mus-liver,crop1042,Chemical,19,237450,15196800.0,24101,0.00895873,0.00911174,0.00483715,-0.01198865,-0.00590359,0.036,0.964,111.6
Liver,jrc_mus-liver,crop1042,Chemical,21,44373,2839872.0,5495,0.01015448,0.01012681,0.00570963,-0.01435973,-0.00542809,0.0136,0.9864,98.5
Liver,jrc_mus-liver,crop1042,Chemical,23,40017,2561088.0,5678,0.01168267,0.01172882,0.00604623,-0.01591045,-0.00751118,0.0269,0.9731,85.6
Liver,jrc_mus-liver,crop1043,Chemical,1,19441506,1244256384.0,397351,0.00550168,0.00658821,0.00749532,-0.00852777,0.0009557,0.2946,0.7054,181.8
Liver,jrc_mus-liver,crop1043,Chemical,2,3895478,249310592.0,222568,0.0057916,0.00653343,0.0070233,-0.00869636,0.00054824,0.2743,0.7257,172.7
Liver,jrc_mus-liver,crop1043,Chemical,5,18263331,1168853184.0,602515,0.00626893,0.00709789,0.00764994,-0.00942914,0.00042914,0.268,0.732,159.5
Liver,jrc_mus-liver,crop1043,Chemical,12,2545561,162915904.0,117885,0.00459823,0.00549003,0.00573646,-0.00763274,-0.00012466,0.2423,0.7577,217.5
Liver,jrc_mus-liver,crop1043,Chemical,17,134431,8603584.0,15267,0.00906598,0.00948195,0.00447415,-0.01200157,-0.00645404,0.0079,0.9921,110.3
Liver,jrc_mus-liver,crop1043,Chemical,19,149999,9599936.0,14092,0.00744988,0.00791213,0.00669863,-0.01126624,-0.00243564,0.1449,0.8551,134.2
Liver,jrc_mus-liver,crop1043,Chemical,20,45003,2880192.0,4948,0.00953049,0.00979744,0.00546409,-0.0130858,-0.00574052,0.0335,0.9665,104.9
Liver,jrc_mus-liver,crop1043,Chemical,21,111089,7109696.0,11369,0.00824135,0.00905095,0.00680269,-0.01245941,-0.00453142,0.0858,0.9142,121.3
Liver,jrc_mus-liver,crop1043,Chemical,32,70258,4496512.0,6825,0.00861688,0.00876804,0.00575984,-0.01237824,-0.00431818,0.0845,0.9155,116.1
Liver,jrc_mus-liver,crop1043,Chemical,48,1227218,78541952.0,44288,0.00411499,0.00506058,0.00632401,-0.00582429,0.00154874,0.3441,0.6559,243.0
Liver,jrc_mus-liver,crop1043,Chemical,51,270222,17294208.0,21099,0.00630504,0.00672595,0.00490625,-0.00933938,-0.00307446,0.0982,0.9018,158.6
Liver,jrc_mus-liver,crop1043,Chemical,53,63516,4065024.0,7029,0.00936117,0.00986828,0.00589494,-0.01272639,-0.0060647,0.0501,0.9499,106.8
Liver,jrc_mus-liver,crop1043,Chemical,55,129870,8311680.0,14196,0.00897321,0.00906378,0.00531921,-0.01225962,-0.00553882,0.0616,0.9384,111.4
Liver,jrc_mus-liver,crop1043,Chemical,56,116388,7448832.0,6688,0.00643316,0.00751289,0.00838283,-0.00913678,0.0012617,0.2896,0.7104,155.4
Liver,jrc_mus-liver,crop1043,Chemical,57,64218,4109952.0,6249,0.00885655,0.00924833,0.00632629,-0.01261652,-0.00503478,0.0946,0.9054,112.9
Liver,jrc_mus-liver,crop1043,Chemical,61,89180,5707520.0,8060,0.00808445,0.00775768,0.00466104,-0.01098813,-0.00419272,0.0696,0.9304,123.7
Liver,jrc_mus-liver,crop1044,Chemical,1,5402309,345747776.0,79970,0.00359081,0.00446039,0.00568426,-0.00441848,0.00273095,0.4451,0.5549,278.5
Liver,jrc_mus-liver,crop1044,Chemical,2,44053714,2819437696.0,587736,0.00583494,0.00668187,0.0076246,-0.0084528,0.00140829,0.3102,0.6898,171.4
Liver,jrc_mus-liver,crop1044,Chemical,6,130281,8337984.0,14492,0.00839369,0.00939773,0.00998786,-0.01036309,-0.00183364,0.1951,0.8049,119.1
Liver,jrc_mus-liver,crop1044,Chemical,33,50918,3258752.0,5161,0.00871099,0.00944996,0.00644023,-0.01280348,-0.00476831,0.0599,0.9401,114.8
Liver,jrc_mus-liver-8,crop1123,Rapid HPF,1,3764398,1927371776.0,40489,0.00236814,0.00282405,0.00356703,-0.00240475,0.00232853,0.4943,0.5057,422.3
Liver,jrc_mus-liver-8,crop1123,Rapid HPF,2,4029361,2063032832.0,40398,0.00183747,0.0024473,0.00345266,-0.00188386,0.00178175,0.4797,0.5203,544.2
Liver,jrc_mus-liver-8,crop1124,Rapid HPF,1,13444594,6883632128.0,141239,0.00162865,0.00209289,0.00276668,-0.00167707,0.00157543,0.4851,0.5149,614.0
Liver,jrc_mus-liver-8,crop1124,Rapid HPF,2,13969864,7152570368.0,140514,0.00170525,0.00222741,0.00297311,-0.0017448,0.00166817,0.4971,0.5029,586.4
Liver,jrc_mus-liver-8,crop1124,Rapid HPF,4,13163,6739456.0,2854,0.01003637,0.01232035,0.01392595,-0.0142181,-0.00500457,0.1423,0.8577,99.6
Liver,jrc_mus-liver-8,crop1124,Rapid HPF,8,9269,4745728.0,2451,0.00722063,0.00943716,0.00819019,-0.01624172,-0.00201112,0.0955,0.9045,138.5
Liver,jrc_mus-liver-8,crop1124,Rapid HPF,10,15468,7919616.0,3152,0.00638709,0.00817477,0.00781231,-0.01178274,-0.00173471,0.1551,0.8449,156.6
Liver,jrc_mus-liver-8,crop1125,Rapid HPF,1,2399147,1228363264.0,47103,0.00200538,0.00245475,0.00316732,-0.00215941,0.00187705,0.4859,0.5141,498.7
Liver,jrc_mus-liver-8,crop1125,Rapid HPF,2,3394047,1737752064.0,79567,0.00242227,0.00304916,0.00403211,-0.00289668,0.00189282,0.4454,0.5546,412.8
Liver,jrc_mus-liver-8,crop1125,Rapid HPF,3,3890555,1991964160.0,50030,0.00218929,0.00260103,0.00327668,-0.00220247,0.00217748,0.4966,0.5034,456.8
Liver,jrc_mus-liver-8,crop1126,Rapid HPF,1,26428636,13531461632.0,200100,0.00198946,0.00239633,0.00305738,-0.00197349,0.00200496,0.5068,0.4932,502.7
Liver,jrc_mus-liver-8,crop1126,Rapid HPF,2,12728026,6516749312.0,201748,0.00197282,0.00249069,0.00342071,-0.00198387,0.00196331,0.4963,0.5037,506.9
Liver,jrc_mus-liver-8,crop1127,Rapid HPF,1,7802682,3994973184.0,90000,0.00148882,0.00187249,0.00242252,-0.00151157,0.00146875,0.497,0.503,671.7
Liver,jrc_mus-liver-8,crop1127,Rapid HPF,2,2125914,1088467968.0,50558,0.00168249,0.00263194,0.00383708,-0.00195183,0.0013805,0.4534,0.5466,594.4
Liver,jrc_mus-liver-8,crop1127,Rapid HPF,4,2996030,1533967360.0,67889,0.00217195,0.00267498,0.00344145,-0.0024064,0.00192464,0.4713,0.5287,460.4
Liver,jrc_mus-liver-8,crop1127,Rapid HPF,5,12456,6377472.0,3338,0.00495612,0.00799651,0.00784572,-0.01422557,-0.00122806,0.1096,0.8904,201.8
Liver,jrc_mus-liver-8,crop1127,Rapid HPF,6,9713,4973056.0,2153,0.00976506,0.00981945,0.0061004,-0.01365392,-0.0050746,0.0446,0.9554,102.4
Liver,jrc_mus-liver-8,crop1127,Rapid HPF,7,6300,3225600.0,1587,0.01029022,0.01107579,0.00638663,-0.01454344,-0.00649614,0.0221,0.9779,97.2
Liver,jrc_mus-liver-8,crop1127,Rapid HPF,8,5013,2566656.0,1115,0.01197048,0.01223801,0.0037341,-0.01481891,-0.0094864,0.0,1.0,83.5
Liver,jrc_mus-liver-8,crop1071,Rapid HPF,1,2397541,1227540992.0,81087,0.00335713,0.00446928,0.00607737,-0.00389905,0.00270401,0.4447,0.5553,297.9
Liver,jrc_mus-liver-8,crop1071,Rapid HPF,2,10871734,5566327808.0,507918,0.00388064,0.00505595,0.0066874,-0.00528197,0.00224745,0.3979,0.6021,257.7
Liver,jrc_mus-liver-8,crop1071,Rapid HPF,3,126352,64692224.0,9484,0.00430731,0.00541242,0.00664647,-0.00625643,0.00164842,0.3457,0.6543,232.2
Liver,jrc_mus-liver-8,crop1071,Rapid HPF,4,22190,11361280.0,5404,0.00807657,0.0094813,0.0084208,-0.01299039,-0.00303013,0.1477,0.8523,123.8
Liver,jrc_mus-liver-8,crop1071,Rapid HPF,5,1807452,925415424.0,90274,0.00328317,0.00409377,0.0052002,-0.00454863,0.00171024,0.378,0.622,304.6
Liver,jrc_mus-liver-8,crop1071,Rapid HPF,6,29080,14888960.0,4893,0.00762352,0.00778738,0.00494899,-0.01007866,-0.00473835,0.0748,0.9252,131.2
Liver,jrc_mus-liver-8,crop1071,Rapid HPF,7,26870,13757440.0,2986,0.00554553,0.00574281,0.00362018,-0.00764027,-0.0032758,0.0499,0.9501,180.3
Liver,jrc_mus-liver-8,crop1071,Rapid HPF,10,85612,43833344.0,12687,0.00774914,0.00931439,0.00764384,-0.01291678,-0.00378636,0.0958,0.9042,129.0
Liver,jrc_mus-liver-8,crop1071,Rapid HPF,11,53736,27512832.0,4985,0.00465767,0.00497266,0.00386577,-0.00703518,-0.00200253,0.1163,0.8837,214.7
Liver,jrc_mus-liver-8,crop1071,Rapid HPF,15,132063,67616256.0,15866,0.00601792,0.00604659,0.00428006,-0.0084176,-0.00292823,0.0932,0.9068,166.2
Liver,jrc_mus-liver-8,crop1071,Rapid HPF,16,94179,48219648.0,14941,0.00612825,0.00678157,0.00617275,-0.00939117,-0.00175922,0.1653,0.8347,163.2
Liver,jrc_mus-liver-8,crop1071,Rapid HPF,17,23602,12084224.0,4159,0.00619579,0.00678932,0.00550495,-0.00959684,-0.00245058,0.1392,0.8608,161.4
Liver,jrc_mus-liver-8,crop1071,Rapid HPF,18,15018,7689216.0,2121,0.00609919,0.00645163,0.00390929,-0.00882785,-0.00362784,0.0311,0.9689,164.0
Liver,jrc_mus-liver-8,crop1071,Rapid HPF,19,44173,22616576.0,7298,0.00513179,0.00604839,0.00573496,-0.00840751,-0.00110674,0.1962,0.8038,194.9
Liver,jrc_mus-liver-8,crop1071,Rapid HPF,20,1639752,839553024.0,141968,0.00538854,0.0062954,0.00745873,-0.00756677,0.00221407,0.3507,0.6493,185.6
Liver,jrc_mus-liver-8,crop1071,Rapid HPF,21,6142,3144704.0,1134,0.00671896,0.00733843,0.00318144,-0.0093563,-0.00495537,0.0053,0.9947,148.8
Liver,jrc_mus-liver-8,crop1071,Rapid HPF,22,6443,3298816.0,1065,0.00858848,0.00839891,0.00383158,-0.01151234,-0.005365,0.0131,0.9869,116.4
Liver,jrc_mus-liver-8,crop1071,Rapid HPF,23,11289,5779968.0,2382,0.00823236,0.00880137,0.00632717,-0.01195824,-0.00462099,0.1008,0.8992,121.5
Liver,jrc_mus-liver-8,crop1071,Rapid HPF,25,14476,7411712.0,2978,0.00841312,0.00866601,0.00536178,-0.01112178,-0.00513424,0.0433,0.9567,118.9
Liver,jrc_mus-liver-8,crop1071,Rapid HPF,27,61473,31474176.0,7522,0.00458328,0.0052552,0.00461771,-0.00725489,-0.00162067,0.1292,0.8708,218.2
Liver,jrc_mus-liver-8,crop1071,Rapid HPF,28,10754,5506048.0,1990,0.00766231,0.0085436,0.00618358,-0.01235401,-0.00400842,0.1196,0.8804,130.5
Liver,jrc_mus-liver-8,crop1071,Rapid HPF,29,114898,58827776.0,16486,0.00393866,0.00492792,0.00504401,-0.00728327,-0.00021544,0.2349,0.7651,253.9
Liver,jrc_mus-liver-8,crop1071,Rapid HPF,30,50401,25805312.0,8451,0.00660862,0.00731113,0.0060618,-0.01059475,-0.00229493,0.1392,0.8608,151.3
Liver,jrc_mus-liver-8,crop1071,Rapid HPF,31,113592,58159104.0,13029,0.00548043,0.00602907,0.00556547,-0.00846056,-0.00121552,0.1842,0.8158,182.5
Liver,jrc_mus-liver-8,crop1071,Rapid HPF,32,33424,17113088.0,6416,0.00738673,0.00759412,0.00564121,-0.01053467,-0.00331205,0.1234,0.8766,135.4
Liver,jrc_mus-liver-8,crop1071,Rapid HPF,33,90954,46568448.0,12356,0.00567234,0.00621938,0.00536417,-0.00873218,-0.0018541,0.1658,0.8342,176.3
Liver,jrc_mus-liver-8,crop1071,Rapid HPF,34,12348,6322176.0,2912,0.010333,0.01048198,0.00622919,-0.01345876,-0.00651695,0.0481,0.9519,96.8
Liver,jrc_mus-liver-8,crop1071,Rapid HPF,35,12439,6368768.0,2673,0.009516,0.00982887,0.00512024,-0.0128261,-0.00644081,0.0269,0.9731,105.1
Liver,jrc_mus-liver-8,crop1071,Rapid HPF,36,14800,7577600.0,2815,0.00847772,0.00920338,0.00651824,-0.01298365,-0.00398885,0.0689,0.9311,118.0
Liver,jrc_mus-liver-8,crop1071,Rapid HPF,38,17645,9034240.0,3096,0.00640354,0.00740592,0.00555613,-0.01107251,-0.0029132,0.0652,0.9348,156.2
Liver,jrc_mus-liver-8,crop1071,Rapid HPF,39,18016,9224192.0,3636,0.00792287,0.00845269,0.00561099,-0.01165666,-0.0044517,0.0525,0.9475,126.2
Liver,jrc_mus-liver-8,crop1071,Rapid HPF,40,8494,4348928.0,1762,0.01074039,0.01057358,0.00555386,-0.01392801,-0.00675928,0.0204,0.9796,93.1
Liver,jrc_mus-liver-8,crop1071,Rapid HPF,42,7054,3611648.0,1530,0.00980609,0.01000429,0.00577022,-0.01390591,-0.0060306,0.0556,0.9444,102.0
Liver,jrc_mus-liver-8,crop1071,Rapid HPF,43,19597,10033664.0,5762,0.01283474,0.01343329,0.00567268,-0.01679672,-0.01008926,0.0186,0.9814,77.9
Liver,jrc_mus-liver-8,crop1071,Rapid HPF,44,6322,3236864.0,1472,0.01199254,0.01142964,0.00533032,-0.01457679,-0.00835765,0.0312,0.9688,83.4
Liver,jrc_mus-liver-8,crop1071,Rapid HPF,45,9232,4726784.0,2054,0.01026769,0.01042934,0.00600745,-0.01351055,-0.00675409,0.0677,0.9323,97.4
Liver,jrc_mus-liver-8,crop1071,Rapid HPF,46,20380,10434560.0,6147,0.01342199,0.01472076,0.00700427,-0.01880999,-0.0101641,0.0049,0.9951,74.5
Liver,jrc_mus-liver-8,crop1071,Rapid HPF,48,21762,11142144.0,4034,0.00748278,0.00822564,0.0060843,-0.01275408,-0.00317123,0.1049,0.8951,133.6
Liver,jrc_mus-liver-8,crop1071,Rapid HPF,50,19442,9954304.0,4014,0.00817484,0.00887405,0.00654116,-0.01275128,-0.00386716,0.0999,0.9001,122.3
Liver,jrc_mus-liver-8,crop1071,Rapid HPF,52,5174,2649088.0,1600,0.01317607,0.01396032,0.00898022,-0.01984511,-0.00722649,0.0737,0.9263,75.9
Liver,jrc_mus-liver-8,crop1071,Rapid HPF,53,18060,9246720.0,3159,0.0080458,0.00823073,0.00525146,-0.01144878,-0.00433111,0.0649,0.9351,124.3
Liver,jrc_mus-liver-8,crop1071,Rapid HPF,54,43839,22445568.0,6328,0.00660319,0.00681431,0.0049109,-0.00911451,-0.00353314,0.1067,0.8933,151.4
Liver,jrc_mus-liver-8,crop1071,Rapid HPF,55,20621,10557952.0,4381,0.01119456,0.01065822,0.00533455,-0.01365829,-0.00747453,0.0297,0.9703,89.3
Liver,jrc_mus-liver-8,crop1071,Rapid HPF,56,16552,8474624.0,3277,0.00789514,0.0082935,0.00635073,-0.01108873,-0.00351811,0.1334,0.8666,126.7
Liver,jrc_mus-liver-8,crop1071,Rapid HPF,57,10925,5593600.0,1909,0.00937762,0.0095919,0.00469731,-0.01219419,-0.00670453,0.0236,0.9764,106.6
Liver,jrc_mus-liver-8,crop1071,Rapid HPF,58,45931,23516672.0,5521,0.00595099,0.00635939,0.00475803,-0.00853451,-0.00308132,0.0895,0.9105,168.0
Liver,jrc_mus-liver-8,crop1071,Rapid HPF,59,6983,3575296.0,1532,0.01084403,0.01094066,0.00481585,-0.0141499,-0.00786564,0.0202,0.9798,92.2
Liver,jrc_mus-liver-8,crop1071,Rapid HPF,60,93848,48050176.0,10491,0.00500544,0.00562191,0.00460919,-0.00728232,-0.00252138,0.0833,0.9167,199.8
Liver,jrc_mus-liver-8,crop1071,Rapid HPF,61,15392,7880704.0,3996,0.01064527,0.01075569,0.00620672,-0.01454319,-0.00640259,0.0458,0.9542,93.9
Liver,jrc_mus-liver-8,crop1071,Rapid HPF,62,18532,9488384.0,2780,0.00761188,0.00772869,0.00294897,-0.00979768,-0.00550812,0.0007,0.9993,131.4
Liver,jrc_mus-liver-8,crop1071,Rapid HPF,63,104999,53759488.0,13653,0.00559427,0.00611028,0.00593486,-0.00855655,-0.00090086,0.2011,0.7989,178.8
Liver,jrc_mus-liver-8,crop1071,Rapid HPF,65,10252,5249024.0,1836,0.00807942,0.00831074,0.00575346,-0.01110685,-0.00416132,0.1024,0.8976,123.8
Liver,jrc_mus-liver-8,crop1071,Rapid HPF,66,7160,3665920.0,1603,0.01099512,0.01084309,0.00673626,-0.01532003,-0.0053789,0.0543,0.9457,90.9
Liver,jrc_mus-liver-8,crop1071,Rapid HPF,68,197912,101330944.0,17605,0.0036108,0.00480881,0.00629024,-0.00495005,0.00228277,0.4064,0.5936,276.9
Liver,jrc_mus-liver-8,crop1071,Rapid HPF,69,17309,8862208.0,3086,0.00681186,0.00744999,0.00554349,-0.01138961,-0.0026609,0.0898,0.9102,146.8
Liver,jrc_mus-liver-8,crop1071,Rapid HPF,70,18445,9443840.0,2884,0.00659366,0.00713447,0.00590387,-0.01125469,-0.00133267,0.1827,0.8173,151.7
Liver,jrc_mus-liver-8,crop1071,Rapid HPF,71,23053,11803136.0,3431,0.00638227,0.00734044,0.00705689,-0.01036883,-0.00118946,0.1979,0.8021,156.7
Liver,jrc_mus-liver-8,crop1071,Rapid HPF,72,106407,54480384.0,11610,0.00468671,0.00520546,0.00496408,-0.00702491,-0.0009765,0.1953,0.8047,213.4
Liver,jrc_mus-liver-8,crop1071,Rapid HPF,73,6321,3236352.0,1447,0.01108984,0.01178401,0.00530602,-0.01485314,-0.00776733,0.0,1.0,90.2
Liver,jrc_mus-liver-8,crop1071,Rapid HPF,74,14014,7175168.0,2377,0.00667237,0.00714125,0.00519112,-0.010114,-0.0032681,0.0976,0.9024,149.9
Liver,jrc_mus-liver-8,crop1071,Rapid HPF,75,9953,5095936.0,1811,0.0084798,0.00863771,0.00438935,-0.01130889,-0.0057393,0.037,0.963,117.9
Liver,jrc_mus-liver-8,crop1071,Rapid HPF,76,16048,8216576.0,3245,0.00569046,0.00695168,0.00614738,-0.01073518,-0.00158681,0.1535,0.8465,175.7
Liver,jrc_mus-liver-8,crop1071,Rapid HPF,77,22859,11703808.0,4030,0.00866385,0.01025487,0.00615254,-0.01455266,-0.00594215,0.0174,0.9826,115.4
Liver,jrc_mus-liver-8,crop1071,Rapid HPF,78,7815,4001280.0,1863,0.01072185,0.01106009,0.00505581,-0.01364094,-0.00753752,0.0043,0.9957,93.3
Liver,jrc_mus-liver-8,crop1071,Rapid HPF,79,16854,8629248.0,2720,0.00746915,0.00988762,0.00669557,-0.01361905,-0.0051829,0.0103,0.9897,133.9
Liver,jrc_mus-liver-8,crop1071,Rapid HPF,82,22531,11535872.0,3193,0.00696743,0.00765453,0.00850676,-0.00794922,-0.00181547,0.2064,0.7936,143.5
Liver,jrc_mus-liver-8,crop1071,Rapid HPF,83,61035,31249920.0,9045,0.00668191,0.00706688,0.00499519,-0.01000961,-0.0033499,0.0909,0.9091,149.7
Liver,jrc_mus-liver-8,crop1071,Rapid HPF,84,54950,28134400.0,7180,0.00375477,0.00496553,0.00506633,-0.00688812,-0.00068325,0.1964,0.8036,266.3
Liver,jrc_mus-liver-8,crop1071,Rapid HPF,85,25286,12946432.0,5407,0.00817026,0.00934312,0.00791164,-0.01389818,-0.00269501,0.1463,0.8537,122.4
Liver,jrc_mus-liver-8,crop1071,Rapid HPF,86,11667,5973504.0,2876,0.01094228,0.01179869,0.00657466,-0.01436217,-0.00791347,0.0261,0.9739,91.4
Liver,jrc_mus-liver-8,crop1071,Rapid HPF,90,29470,15088640.0,3949,0.0067331,0.00685033,0.003964,-0.00925555,-0.00432088,0.0663,0.9337,148.5
Liver,jrc_mus-liver-8,crop1071,Rapid HPF,92,10658,5456896.0,1864,0.00600423,0.0070995,0.00435023,-0.00998894,-0.00386248,0.0156,0.9844,166.5
Liver,jrc_mus-liver-8,crop1071,Rapid HPF,95,9816,5025792.0,1831,0.00995118,0.00977066,0.00405576,-0.01197334,-0.00773495,0.0224,0.9776,100.5
Liver,jrc_mus-liver-8,crop1071,Rapid HPF,96,15517,7944704.0,2535,0.00835055,0.00810833,0.00337823,-0.01058401,-0.00563926,0.0004,0.9996,119.8
Liver,jrc_mus-liver-8,crop1071,Rapid HPF,98,52732,26998784.0,9117,0.00569137,0.00610285,0.00712654,-0.00596693,0.00516256,0.4011,0.5989,175.7
Liver,jrc_mus-liver-8,crop1071,Rapid HPF,99,8602,4404224.0,1909,0.01117031,0.0107065,0.00421831,-0.01337788,-0.00841277,0.0073,0.9927,89.5
Liver,jrc_mus-liver-8,crop1071,Rapid HPF,100,29196,14948352.0,3889,0.00523837,0.00627847,0.00593884,-0.00880488,-0.00130426,0.1923,0.8077,190.9
Liver,jrc_mus-liver-8,crop1071,Rapid HPF,101,6125,3136000.0,2035,0.0148419,0.01598437,0.00511345,-0.01844867,-0.01257502,0.0,1.0,67.4
Liver,jrc_mus-liver-8,crop1071,Rapid HPF,102,33757,17283584.0,3823,0.00563315,0.00630354,0.00620821,-0.00867391,-0.000382,0.2346,0.7654,177.5
Liver,jrc_mus-liver-8,crop1071,Rapid HPF,103,20675,10585600.0,3009,0.00709521,0.00743279,0.0028403,-0.00898269,-0.0055161,0.003,0.997,140.9
Liver,jrc_mus-liver-8,crop1071,Rapid HPF,104,6971,3569152.0,1192,0.00819613,0.00832383,0.00355162,-0.0103114,-0.00626246,0.0227,0.9773,122.0
Liver,jrc_mus-liver-8,crop1071,Rapid HPF,108,7159,3665408.0,1258,0.00867717,0.00867255,0.00435032,-0.01125789,-0.00608566,0.035,0.965,115.2
Liver,jrc_mus-liver-8,crop1072,Rapid HPF,1,22901297,11725464064.0,119910,0.00523361,0.00709782,0.00929815,-0.0094135,0.00231196,0.4313,0.5687,191.1
Liver,jrc_mus-liver-8,crop1072,Rapid HPF,3,3011987,1542137344.0,79441,0.0031651,0.00635811,0.00872918,-0.00842067,0.00108272,0.3769,0.6231,315.9
Liver,jrc_mus-liver-8,crop1073,Rapid HPF,1,9457772,4842379264.0,95251,0.00172257,0.00252849,0.00380442,-0.00185563,0.00159555,0.4843,0.5157,580.5
Liver,jrc_mus-liver-8,crop1073,Rapid HPF,2,6342493,3247356416.0,237896,0.00362066,0.00533638,0.00694741,-0.00660795,0.0014893,0.375,0.625,276.2
Liver,jrc_mus-liver-8,crop1073,Rapid HPF,3,24172,12376064.0,5317,0.00853169,0.00889443,0.00589598,-0.01182703,-0.00499635,0.07,0.93,117.2
Liver,jrc_mus-liver-8,crop1073,Rapid HPF,4,28372,14526464.0,5807,0.00834958,0.008727,0.00624652,-0.01101629,-0.0050966,0.0923,0.9077,119.8
Liver,jrc_mus-liver-8,crop1073,Rapid HPF,5,6148,3147776.0,1424,0.0105793,0.01022076,0.00416772,-0.01341632,-0.00702008,0.0007,0.9993,94.5
Liver,jrc_mus-liver-8,crop1073,Rapid HPF,6,5189,2656768.0,1198,0.00772096,0.00902709,0.00648204,-0.01410816,-0.00333561,0.0467,0.9533,129.5
Liver,jrc_mus-liver-8,crop1073,Rapid HPF,7,5335,2731520.0,1385,0.01127598,0.01176811,0.00469458,-0.01361638,-0.00872862,0.0,1.0,88.7
Liver,jrc_mus-liver-8,crop1073,Rapid HPF,11,10839,5549568.0,2574,0.00940293,0.00946039,0.00474703,-0.0125461,-0.00613467,0.028,0.972,106.3
Liver,jrc_mus-liver-8,crop1073,Rapid HPF,12,7195800,3684249600.0,159459,0.00451316,0.00592405,0.00746513,-0.00721733,0.00245205,0.4055,0.5945,221.6
Liver,jrc_mus-liver-8,crop1073,Rapid HPF,18,7377,3777024.0,1374,0.00881999,0.00858757,0.0059507,-0.01296228,-0.00340351,0.0924,0.9076,113.4
Liver,jrc_mus-liver-8,crop1073,Rapid HPF,21,7304,3739648.0,1816,0.01089915,0.01193706,0.00585985,-0.01444789,-0.00822158,0.005,0.995,91.8
Liver,jrc_mus-liver-8,crop1073,Rapid HPF,22,12020,6154240.0,2490,0.00837171,0.00871807,0.00501461,-0.01134394,-0.00530028,0.0337,0.9663,119.4
Liver,jrc_mus-liver-8,crop1074,Rapid HPF,1,20947681,10725212672.0,152987,0.00476111,0.00665931,0.00862838,-0.00879873,0.0018888,0.397,0.603,210.0
Liver,jrc_mus-liver-8,crop1074,Rapid HPF,2,2254604,1154357248.0,119508,0.00579046,0.00701654,0.00839675,-0.0092771,0.00120077,0.3233,0.6767,172.7
Liver,jrc_mus-liver-8,crop1074,Rapid HPF,7,10744,5500928.0,2324,0.00959198,0.01007911,0.00720121,-0.01323319,-0.00538961,0.1015,0.8985,104.3
Liver,jrc_mus-liver-8,crop1074,Rapid HPF,9,5494,2812928.0,1167,0.00943383,0.01010112,0.00588841,-0.0141631,-0.00563042,0.0274,0.9726,106.0
Liver,jrc_mus-liver-8,crop1074,Rapid HPF,11,906517,464136704.0,66269,0.0059496,0.00712362,0.00816235,-0.00973586,0.00110364,0.3084,0.6916,168.1
Liver,jrc_mus-liver-8,crop1074,Rapid HPF,12,6925,3545600.0,1579,0.00993308,0.01044322,0.00476425,-0.01318177,-0.00742058,0.0266,0.9734,100.7
Liver,jrc_mus-liver-8,crop1074,Rapid HPF,15,10912,5586944.0,2433,0.00959972,0.01004944,0.00604468,-0.01281485,-0.00652149,0.0662,0.9338,104.2
Liver,jrc_mus-liver-8,crop1074,Rapid HPF,25,7490,3834880.0,1714,0.00994998,0.01030945,0.00409466,-0.01238508,-0.00751477,0.0,1.0,100.5
Liver,jrc_mus-liver-8,crop1074,Rapid HPF,26,6505,3330560.0,1513,0.01017142,0.01055386,0.00493074,-0.01281589,-0.00751416,0.0066,0.9934,98.3
Liver,jrc_mus-liver-8,crop1074,Rapid HPF,27,8742,4475904.0,1992,0.01038929,0.01087843,0.00539299,-0.01341654,-0.00735921,0.0025,0.9975,96.3
Liver,jrc_mus-liver-8,crop1074,Rapid HPF,28,6820,3491840.0,1418,0.0086676,0.00913307,0.00469153,-0.01169278,-0.00609118,0.0155,0.9845,115.4
Liver,jrc_mus-liver-8,crop1074,Rapid HPF,31,5596,2865152.0,1158,0.00905578,0.00964379,0.00539372,-0.01248387,-0.0059732,0.0371,0.9629,110.4
Liver,jrc_mus-liver-8,crop1074,Rapid HPF,38,6713,3437056.0,1605,0.00976888,0.01040434,0.0045442,-0.0119247,-0.00774268,0.0069,0.9931,102.4
Liver,jrc_mus-liver-8,crop1074,Rapid HPF,39,5751,2944512.0,1496,0.01123947,0.01200931,0.00524897,-0.01351359,-0.00924796,0.0167,0.9833,89.0
Liver,jrc_mus-liver-8,crop1074,Rapid HPF,40,6291,3220992.0,1327,0.00923225,0.00953006,0.00515019,-0.01336983,-0.00537606,0.0241,0.9759,108.3
Liver,jrc_mus-liver-8,crop1075,Rapid HPF,1,19219360,9840312320.0,133177,0.004278,0.00651046,0.00868363,-0.00770618,0.00233137,0.4196,0.5804,233.8
Liver,jrc_mus-liver-8,crop1075,Rapid HPF,2,6397832,3275689984.0,125270,0.00406914,0.00628972,0.00840468,-0.00707628,0.00213793,0.4057,0.5943,245.8
Liver,jrc_mus-liver-8,crop1075,Rapid HPF,15,5423,2776576.0,1443,0.01180674,0.01347581,0.00590646,-0.01519854,-0.00968468,0.0,1.0,84.7
Liver,jrc_mus-liver-8,crop1075,Rapid HPF,16,9574,4901888.0,2179,0.00950058,0.00990827,0.00585039,-0.01232593,-0.00668318,0.0716,0.9284,105.3
Liver,jrc_mus-liver-8,crop1075,Rapid HPF,19,5285,2705920.0,1219,0.0103402,0.01106012,0.00453537,-0.0133073,-0.00839786,0.0172,0.9828,96.7
Liver,jrc_mus-liver-8,crop1075,Rapid HPF,21,6572,3364864.0,1718,0.01168543,0.01253366,0.0057481,-0.01454149,-0.00944394,0.0076,0.9924,85.6
Liver,jrc_mus-liver-8,crop1075,Rapid HPF,30,5466,2798592.0,1445,0.01234133,0.01255111,0.00645534,-0.01648038,-0.00801807,0.0235,0.9765,81.0
Liver,jrc_mus-liver-8,crop1075,Rapid HPF,42,5443,2786816.0,1583,0.01280904,0.01393282,0.00577105,-0.01698901,-0.00993022,0.0006,0.9994,78.1
Liver,jrc_mus-liver-8,crop1075,Rapid HPF,43,6122,3134464.0,1518,0.01097127,0.0116091,0.00645601,-0.01522437,-0.00692808,0.0178,0.9822,91.1
Liver,jrc_mus-liver-8,crop1075,Rapid HPF,44,5081,2601472.0,1453,0.01255807,0.01335964,0.00580663,-0.01640022,-0.00963582,0.0048,0.9952,79.6
Liver,jrc_mus-liver-8,crop1075,Rapid HPF,47,13382,6851584.0,3085,0.00950341,0.01007023,0.00534848,-0.01253116,-0.00656003,0.0162,0.9838,105.2
Liver,jrc_mus-liver-8,crop1075,Rapid HPF,48,5073,2597376.0,1150,0.00990531,0.01040669,0.00434937,-0.01271211,-0.0073749,0.0,1.0,101.0
Cortex,jrc_mus-cortex-2,crop1116,Rapid HPF,1,66176,33882112.0,5046,0.00409637,0.00485214,0.00550108,-0.00646428,0.00074262,0.3062,0.6938,244.1
Cortex,jrc_mus-cortex-2,crop1116,Rapid HPF,2,16142,8264704.0,3765,0.00354535,0.00583532,0.00766327,-0.00601048,0.00072519,0.3009,0.6991,282.1
Cortex,jrc_mus-cortex-2,crop1116,Rapid HPF,3,46720,23920640.0,7060,0.00405787,0.00665667,0.0104196,-0.00599429,0.00161227,0.3601,0.6399,246.4
Cortex,jrc_mus-cortex-2,crop1116,Rapid HPF,4,25298,12952576.0,4075,0.00504194,0.0056698,0.00565612,-0.00798879,-0.0005101,0.216,0.784,198.3
Cortex,jrc_mus-cortex-2,crop1116,Rapid HPF,5,149690,76641280.0,15593,0.00326597,0.00424948,0.00562293,-0.00409942,0.00231271,0.4198,0.5802,306.2
Cortex,jrc_mus-cortex-2,crop1116,Rapid HPF,6,1362366,697531392.0,223311,0.00181707,0.00223642,0.00289785,-0.00180507,0.00182851,0.502,0.4979,550.3
Cortex,jrc_mus-cortex-2,crop1116,Rapid HPF,7,611887,313286144.0,196168,0.00290807,0.02923667,0.21886772,-0.00607823,0.00071511,0.3202,0.6798,343.9
Cortex,jrc_mus-cortex-2,crop1116,Rapid HPF,8,3314331,1696937472.0,92480,0.00195855,0.00258189,0.00318294,-0.00302337,0.0006619,0.334,0.666,510.6
Cortex,jrc_mus-cortex-2,crop1116,Rapid HPF,9,37836,19372032.0,3228,0.00362754,0.00408913,0.0032169,-0.00584756,-0.00154091,0.1118,0.8882,275.7
Cortex,jrc_mus-cortex-2,crop1116,Rapid HPF,10,19187,9823744.0,2031,0.00429605,0.00519292,0.00421214,-0.00758607,-0.00211138,0.1201,0.8799,232.8
Cortex,jrc_mus-cortex-2,crop1116,Rapid HPF,11,12738,6521856.0,1409,0.00419356,0.00481569,0.00438327,-0.00631224,-0.00162666,0.1377,0.8623,238.5
Cortex,jrc_mus-cortex-2,crop1116,Rapid HPF,12,117742,60283904.0,10907,0.00466576,0.00549686,0.00656359,-0.00678013,0.00258341,0.4012,0.5988,214.3
Cortex,jrc_mus-cortex-2,crop1116,Rapid HPF,13,44350,22707200.0,6694,0.00750694,0.00871612,0.00660794,-0.01235249,-0.00378762,0.0871,0.9129,133.2
Cortex,jrc_mus-cortex-2,crop1116,Rapid HPF,14,14461,7404032.0,2684,0.0055846,0.00587707,0.00673689,-0.00568525,0.00520163,0.3495,0.6505,179.1
Cortex,jrc_mus-cortex-2,crop1116,Rapid HPF,15,90960,46571520.0,8382,0.00430325,0.00472764,0.00341256,-0.00613063,-0.00260838,0.0552,0.9448,232.4
Cortex,jrc_mus-cortex-2,crop1116,Rapid HPF,16,172332,88233984.0,14838,0.00413248,0.00531545,0.00528582,-0.0068729,-0.00147094,0.1282,0.8718,242.0
Cortex,jrc_mus-cortex-2,crop1116,Rapid HPF,17,114820,58787840.0,17970,0.00664098,0.00810152,0.00690137,-0.01099408,-0.00323242,0.072,0.928,150.6
Cortex,jrc_mus-cortex-2,crop1116,Rapid HPF,19,1989499,1018623488.0,95171,0.00205006,0.00249394,0.00268483,-0.00334954,-7.02e-06,0.249,0.751,487.8
Cortex,jrc_mus-cortex-2,crop1116,Rapid HPF,20,236968,121327616.0,26854,0.00535144,0.0065712,0.00584733,-0.0091698,-0.00214135,0.1183,0.8817,186.9
Cortex,jrc_mus-cortex-2,crop1116,Rapid HPF,21,94324,48293888.0,10571,0.0051132,0.00730261,0.00771691,-0.00882577,-0.00246407,0.0793,0.9207,195.6
Cortex,jrc_mus-cortex-2,crop1116,Rapid HPF,24,98846,50609152.0,12779,0.00597008,0.00760049,0.00649072,-0.01058032,-0.00272891,0.0898,0.9102,167.5
Cortex,jrc_mus-cortex-2,crop1116,Rapid HPF,25,82205,42088960.0,6810,0.0036284,0.00516853,0.00770068,-0.0062532,-0.00045406,0.217,0.783,275.6
Cortex,jrc_mus-cortex-2,crop1116,Rapid HPF,26,137869,70588928.0,19545,0.00661445,0.00840301,0.00662426,-0.01101516,-0.00374632,0.053,0.947,151.2
Cortex,jrc_mus-cortex-2,crop1116,Rapid HPF,27,95614,48954368.0,12680,0.00687684,0.00980741,0.0112657,-0.01271868,-0.00304676,0.0925,0.9075,145.4
Cortex,jrc_mus-cortex-2,crop1116,Rapid HPF,29,315549,161561088.0,38310,0.00121665,0.0020609,0.00323849,-0.00142567,0.00105585,0.4911,0.5089,821.9
Cortex,jrc_mus-cortex-2,crop1116,Rapid HPF,30,529024,270860288.0,47246,0.00388094,0.0049887,0.00510525,-0.00699794,-0.00051409,0.2106,0.7894,257.7
Cortex,jrc_mus-cortex-2,crop1116,Rapid HPF,31,558440,285921280.0,58391,0.00325698,0.00534995,0.00769306,-0.00582259,0.000848,0.316,0.684,307.0
Cortex,jrc_mus-cortex-2,crop1116,Rapid HPF,32,398949,204261888.0,35017,0.00430878,0.0053597,0.00469733,-0.00740159,-0.00182148,0.1132,0.8868,232.1
Cortex,jrc_mus-cortex-2,crop1116,Rapid HPF,34,244021,124938752.0,22678,0.00430574,0.00500437,0.00452738,-0.00709211,-0.00118937,0.1716,0.8284,232.2
Cortex,jrc_mus-cortex-2,crop1116,Rapid HPF,35,522705,267624960.0,78808,0.00367598,0.00405328,0.004838,-0.00368852,0.00364209,0.4015,0.5985,272.0
Cortex,jrc_mus-cortex-2,crop1116,Rapid HPF,37,70990,36346880.0,22328,0.00133512,0.00275871,0.01286258,-0.00161128,0.00095177,0.4131,0.5869,749.0
Cortex,jrc_mus-cortex-2,crop1116,Rapid HPF,38,169861,86968832.0,22370,0.00637364,0.00730181,0.00565716,-0.00996735,-0.00312025,0.0755,0.9245,156.9
Cortex,jrc_mus-cortex-2,crop1116,Rapid HPF,39,81908,41936896.0,8673,0.00153126,0.00295412,0.00420916,-0.00289907,6.425e-05,0.2617,0.7383,653.1
Cortex,jrc_mus-cortex-2,crop1116,Rapid HPF,40,507477,259828224.0,31864,0.0037558,0.00513444,0.00578405,-0.00630041,-0.00056283,0.2092,0.7908,266.3
Cortex,jrc_mus-cortex-2,crop1116,Rapid HPF,41,149584,76587008.0,20274,0.0069419,0.00926447,0.00840588,-0.01233418,-0.00355005,0.0687,0.9313,144.1
Cortex,jrc_mus-cortex-2,crop1116,Rapid HPF,42,288613,147769856.0,28753,0.00461122,0.00658008,0.0071938,-0.00821074,-0.00138085,0.1472,0.8528,216.9
Cortex,jrc_mus-cortex-2,crop1116,Rapid HPF,43,132374,67775488.0,13014,0.00444384,0.00515757,0.00442696,-0.00705791,-0.00172367,0.1322,0.8678,225.0
Cortex,jrc_mus-cortex-2,crop1116,Rapid HPF,44,135273,69259776.0,21442,0.00686008,0.00719369,0.00385119,-0.00978067,-0.00431966,0.0202,0.9798,145.8
Cortex,jrc_mus-cortex-2,crop1116,Rapid HPF,45,212950,109030400.0,21479,0.00499153,0.00628943,0.00602344,-0.00841909,-0.00175222,0.1419,0.8581,200.3
Cortex,jrc_mus-cortex-2,crop1116,Rapid HPF,47,101401,51917312.0,10247,0.00472331,0.00655193,0.00646341,-0.00813211,-0.00217599,0.1154,0.8846,211.7
Cortex,jrc_mus-cortex-2,crop1116,Rapid HPF,48,292147,149579264.0,26170,0.00459951,0.00736027,0.00801788,-0.00937769,-0.00160074,0.133,0.867,217.4
Cortex,jrc_mus-cortex-2,crop1116,Rapid HPF,49,217825,111526400.0,20120,0.0053741,0.0077986,0.00761309,-0.0115031,-0.00211226,0.1187,0.8813,186.1
Cortex,jrc_mus-cortex-2,crop1116,Rapid HPF,50,593366,303803392.0,45251,0.00410337,0.00494317,0.00499807,-0.00678071,-0.0005041,0.2145,0.7855,243.7
Cortex,jrc_mus-cortex-2,crop1116,Rapid HPF,51,98095,50224640.0,10910,0.00644452,0.00703969,0.00547118,-0.01053778,-0.00242588,0.1234,0.8766,155.2
Cortex,jrc_mus-cortex-2,crop1116,Rapid HPF,52,258899,132556288.0,25191,0.00491733,0.00688719,0.0074499,-0.00842606,-0.00191934,0.1412,0.8588,203.4
Cortex,jrc_mus-cortex-2,crop1116,Rapid HPF,53,48337,24748544.0,6185,0.00624871,0.00714419,0.00592677,-0.00943794,-0.00294639,0.0868,0.9132,160.0
Cortex,jrc_mus-cortex-2,crop1116,Rapid HPF,54,1524797,780696064.0,83116,0.0027453,0.00340354,0.00396741,-0.00438131,0.00071943,0.3196,0.6804,364.3
Cortex,jrc_mus-cortex-2,crop1116,Rapid HPF,55,134362,68793344.0,19532,0.00664269,0.00807407,0.00695866,-0.01081941,-0.00315226,0.0933,0.9067,150.5
Cortex,jrc_mus-cortex-2,crop1116,Rapid HPF,56,554225,283763200.0,54429,0.00349742,0.00490411,0.00588114,-0.00620754,0.00032805,0.2765,0.7235,285.9
Cortex,jrc_mus-cortex-2,crop1116,Rapid HPF,57,217553,111387136.0,24311,0.00575119,0.00703474,0.00619485,-0.00975813,-0.00221445,0.123,0.877,173.9
Cortex,jrc_mus-cortex-2,crop1116,Rapid HPF,58,362295,185495040.0,30563,0.00368527,0.00463845,0.00449504,-0.00645823,-0.00099771,0.1655,0.8345,271.4
Cortex,jrc_mus-cortex-2,crop1116,Rapid HPF,59,146766,75144192.0,29914,0.00403237,0.00694319,0.00833387,-0.00906033,-0.00040215,0.217,0.783,248.0
Cortex,jrc_mus-cortex-2,crop1116,Rapid HPF,60,1874875,959936000.0,84327,0.00327177,0.00399032,0.0048139,-0.0048617,0.00137182,0.3543,0.6457,305.6
Cortex,jrc_mus-cortex-2,crop1116,Rapid HPF,61,798335,408747520.0,46236,0.00259224,0.00332013,0.0034633,-0.00461418,-0.0002871,0.2179,0.7821,385.8
Cortex,jrc_mus-cortex-2,crop1116,Rapid HPF,62,1570535,804113920.0,235073,0.00186733,0.00228444,0.00293691,-0.0018122,0.00191756,0.5063,0.4937,535.5
Cortex,jrc_mus-cortex-2,crop1116,Rapid HPF,63,613416,314068992.0,43064,0.00371674,0.00453488,0.00454495,-0.00616434,-0.00064911,0.2007,0.7993,269.1
Cortex,jrc_mus-cortex-2,crop1116,Rapid HPF,64,897011,459269632.0,126576,0.00237526,0.00283199,0.0035982,-0.00248129,0.00223938,0.4649,0.5351,421.0
Cortex,jrc_mus-cortex-2,crop1116,Rapid HPF,65,195374,100031488.0,89394,0.00772476,0.05487987,0.1775737,-0.02551873,-0.00153134,0.1793,0.8204,129.5
Cortex,jrc_mus-cortex-2,crop1116,Rapid HPF,66,2545143,1303113216.0,98787,0.00206277,0.00256442,0.00298184,-0.003228,0.00029053,0.2865,0.7135,484.8
Cortex,jrc_mus-cortex-2,crop1116,Rapid HPF,67,272181,139356672.0,63582,0.00244595,0.00497146,0.0088988,-0.00390004,0.00117706,0.3769,0.6231,408.8
Cortex,jrc_mus-cortex-2,crop1116,Rapid HPF,68,182496,93437952.0,24794,0.00632526,0.00688418,0.00524422,-0.0097573,-0.00283103,0.1255,0.8745,158.1
Cortex,jrc_mus-cortex-2,crop1116,Rapid HPF,69,58955,30184960.0,7825,0.00643904,0.00924893,0.00881536,-0.01060211,-0.00326038,0.0593,0.9407,155.3
Cortex,jrc_mus-cortex-2,crop1116,Rapid HPF,70,140596,71985152.0,15968,0.00525876,0.00618977,0.00501782,-0.00924292,-0.00209005,0.1108,0.8892,190.2
Cortex,jrc_mus-cortex-2,crop1116,Rapid HPF,71,631902,323533824.0,38509,0.00376566,0.00485831,0.0053152,-0.00630684,-0.00032023,0.227,0.773,265.6
Cortex,jrc_mus-cortex-2,crop1116,Rapid HPF,72,278528,142606336.0,31691,0.00491948,0.00579948,0.00511962,-0.00826672,-0.00151953,0.1562,0.8438,203.3
Cortex,jrc_mus-cortex-2,crop1116,Rapid HPF,73,47985,24568320.0,9571,0.00431621,0.00650171,0.00728726,-0.00893285,-0.00017246,0.2349,0.7651,231.7
Cortex,jrc_mus-cortex-2,crop1116,Rapid HPF,74,523865,268218880.0,39500,0.00399165,0.00573083,0.00658045,-0.00756827,-0.00030675,0.2255,0.7745,250.5
Cortex,jrc_mus-cortex-2,crop1116,Rapid HPF,75,534649,273740288.0,35403,0.00342705,0.00583007,0.0083273,-0.00641151,-0.00088263,0.1694,0.8306,291.8
Cortex,jrc_mus-cortex-2,crop1116,Rapid HPF,76,461158,236112896.0,37299,0.00389616,0.00474558,0.00410395,-0.00673335,-0.00157142,0.1191,0.8809,256.7
Cortex,jrc_mus-cortex-2,crop1116,Rapid HPF,77,232785,119185920.0,19284,0.00350473,0.00435803,0.00387431,-0.00587801,-0.00150907,0.104,0.896,285.3
Cortex,jrc_mus-cortex-2,crop1116,Rapid HPF,78,48459,24811008.0,4210,0.0037178,0.00434389,0.00428547,-0.00590195,-0.0006095,0.1986,0.8014,269.0
Cortex,jrc_mus-cortex-2,crop1116,Rapid HPF,79,51708,26474496.0,5662,0.00466117,0.00518045,0.0042094,-0.00695689,-0.0023727,0.0957,0.9043,214.5
Cortex,jrc_mus-cortex-2,crop1116,Rapid HPF,81,18979,9717248.0,4048,0.00933629,0.00903005,0.00471953,-0.01238986,-0.00539962,0.0296,0.9704,107.1
Cortex,jrc_mus-cortex-2,crop1116,Rapid HPF,82,23124,11839488.0,3787,0.00795332,0.01066804,0.00970045,-0.01558116,-0.00377205,0.0647,0.9353,125.7
Cortex,jrc_mus-cortex-2,crop1116,Rapid HPF,83,89629,45890048.0,18867,0.00530651,0.00741189,0.00724891,-0.01162113,-0.00089957,0.1908,0.8092,188.4
Cortex,jrc_mus-cortex-2,crop1116,Rapid HPF,84,274922,140760064.0,98123,0.00233897,0.00333159,0.00616836,-0.00266712,0.00200153,0.4657,0.5343,427.5
Cortex,jrc_mus-cortex-2,crop1116,Rapid HPF,85,25103,12852736.0,6354,0.00590699,0.01051172,0.01467964,-0.01381803,-0.00130668,0.1753,0.8247,169.3
Cortex,jrc_mus-cortex-2,crop1116,Rapid HPF,86,58018,29705216.0,10778,0.00314684,0.00536459,0.00678035,-0.00693267,0.00065836,0.3123,0.6877,317.8
Cortex,jrc_mus-cortex-2,crop1116,Rapid HPF,88,315609,161591808.0,11255,0.00217152,0.00322793,0.00435659,-0.00342531,0.00090982,0.3682,0.6318,460.5
Cortex,jrc_mus-cortex-2,crop1116,Rapid HPF,89,560465,286958080.0,35649,0.00256405,0.00315614,0.00350633,-0.00407823,-3.644e-05,0.247,0.753,390.0
Cortex,jrc_mus-cortex-2,crop1116,Rapid HPF,90,367868,188348416.0,86360,0.00206512,0.00260277,0.00343274,-0.0020639,0.00206612,0.5022,0.4978,484.2
Cortex,jrc_mus-cortex-2,crop1116,Rapid HPF,91,28294,14486528.0,9801,0.00746968,0.01040609,0.01001788,-0.01722023,-0.00159363,0.1623,0.8377,133.9
Cortex,jrc_mus-cortex-2,crop1116,Rapid HPF,92,226436,115935232.0,12310,0.00320119,0.00355513,0.00365015,-0.00473385,-3.158e-05,0.2473,0.7527,312.4
Cortex,jrc_mus-cortex-2,crop1116,Rapid HPF,93,159170,81495040.0,69190,0.00277205,0.0049775,0.01548787,-0.00410654,0.00134927,0.3775,0.6225,360.7
Cortex,jrc_mus-cortex-2,crop1116,Rapid HPF,94,180711,92524032.0,22176,0.00583642,0.00740905,0.00643324,-0.01001332,-0.00267765,0.0913,0.9087,171.3
Cortex,jrc_mus-cortex-2,crop1116,Rapid HPF,95,564468,289007616.0,30223,0.00241019,0.00312685,0.00322866,-0.00404528,-0.00079921,0.1441,0.8559,414.9
Cortex,jrc_mus-cortex-2,crop1116,Rapid HPF,96,47959,24555008.0,11551,0.00266216,0.00693575,0.01564899,-0.00460749,0.00100058,0.361,0.639,375.6
Cortex,jrc_mus-cortex-2,crop1116,Rapid HPF,97,76970,39408640.0,17707,0.00238259,0.00285095,0.00366346,-0.00254719,0.00220391,0.4659,0.5341,419.7
Cortex,jrc_mus-cortex-2,crop1116,Rapid HPF,98,208484,106743808.0,20687,0.00464658,0.00496268,0.0043527,-0.0069513,-0.00130784,0.1734,0.8266,215.2
Cortex,jrc_mus-cortex-2,crop1116,Rapid HPF,99,79420,40663040.0,11741,0.00598504,0.00763752,0.00723924,-0.01090228,-0.00163198,0.1475,0.8525,167.1
Cortex,jrc_mus-cortex-2,crop1116,Rapid HPF,100,24596,12593152.0,12351,0.00340582,0.00639813,0.0216182,-0.0049798,0.00147152,0.3621,0.6379,293.6
Cortex,jrc_mus-cortex-2,crop1116,Rapid HPF,101,103151,52813312.0,16216,0.0066983,0.00799588,0.00677704,-0.01146191,-0.00267287,0.11,0.89,149.3
Cortex,jrc_mus-cortex-2,crop1116,Rapid HPF,102,56281,28815872.0,9282,0.00200455,0.00353111,0.00446901,-0.00417205,-5.471e-05,0.2409,0.7591,498.9
Cortex,jrc_mus-cortex-2,crop1116,Rapid HPF,104,133998,68606976.0,20210,0.00672373,0.00878491,0.00748722,-0.01146248,-0.00364235,0.0684,0.9316,148.7
Cortex,jrc_mus-cortex-2,crop1116,Rapid HPF,105,335101,171571712.0,19790,0.00317477,0.00384477,0.00457651,-0.00491511,-0.00015526,0.2379,0.7621,315.0
Cortex,jrc_mus-cortex-2,crop1116,Rapid HPF,106,74853,38324736.0,20097,0.00191256,0.00273658,0.00388721,-0.00214675,0.00165805,0.4643,0.5357,522.9
Cortex,jrc_mus-cortex-2,crop1116,Rapid HPF,107,131338,67245056.0,11044,0.00390226,0.00456238,0.00440946,-0.00603672,-0.00113152,0.1751,0.8249,256.3
Cortex,jrc_mus-cortex-2,crop1116,Rapid HPF,108,52609,26935808.0,5070,0.0033788,0.00383644,0.00342799,-0.00490001,-0.00154048,0.1073,0.8927,296.0
Cortex,jrc_mus-cortex-2,crop1116,Rapid HPF,109,73817,37794304.0,8463,0.00446752,0.00590474,0.00666507,-0.00835692,0.00113001,0.3206,0.6794,223.8
Cortex,jrc_mus-cortex-2,crop1116,Rapid HPF,110,144513,73990656.0,14868,0.00560008,0.00707582,0.00668962,-0.00978303,-0.00208101,0.1359,0.8641,178.6
Cortex,jrc_mus-cortex-2,crop1116,Rapid HPF,111,52551,26906112.0,9671,0.00354792,0.01627159,0.36171684,-0.008355,-0.0001539,0.2347,0.7653,281.9
Cortex,jrc_mus-cortex-2,crop1116,Rapid HPF,112,28851,14771712.0,5255,0.00730711,0.00811252,0.0070136,-0.0117698,-0.00181322,0.1692,0.8308,136.9
Cortex,jrc_mus-cortex-2,crop1116,Rapid HPF,114,172235,88184320.0,11035,0.00325999,0.00364075,0.00343925,-0.00512299,-0.00051986,0.2063,0.7937,306.7
Cortex,jrc_mus-cortex-2,crop1116,Rapid HPF,115,12216,6254592.0,3224,0.01209533,0.01177627,0.00586192,-0.01566911,-0.00833764,0.0341,0.9659,82.7
Cortex,jrc_mus-cortex-2,crop1116,Rapid HPF,116,21986,11256832.0,2805,0.00613569,0.00703257,0.00731368,-0.00886139,-0.00268454,0.1219,0.8781,163.0
Cortex,jrc_mus-cortex-2,crop1116,Rapid HPF,117,169390,86727680.0,13358,0.00341428,0.00473311,0.00579888,-0.00591941,0.00014437,0.261,0.739,292.9
Cortex,jrc_mus-cortex-2,crop1116,Rapid HPF,118,5698,2917376.0,1057,0.00981522,0.00916555,0.00460427,-0.01273273,-0.00536767,0.0189,0.9811,101.9
Cortex,jrc_mus-cortex-2,crop1116,Rapid HPF,119,14123,7230976.0,4016,0.01256917,0.01324994,0.00879226,-0.01796476,-0.00747854,0.0735,0.9265,79.6
Cortex,jrc_mus-cortex-2,crop1116,Rapid HPF,120,17720,9072640.0,4070,0.00622,0.00900744,0.00989541,-0.01131399,-0.00096262,0.2167,0.7833,160.8
Cortex,jrc_mus-cortex-2,crop1116,Rapid HPF,121,8873,4542976.0,1568,0.00590381,0.00662087,0.00387332,-0.00914257,-0.00367987,0.0064,0.9936,169.4
Cortex,jrc_mus-cortex-2,crop1116,Rapid HPF,122,518592,265519104.0,22008,0.0022708,0.00276436,0.00292093,-0.0037349,-0.00013014,0.2238,0.7729,440.4
Cortex,jrc_mus-cortex-2,crop1116,Rapid HPF,123,270728,138612736.0,48385,0.00439242,0.00675275,0.01014674,-0.0093725,0.00144333,0.3581,0.6419,227.7
Cortex,jrc_mus-cortex-2,crop1116,Rapid HPF,125,72254,36994048.0,12770,0.00819011,0.00908246,0.00582519,-0.01259645,-0.00486774,0.0384,0.9616,122.1
Cortex,jrc_mus-cortex-2,crop1116,Rapid HPF,126,43840,22446080.0,6693,0.0069701,0.0098013,0.01179009,-0.01059054,-0.00389397,0.0759,0.9241,143.5
Cortex,jrc_mus-cortex-2,crop1116,Rapid HPF,127,686914,351699968.0,32443,0.00256144,0.00382964,0.00510337,-0.00448788,0.00058909,0.3126,0.6874,390.4
Cortex,jrc_mus-cortex-2,crop1116,Rapid HPF,129,309440,158433280.0,19749,0.00309153,0.00393527,0.00408688,-0.00539723,-0.0008479,0.1642,0.8358,323.5
Cortex,jrc_mus-cortex-2,crop1116,Rapid HPF,131,547225,280179200.0,27007,0.00236932,0.0033826,0.00387488,-0.00438054,-0.0002262,0.223,0.777,422.1
Cortex,jrc_mus-cortex-2,crop1116,Rapid HPF,132,17955,9192960.0,4439,0.01122354,0.01179423,0.00703621,-0.01573966,-0.00685458,0.0345,0.9655,89.1
Cortex,jrc_mus-cortex-2,crop1116,Rapid HPF,133,360280,184463360.0,22208,0.00410069,0.00509789,0.00536777,-0.00698923,-0.00035207,0.2259,0.7741,243.9
Cortex,jrc_mus-cortex-2,crop1116,Rapid HPF,134,241638,123718656.0,16811,0.00348622,0.00424321,0.00449815,-0.005641,-0.00024991,0.2298,0.7702,286.8
Cortex,jrc_mus-cortex-2,crop1116,Rapid HPF,135,332954,170472448.0,24426,0.00359831,0.0044796,0.00448698,-0.00637553,-0.00048274,0.2101,0.7899,277.9
Cortex,jrc_mus-cortex-2,crop1116,Rapid HPF,136,837775,428940800.0,132788,0.00280933,0.00442358,0.00781683,-0.00424917,0.001593,0.4043,0.5957,356.0
Cortex,jrc_mus-cortex-2,crop1116,Rapid HPF,137,303288,155283456.0,27302,0.00415683,0.00472038,0.00370279,-0.00657255,-0.00195367,0.1008,0.8992,240.6
Cortex,jrc_mus-cortex-2,crop1116,Rapid HPF,139,35627,18241024.0,8261,0.00461653,0.00750883,0.00853205,-0.01024788,-0.00078817,0.1915,0.8085,216.6
Cortex,jrc_mus-cortex-2,crop1116,Rapid HPF,140,88527,45325824.0,18644,0.00310204,0.00571954,0.00753954,-0.00675724,0.00038188,0.2831,0.7169,322.4
Cortex,jrc_mus-cortex-2,crop1116,Rapid HPF,141,48845,25008640.0,7445,0.00714732,0.00802938,0.00622127,-0.01112365,-0.00340725,0.101,0.899,139.9
Cortex,jrc_mus-cortex-2,crop1116,Rapid HPF,142,53340,27310080.0,13666,0.00864898,0.01171743,0.01061825,-0.01698418,-0.00380116,0.0855,0.9145,115.6
Cortex,jrc_mus-cortex-2,crop1116,Rapid HPF,143,30266,15496192.0,7972,0.00405561,0.00743091,0.01021279,-0.00827686,0.00012226,0.2569,0.7431,246.6
Cortex,jrc_mus-cortex-2,crop1116,Rapid HPF,144,7240,3706880.0,1338,0.00712772,0.00727477,0.00443229,-0.01077742,-0.00374043,0.0448,0.9552,140.3
Cortex,jrc_mus-cortex-2,crop1116,Rapid HPF,145,89450,45798400.0,14379,0.00714211,0.00861935,0.00690995,-0.01137158,-0.00404433,0.0552,0.9448,140.0
Cortex,jrc_mus-cortex-2,crop1116,Rapid HPF,146,147052,75290624.0,16691,0.00489398,0.00610089,0.00671159,-0.00831148,0.00086361,0.3022,0.6978,204.3
Cortex,jrc_mus-cortex-2,crop1116,Rapid HPF,147,169695,86883840.0,20521,0.00574609,0.0068766,0.00546052,-0.0092725,-0.002914,0.0792,0.9208,174.0
Cortex,jrc_mus-cortex-2,crop1116,Rapid HPF,148,104594,53552128.0,16181,0.00769141,0.00885152,0.00687509,-0.0118732,-0.00423757,0.0691,0.9309,130.0
Cortex,jrc_mus-cortex-2,crop1116,Rapid HPF,150,6091,3118592.0,1740,0.00501902,0.00677123,0.00583583,-0.01158651,-0.00155796,0.1029,0.8971,199.2
Cortex,jrc_mus-cortex-2,crop1116,Rapid HPF,151,16445,8419840.0,2808,0.00869692,0.00856844,0.00570231,-0.01233215,-0.00423912,0.0969,0.9031,115.0
Cortex,jrc_mus-cortex-2,crop1116,Rapid HPF,152,206547,105752064.0,16705,0.00394689,0.00480204,0.00506226,-0.00663882,-0.00034192,0.224,0.776,253.4
Cortex,jrc_mus-cortex-2,crop1116,Rapid HPF,153,46315,23713280.0,12284,0.00823377,0.01041729,0.00914409,-0.01500349,-0.00375457,0.1131,0.8869,121.5
Cortex,jrc_mus-cortex-2,crop1116,Rapid HPF,154,239253,122497536.0,22671,0.00421232,0.00523046,0.00560396,-0.00722952,0.00030758,0.2696,0.7304,237.4
Cortex,jrc_mus-cortex-2,crop1116,Rapid HPF,156,85715,43886080.0,9751,0.0054415,0.00867066,0.01020642,-0.00916301,-0.00292769,0.0609,0.9391,183.8
Cortex,jrc_mus-cortex-2,crop1116,Rapid HPF,158,23519,12041728.0,4295,0.00843042,0.00976933,0.00892195,-0.01443883,-0.00131032,0.2037,0.7963,118.6
Cortex,jrc_mus-cortex-2,crop1116,Rapid HPF,159,246122,126014464.0,20046,0.00216709,0.00371486,0.00617271,-0.00324159,0.00070625,0.3375,0.6625,461.4
Cortex,jrc_mus-cortex-2,crop1116,Rapid HPF,160,290460,148715520.0,53160,0.00319257,0.0040836,0.00531243,-0.0036629,0.00233137,0.4103,0.5897,313.2
Cortex,jrc_mus-cortex-2,crop1116,Rapid HPF,162,256593,131375616.0,26671,0.00394752,0.00562686,0.00758102,-0.00699674,-0.00038512,0.223,0.777,253.3
Cortex,jrc_mus-cortex-2,crop1116,Rapid HPF,163,456873,233918976.0,27870,0.00282329,0.00419541,0.0055924,-0.00499956,0.00024276,0.274,0.726,354.2
Cortex,jrc_mus-cortex-2,crop1116,Rapid HPF,164,5188,2656256.0,1117,0.01014481,0.01028534,0.00641691,-0.01320609,-0.00603701,0.0636,0.9364,98.6
Cortex,jrc_mus-cortex-2,crop1116,Rapid HPF,165,126264,64647168.0,58878,0.00326511,0.01587332,0.0835292,-0.00578337,0.00093015,0.3265,0.6735,306.3
Cortex,jrc_mus-cortex-2,crop1116,Rapid HPF,166,52208,26730496.0,27745,0.00688679,0.0237836,0.0653929,-0.01495995,0.00046617,0.2719,0.7281,145.2
Cortex,jrc_mus-cortex-2,crop1116,Rapid HPF,167,66825,34214400.0,9122,0.00645767,0.01126706,0.01051647,-0.02091314,-0.00283194,0.0439,0.9561,154.9
Cortex,jrc_mus-cortex-2,crop1116,Rapid HPF,168,115298,59032576.0,13879,0.00596764,0.00804788,0.00732483,-0.01105499,-0.00275894,0.0821,0.9179,167.6
Cortex,jrc_mus-cortex-2,crop1116,Rapid HPF,169,350836,179628032.0,37296,0.0021358,0.00324124,0.00803167,-0.00287845,0.00112586,0.3765,0.6235,468.2
Cortex,jrc_mus-cortex-2,crop1116,Rapid HPF,171,363110,185912320.0,65061,0.00170506,0.00218314,0.00290289,-0.00181316,0.00159723,0.4801,0.5195,586.5
Cortex,jrc_mus-cortex-2,crop1116,Rapid HPF,172,110910,56785920.0,12365,0.00515483,0.00635869,0.00626856,-0.00826513,-0.00267571,0.0717,0.9283,194.0
Cortex,jrc_mus-cortex-2,crop1116,Rapid HPF,173,139177,71258624.0,15196,0.00512517,0.0066519,0.00690535,-0.00828501,-0.00254006,0.097,0.903,195.1
Cortex,jrc_mus-cortex-2,crop1116,Rapid HPF,174,44115,22586880.0,8213,0.00998316,0.01214502,0.0094004,-0.01808738,-0.00515933,0.0403,0.9597,100.2
Cortex,jrc_mus-cortex-2,crop1116,Rapid HPF,175,481349,246450688.0,45441,0.00223205,0.00390351,0.00556631,-0.00422478,0.00029349,0.2855,0.7145,448.0
Cortex,jrc_mus-cortex-2,crop1116,Rapid HPF,176,332154,170062848.0,126023,0.00192657,0.00359906,0.01125563,-0.00244272,0.00139727,0.4365,0.5635,519.1
Cortex,jrc_mus-cortex-2,crop1116,Rapid HPF,177,37423,19160576.0,6951,0.0088414,0.0095156,0.00688134,-0.01264551,-0.00505111,0.0563,0.9437,113.1
Cortex,jrc_mus-cortex-2,crop1116,Rapid HPF,178,137442,70370304.0,15067,0.00522036,0.0057651,0.0047388,-0.00813628,-0.00191639,0.1471,0.8529,191.6
Cortex,jrc_mus-cortex-2,crop1116,Rapid HPF,179,10953,5607936.0,1395,0.00605642,0.00647478,0.00470664,-0.00938103,-0.00295591,0.1326,0.8674,165.1
Cortex,jrc_mus-cortex-2,crop1116,Rapid HPF,180,290311,148639232.0,49711,0.00208573,0.00330849,0.01677043,-0.00228198,0.00187675,0.469,0.531,479.4
Cortex,jrc_mus-cortex-2,crop1116,Rapid HPF,182,119948,61413376.0,15430,0.00458264,0.00536464,0.00495535,-0.00791505,-0.00103699,0.175,0.825,218.2
Cortex,jrc_mus-cortex-2,crop1116,Rapid HPF,183,6963,3565056.0,1230,0.00552435,0.00649601,0.0053964,-0.00947879,-0.0020348,0.1358,0.8642,181.0
Cortex,jrc_mus-cortex-2,crop1116,Rapid HPF,185,37476,19187712.0,5596,0.00737358,0.00834842,0.00620819,-0.0112922,-0.00364007,0.0722,0.9278,135.6
Cortex,jrc_mus-cortex-2,crop1116,Rapid HPF,186,172340,88238080.0,16213,0.00472057,0.00575915,0.00502914,-0.00814353,-0.00174653,0.1295,0.8705,211.8
Cortex,jrc_mus-cortex-2,crop1116,Rapid HPF,187,119154,61006848.0,13822,0.00538839,0.0065055,0.00494374,-0.00863932,-0.00295441,0.0566,0.9434,185.6
Cortex,jrc_mus-cortex-2,crop1116,Rapid HPF,188,389874,199615488.0,20667,0.00209258,0.00260536,0.00289477,-0.00349088,0.00017183,0.2718,0.7282,477.9
Cortex,jrc_mus-cortex-2,crop1116,Rapid HPF,189,171362,87737344.0,14835,0.00442271,0.00624483,0.0076018,-0.00733716,-0.00122279,0.1707,0.8293,226.1
Cortex,jrc_mus-cortex-2,crop1116,Rapid HPF,190,166632,85315584.0,20725,0.0057196,0.00603325,0.00458643,-0.00857598,-0.00249763,0.1296,0.8704,174.8
Cortex,jrc_mus-cortex-2,crop1116,Rapid HPF,191,142697,73060864.0,21863,0.00267216,0.0045602,0.00759937,-0.00399503,0.0016197,0.4064,0.5936,374.2
Cortex,jrc_mus-cortex-2,crop1116,Rapid HPF,192,50903,26062336.0,8296,0.00854198,0.0093328,0.00678319,-0.01263698,-0.00448116,0.0906,0.9094,117.1
Cortex,jrc_mus-cortex-2,crop1116,Rapid HPF,194,581277,297613824.0,50059,0.00141596,0.00181992,0.0024277,-0.00144519,0.00138298,0.5025,0.4975,706.2
Cortex,jrc_mus-cortex-2,crop1116,Rapid HPF,195,57211,29292032.0,8101,0.00663758,0.00788176,0.00771638,-0.00976601,-0.00385978,0.0522,0.9478,150.7
Cortex,jrc_mus-cortex-2,crop1116,Rapid HPF,196,726155,371791360.0,46630,0.00297836,0.00391701,0.00484643,-0.00471156,0.00136244,0.3698,0.6302,335.8
Cortex,jrc_mus-cortex-2,crop1116,Rapid HPF,198,35289,18067968.0,6986,0.01034632,0.01006124,0.00598929,-0.01380372,-0.00590864,0.0729,0.9271,96.7
Cortex,jrc_mus-cortex-2,crop1116,Rapid HPF,199,99202,50791424.0,13498,0.005739,0.00757569,0.00762591,-0.01002967,-0.00209194,0.1438,0.8562,174.2
Cortex,jrc_mus-cortex-2,crop1116,Rapid HPF,202,26420,13527040.0,4249,0.0076233,0.00945786,0.00727788,-0.01263244,-0.00438331,0.0652,0.9348,131.2
Cortex,jrc_mus-cortex-2,crop1116,Rapid HPF,203,122342,62639104.0,40508,0.00201929,0.00367266,0.01184586,-0.00285728,0.00116664,0.3979,0.6021,495.2
Cortex,jrc_mus-cortex-2,crop1116,Rapid HPF,204,53074,27173888.0,8340,0.00751189,0.00876666,0.0062106,-0.01168135,-0.00434937,0.0536,0.9464,133.1
Cortex,jrc_mus-cortex-2,crop1116,Rapid HPF,205,58913,30163456.0,7539,0.00590403,0.00752115,0.00620472,-0.01000198,-0.00311924,0.0844,0.9156,169.4
Cortex,jrc_mus-cortex-2,crop1116,Rapid HPF,206,815812,417695744.0,19242,0.00146202,0.00188824,0.0022817,-0.00229964,0.00038022,0.3181,0.6819,684.0
Cortex,jrc_mus-cortex-2,crop1116,Rapid HPF,207,692857,354742784.0,23508,0.00246497,0.00305008,0.00364304,-0.00366944,0.00051622,0.3053,0.6938,405.7
Cortex,jrc_mus-cortex-2,crop1116,Rapid HPF,208,48754,24962048.0,6932,0.0066885,0.00793059,0.00594248,-0.01200908,-0.00315778,0.0653,0.9347,149.5
Cortex,jrc_mus-cortex-2,crop1116,Rapid HPF,210,553124,283199488.0,28766,0.00220821,0.00349376,0.0050747,-0.00364503,0.00088525,0.3648,0.6352,452.9
Cortex,jrc_mus-cortex-2,crop1116,Rapid HPF,211,105782,54160384.0,12591,0.00571014,0.00690397,0.00552964,-0.00985156,-0.00271438,0.083,0.917,175.1
Cortex,jrc_mus-cortex-2,crop1116,Rapid HPF,212,40564,20768768.0,3150,0.00381094,0.00416159,0.00316569,-0.00559241,-0.00191957,0.1178,0.8822,262.4
Cortex,jrc_mus-cortex-2,crop1116,Rapid HPF,213,11589,5933568.0,3768,0.01073485,0.01362843,0.01157038,-0.0208841,-0.00455358,0.0573,0.9427,93.2
Cortex,jrc_mus-cortex-2,crop1116,Rapid HPF,214,164758,84356096.0,10123,0.00266959,0.00316402,0.00332225,-0.00418484,-0.00047586,0.1996,0.8004,374.6
Cortex,jrc_mus-cortex-2,crop1116,Rapid HPF,215,75621,38717952.0,9288,0.00486963,0.00526455,0.00403676,-0.00757483,-0.00197506,0.1122,0.8878,205.4
Cortex,jrc_mus-cortex-2,crop1116,Rapid HPF,216,104157,53328384.0,14369,0.00537438,0.00644024,0.00556745,-0.00892629,-0.00208389,0.1135,0.8865,186.1
Cortex,jrc_mus-cortex-2,crop1116,Rapid HPF,217,12161,6226432.0,3015,0.00479697,0.00873901,0.01092488,-0.01118923,-9.951e-05,0.2434,0.7566,208.5
Cortex,jrc_mus-cortex-2,crop1116,Rapid HPF,218,70801,36250112.0,22965,0.00223611,0.00285024,0.0037822,-0.00260874,0.00189503,0.4731,0.5269,447.2
Cortex,jrc_mus-cortex-2,crop1116,Rapid HPF,220,72085,36907520.0,16964,0.00220684,0.00704825,0.04878974,-0.00293927,0.0014466,0.4126,0.5874,453.1
Cortex,jrc_mus-cortex-2,crop1116,Rapid HPF,221,229231,117366272.0,18148,0.00355849,0.00432918,0.00426705,-0.00576353,-0.00107001,0.1526,0.8474,281.0
Cortex,jrc_mus-cortex-2,crop1116,Rapid HPF,222,43934,22494208.0,3394,0.00220983,0.00338153,0.00385252,-0.00508069,0.00023681,0.2823,0.7177,452.5
Cortex,jrc_mus-cortex-2,crop1116,Rapid HPF,223,48571,24868352.0,3481,0.00331117,0.00374711,0.00383968,-0.00506851,-0.00044549,0.1936,0.8064,302.0
Cortex,jrc_mus-cortex-2,crop1116,Rapid HPF,224,100744,51580928.0,6722,0.00223776,0.00288545,0.00281666,-0.0039083,-0.00071424,0.148,0.852,446.9
Cortex,jrc_mus-cortex-2,crop1116,Rapid HPF,226,75772,38795264.0,8484,0.00275785,0.00501503,0.0076195,-0.00460733,0.00072547,0.3197,0.6803,362.6
Cortex,jrc_mus-cortex-2,crop1116,Rapid HPF,227,10418,5334016.0,1751,0.00717743,0.00733401,0.00438111,-0.00983135,-0.00468361,0.064,0.936,139.3
Cortex,jrc_mus-cortex-2,crop1116,Rapid HPF,228,8492,4347904.0,1943,0.01042229,0.01477963,0.01585859,-0.01981869,-0.00539931,0.034,0.966,95.9
Cortex,jrc_mus-cortex-2,crop1116,Rapid HPF,229,52781,27023872.0,6843,0.00423266,0.00548251,0.00555872,-0.00831105,-0.00041835,0.2066,0.7934,236.3
Cortex,jrc_mus-cortex-2,crop1116,Rapid HPF,230,94920,48599040.0,8532,0.00396247,0.00478253,0.00504121,-0.00669788,-0.00025491,0.2311,0.7689,252.4
Cortex,jrc_mus-cortex-3,crop1033,Chemical,2,60937399,487499192.0,491541,0.00434221,0.00544036,0.00714023,-0.00433682,0.00434419,0.573,0.427,230.3
Cortex,jrc_mus-cortex-3,crop1033,Chemical,4,894416,7155328.0,33400,0.00392362,0.00624839,0.00698333,-0.0075887,-0.00186767,0.0676,0.9324,254.9
Cortex,jrc_mus-cortex-3,crop1033,Chemical,5,1299911,10399288.0,49299,0.00526436,0.00609382,0.00446988,-0.00851498,-0.0029259,0.0642,0.9358,190.0
Cortex,jrc_mus-cortex-3,crop1033,Chemical,6,1451652,11613216.0,74038,0.00727188,0.00765587,0.00641128,-0.01027657,-0.00326956,0.1242,0.8758,137.5
Cortex,jrc_mus-cortex-3,crop1033,Chemical,7,322083,2576664.0,15174,0.00669018,0.00743843,0.00524189,-0.01101833,-0.00330306,0.0841,0.9159,149.5
Cortex,jrc_mus-cortex-3,crop1033,Chemical,8,3327350,26618800.0,118700,0.00521078,0.00567102,0.00411219,-0.00793892,-0.00269942,0.0789,0.9211,191.9
Cortex,jrc_mus-cortex-3,crop1033,Chemical,9,1672545,13380360.0,72168,0.00624537,0.00699047,0.005682,-0.0100306,-0.00252948,0.1142,0.8858,160.1
Cortex,jrc_mus-cortex-3,crop1033,Chemical,10,3695945,29567560.0,145532,0.0057052,0.00632112,0.00534883,-0.00880414,-0.00209071,0.1438,0.8562,175.3
Cortex,jrc_mus-cortex-3,crop1033,Chemical,11,3090353,24722824.0,122126,0.00600314,0.00626061,0.00434921,-0.00821369,-0.00352854,0.0775,0.9225,166.6
Cortex,jrc_mus-cortex-3,crop1033,Chemical,12,3389694,27117552.0,146278,0.00586136,0.00644705,0.00498422,-0.00898525,-0.00265664,0.1048,0.8952,170.6
Cortex,jrc_mus-cortex-3,crop1033,Chemical,13,4392732,35141856.0,164321,0.00533395,0.00587064,0.00475957,-0.00813648,-0.00225647,0.1076,0.8924,187.5
Cortex,jrc_mus-cortex-3,crop1033,Chemical,14,17806731,142453848.0,210387,0.00352791,0.00480769,0.00605801,-0.00553344,0.00084725,0.3121,0.6879,283.5
Cortex,jrc_mus-cortex-3,crop1033,Chemical,15,1969573,15756584.0,81983,0.00653067,0.00663503,0.00586005,-0.00885116,-0.00219233,0.1535,0.8465,153.1
Cortex,jrc_mus-cortex-3,crop1033,Chemical,16,1772631,14181048.0,67031,0.00451344,0.00601942,0.00642813,-0.0084614,-0.00072709,0.1777,0.8223,221.6
Cortex,jrc_mus-cortex-3,crop1033,Chemical,17,5024447,40195576.0,247704,0.00541596,0.00732861,0.00886674,-0.01032645,0.00238171,0.394,0.606,184.6
Cortex,jrc_mus-cortex-3,crop1033,Chemical,18,2820966,22567728.0,122017,0.00595196,0.0067892,0.00635063,-0.00910003,-0.00264692,0.1012,0.8988,168.0
Cortex,jrc_mus-cortex-3,crop1033,Chemical,20,3330908,26647264.0,120326,0.00579239,0.00632248,0.00531537,-0.00897587,-0.00213427,0.1349,0.8651,172.6
Cortex,jrc_mus-cortex-3,crop1033,Chemical,21,1262283,10098264.0,43951,0.00446805,0.00677909,0.00686673,-0.00891246,-0.00211435,0.0888,0.9112,223.8
Cortex,jrc_mus-cortex-3,crop1034,Chemical,2,2002243,16017944.0,65152,0.00326656,0.00481795,0.0056372,-0.0059801,-0.00069551,0.1785,0.8215,306.1
Cortex,jrc_mus-cortex-3,crop1034,Chemical,3,6258411,50067288.0,170594,0.00354837,0.00515217,0.00733973,-0.00368917,0.00345536,0.5323,0.4677,281.8
Cortex,jrc_mus-cortex-3,crop1034,Chemical,4,3000080,24000640.0,117123,0.00545126,0.00608374,0.00538201,-0.00845778,-0.00225272,0.1183,0.8817,183.4
Cortex,jrc_mus-cortex-3,crop1034,Chemical,5,4838970,38711760.0,96515,0.00383986,0.0048325,0.00548752,-0.00627729,0.00015395,0.2606,0.7394,260.4
Cortex,jrc_mus-cortex-3,crop1034,Chemical,6,3316183,26529464.0,132015,0.00526909,0.00613185,0.00582273,-0.00896156,-0.00098733,0.1877,0.8123,189.8
Cortex,jrc_mus-cortex-3,crop1034,Chemical,7,2880759,23046072.0,79883,0.00512295,0.00574243,0.00624829,-0.00749026,-0.0003086,0.2368,0.7632,195.2
Cortex,jrc_mus-cortex-3,crop1034,Chemical,8,2205705,17645640.0,54436,0.0050412,0.00592977,0.00690861,-0.00708369,0.00102735,0.2994,0.7006,198.4
Cortex,jrc_mus-cortex-3,crop1034,Chemical,9,983993,7871944.0,45549,0.00728564,0.00792568,0.0082287,-0.01037858,0.00020621,0.258,0.742,137.3
Cortex,jrc_mus-cortex-3,crop1034,Chemical,11,1527421,12219368.0,52004,0.00489425,0.00596639,0.00622852,-0.00805365,-0.0003153,0.2321,0.7679,204.3
Cortex,jrc_mus-cortex-3,crop1034,Chemical,12,904361,7234888.0,55814,0.01010686,0.01015831,0.00798606,-0.01549958,-0.00241586,0.1621,0.8379,98.9
Cortex,jrc_mus-cortex-3,crop1034,Chemical,13,5179531,41436248.0,77391,0.00413722,0.00471799,0.00544411,-0.00556432,0.0002053,0.2595,0.7405,241.7
Cortex,jrc_mus-cortex-3,crop1034,Chemical,14,1424554,11396432.0,46492,0.00574634,0.00613346,0.00436242,-0.00835008,-0.00283594,0.0739,0.9261,174.0
Cortex,jrc_mus-cortex-3,crop1034,Chemical,15,4557769,36462152.0,148216,0.00477295,0.00544528,0.00519576,-0.00770947,-0.00098665,0.1816,0.8184,209.5
Cortex,jrc_mus-cortex-3,crop1034,Chemical,16,6029685,48237480.0,104018,0.00339419,0.0045977,0.00585889,-0.00540223,0.00185026,0.3918,0.6082,294.6
Cortex,jrc_mus-cortex-3,crop1034,Chemical,17,1153130,9225040.0,48974,0.00600918,0.00640545,0.00499708,-0.0085116,-0.00277925,0.1136,0.8864,166.4
Cortex,jrc_mus-cortex-3,crop1034,Chemical,19,536257,4290056.0,32541,0.00895615,0.0101864,0.00885363,-0.01476527,-0.00314992,0.1479,0.8521,111.7
Cortex,jrc_mus-cortex-3,crop1034,Chemical,20,4991575,39932600.0,99341,0.00417135,0.00485505,0.00533704,-0.00641603,0.00026101,0.2671,0.7329,239.7
Cortex,jrc_mus-cortex-3,crop1034,Chemical,22,2797122,22376976.0,97983,0.00453453,0.00538084,0.00479761,-0.00743237,-0.00184436,0.1151,0.8849,220.5
Cortex,jrc_mus-cortex-3,crop1034,Chemical,23,786296,6290368.0,34270,0.00650391,0.00672774,0.00644743,-0.00920914,-2.691e-05,0.2481,0.7519,153.8
Cortex,jrc_mus-cortex-3,crop1034,Chemical,24,2549941,20399528.0,59530,0.00335078,0.00480066,0.00612882,-0.0050943,-0.00044336,0.2142,0.7858,298.4
Cortex,jrc_mus-cortex-3,crop1035,Chemical,2,733687,5869496.0,29883,0.00519769,0.00670682,0.00641915,-0.01049333,-0.00100574,0.1695,0.8305,192.4
Cortex,jrc_mus-cortex-3,crop1035,Chemical,4,66874574,534996592.0,386218,0.00376618,0.0048325,0.00642786,-0.00307035,0.00421292,0.5663,0.4337,265.5
Cortex,jrc_mus-cortex-3,crop1035,Chemical,5,39364042,314912336.0,335578,0.00299911,0.00373434,0.00499001,-0.00365776,0.00217859,0.4236,0.5764,333.4
Cortex,jrc_mus-cortex-3,crop1035,Chemical,9,426888,3415104.0,16568,0.00635817,0.00717113,0.00618401,-0.01091908,-0.00139658,0.1676,0.8324,157.3
Cortex,jrc_mus-cortex-3,crop1035,Chemical,11,764299,6114392.0,48895,0.00663674,0.009503,0.00947416,-0.01452516,-0.0013364,0.1779,0.8221,150.7
Cortex,jrc_mus-cortex-3,crop1035,Chemical,13,2865429,22923432.0,121345,0.00555798,0.00697254,0.00784262,-0.00918354,0.0003669,0.2705,0.7295,179.9
Cortex,jrc_mus-cortex-3,crop1035,Chemical,14,3762039,30096312.0,149547,0.00435147,0.00568156,0.00614516,-0.00765864,-0.00047071,0.221,0.779,229.8
Cortex,jrc_mus-cortex-3,crop1035,Chemical,15,792525,6340200.0,31030,0.00457903,0.00606701,0.00678704,-0.00799829,0.0003627,0.2716,0.7284,218.4
Cortex,jrc_mus-cortex-3,crop1035,Chemical,16,643947,5151576.0,26503,0.00509658,0.00672642,0.00689712,-0.00943641,-0.00071024,0.2122,0.7878,196.2
Cortex,jrc_mus-cortex-3,crop1035,Chemical,17,1237703,9901624.0,29106,0.00535558,0.00618336,0.00674096,-0.00785544,-0.0001633,0.2424,0.7576,186.7
Cortex,jrc_mus-cortex-3,crop1035,Chemical,19,1120421,8963368.0,40419,0.00643032,0.00760626,0.00722092,-0.01032283,-0.00129512,0.2005,0.7995,155.5
Cortex,jrc_mus-cortex-3,crop1036,Chemical,1,855174,6841392.0,32330,0.00585217,0.00706861,0.00817338,-0.00841127,0.00110731,0.2887,0.7113,170.9
Cortex,jrc_mus-cortex-3,crop1036,Chemical,2,2689384,21515072.0,83315,0.00532092,0.00607214,0.00696647,-0.0072829,0.00021924,0.2588,0.7412,187.9
Cortex,jrc_mus-cortex-3,crop1036,Chemical,3,862106,6896848.0,28516,0.00517973,0.00598527,0.0059843,-0.00781604,-0.00118011,0.1831,0.8169,193.1
Cortex,jrc_mus-cortex-3,crop1036,Chemical,4,532623,4260984.0,20241,0.0060326,0.00799554,0.00882826,-0.0116297,-0.00050724,0.2201,0.7799,165.8
Cortex,jrc_mus-cortex-3,crop1036,Chemical,5,2062997,16503976.0,70599,0.00493482,0.00566245,0.00536446,-0.00754261,-0.00178802,0.1458,0.8542,202.6
Cortex,jrc_mus-cortex-3,crop1036,Chemical,6,2296179,18369432.0,91622,0.00565095,0.006244,0.00509643,-0.00897896,-0.00222224,0.1381,0.8619,177.0
Cortex,jrc_mus-cortex-3,crop1036,Chemical,7,371057,2968456.0,21815,0.00983259,0.00980865,0.00495337,-0.01224802,-0.00684952,0.0319,0.9681,101.7
Cortex,jrc_mus-cortex-3,crop1036,Chemical,8,870684,6965472.0,41253,0.00675175,0.00717895,0.00569334,-0.00998103,-0.00299367,0.1114,0.8886,148.1
Cortex,jrc_mus-cortex-3,crop1036,Chemical,9,5074073,40592584.0,150602,0.0041296,0.00481907,0.0045804,-0.00646648,-0.00138053,0.1471,0.8529,242.2
Cortex,jrc_mus-cortex-3,crop1036,Chemical,11,16513990,132111920.0,158369,0.00312472,0.00437851,0.00599658,-0.00385252,0.00266627,0.4893,0.5107,320.0
Cortex,jrc_mus-cortex-3,crop1036,Chemical,12,14326888,114615104.0,245058,0.00302727,0.00370369,0.00442392,-0.00469282,0.0001936,0.2669,0.7331,330.3
Cortex,jrc_mus-cortex-3,crop1036,Chemical,13,10477879,83823032.0,155049,0.00368539,0.00502068,0.0067127,-0.00519137,0.00253894,0.4591,0.5409,271.3
Cortex,jrc_mus-cortex-3,crop1037,Chemical,3,4814409,38515272.0,103890,0.00334448,0.00441845,0.00558367,-0.00470471,0.00095932,0.312,0.688,299.0
Cortex,jrc_mus-cortex-3,crop1037,Chemical,4,9967228,79737824.0,466403,0.00244714,0.00333709,0.00519395,-0.0024577,0.00243713,0.4947,0.5053,408.6
Cortex,jrc_mus-cortex-3,crop1037,Chemical,5,1486097,11888776.0,82657,0.00546167,0.00749499,0.00760235,-0.0117974,-0.00085492,0.1889,0.8111,183.1
Cortex,jrc_mus-cortex-3,crop1037,Chemical,6,100684241,805473928.0,480563,0.00190214,0.00252622,0.00340945,-0.00200655,0.0017887,0.4777,0.5223,525.7
Cortex,jrc_mus-cortex-3,crop1037,Chemical,7,2792788,22342304.0,71285,0.00428505,0.00518101,0.00563714,-0.00665168,-0.00024356,0.2353,0.7647,233.4
Cortex,jrc_mus-cortex-3,crop1037,Chemical,9,1573382,12587056.0,57064,0.00690362,0.00698989,0.00318966,-0.00894141,-0.00472965,0.0079,0.9921,144.9
Cortex,jrc_mus-cortex-3,crop1037,Chemical,11,774821,6198568.0,28442,0.00674198,0.00707189,0.00368819,-0.00891125,-0.00471778,0.0275,0.9725,148.3
Cortex,jrc_mus-cortex-3,crop1037,Chemical,12,2995561,23964488.0,82307,0.00356149,0.00517147,0.00599808,-0.00695066,-0.00037914,0.2174,0.7826,280.8
Cortex,jrc_mus-cortex-3,crop1037,Chemical,14,1432793,11462344.0,50794,0.00450939,0.0061204,0.00700408,-0.00841169,0.00024472,0.2624,0.7376,221.8
Cortex,jrc_mus-cortex-3,crop1045,Chemical,1,1344789,10758312.0,26524,0.00489645,0.00560066,0.0059807,-0.00774201,0.00109578,0.3105,0.6895,204.2
Cortex,jrc_mus-cortex-3,crop1045,Chemical,3,727356,5818848.0,26240,0.00428849,0.00646048,0.0084944,-0.00636593,0.00200269,0.3716,0.6284,233.2
Cortex,jrc_mus-cortex-3,crop1045,Chemical,5,3297707,26381656.0,83304,0.00498719,0.00562493,0.00619885,-0.00704462,0.00024577,0.2627,0.7373,200.5
Cortex,jrc_mus-cortex-3,crop1045,Chemical,6,1161088,9288704.0,41024,0.00526797,0.0068418,0.00735336,-0.00884272,-0.00127563,0.1924,0.8076,189.8
Cortex,jrc_mus-cortex-3,crop1045,Chemical,7,680898,5447184.0,36502,0.00701297,0.00823839,0.00808642,-0.01137273,-0.00164866,0.1923,0.8077,142.6
Cortex,jrc_mus-cortex-3,crop1045,Chemical,8,2707611,21660888.0,89743,0.00533172,0.00631907,0.00674432,-0.00860677,-6.62e-05,0.2468,0.7532,187.6
Cortex,jrc_mus-cortex-3,crop1045,Chemical,9,4546686,36373488.0,238240,0.00228254,0.00428458,0.00671838,-0.00358941,0.00153172,0.4625,0.5375,438.1
Cortex,jrc_mus-cortex-3,crop1045,Chemical,10,9010852,72086816.0,191952,0.00416781,0.00488505,0.00549396,-0.00621505,0.00075026,0.2914,0.7086,239.9
Cortex,jrc_mus-cortex-3,crop1045,Chemical,11,5783845,46270760.0,148384,0.00439599,0.00529954,0.00599608,-0.00707714,0.00082235,0.3008,0.6992,227.5
Cortex,jrc_mus-cortex-3,crop1045,Chemical,12,714224,5713792.0,37069,0.00875556,0.00956772,0.00834248,-0.01404595,-0.00194825,0.1922,0.8078,114.2
Cortex,jrc_mus-cortex-3,crop1045,Chemical,13,15601565,124812520.0,221659,0.00172277,0.0023816,0.00337989,-0.00177799,0.00166343,0.4816,0.5184,580.5
Cortex,jrc_mus-cortex-3,crop1045,Chemical,14,3641763,29134104.0,128425,0.00515294,0.00605375,0.00605354,-0.00862737,-0.0003299,0.2345,0.7655,194.1
Cortex,jrc_mus-cortex-3,crop1045,Chemical,15,5273451,42187608.0,129175,0.00373897,0.00474597,0.0057017,-0.00576777,0.00160349,0.3616,0.6384,267.5
Cortex,jrc_mus-cortex-3,crop1045,Chemical,16,9260533,74084264.0,210025,0.0041582,0.00487082,0.00552535,-0.00623414,0.00103134,0.3137,0.6863,240.5
Cortex,jrc_mus-cortex-3,crop1045,Chemical,17,9275788,74206304.0,136609,0.00450675,0.00585104,0.00769556,-0.00589182,0.00291192,0.4216,0.5784,221.9
Cortex,jrc_mus-cortex-3,crop1045,Chemical,18,4094522,32756176.0,128786,0.00529451,0.00592666,0.0062664,-0.00781871,5.121e-05,0.2525,0.7475,188.9
Cortex,jrc_mus-cortex-3,crop1045,Chemical,19,1373604,10988832.0,41081,0.00462961,0.00625833,0.00709043,-0.0086568,7.627e-05,0.2547,0.7453,216.0
Cortex,jrc_mus-cortex-3,crop1045,Chemical,21,3117827,24942616.0,113690,0.00465422,0.00716547,0.00892454,-0.010346,0.0011256,0.3396,0.6604,214.9
Cortex,jrc_mus-cortex-3,crop1045,Chemical,22,325725,2605800.0,19491,0.00596787,0.00841402,0.01093799,-0.00721065,0.00343546,0.3763,0.6237,167.6
Cortex,jrc_mus-cortex-3,crop1046,Chemical,1,7588418,60707344.0,261012,0.00276912,0.0034947,0.00456344,-0.00269835,0.00284044,0.504,0.496,361.1
Cortex,jrc_mus-cortex-3,crop1046,Chemical,2,10508599,84068792.0,111906,0.00330982,0.00394905,0.00477795,-0.00463089,0.00154571,0.3677,0.6323,302.1
Cortex,jrc_mus-cortex-3,crop1046,Chemical,3,4641767,37134136.0,85831,0.00421703,0.00551682,0.00774604,-0.0057809,0.00135546,0.3287,0.6713,237.1
Cortex,jrc_mus-cortex-3,crop1046,Chemical,5,4213508,33708064.0,138998,0.00507699,0.00593226,0.00589076,-0.00839526,-0.00065476,0.2124,0.7876,197.0
Cortex,jrc_mus-cortex-3,crop1046,Chemical,6,2611267,20890136.0,124260,0.00490229,0.00666456,0.00714639,-0.00980574,0.00025703,0.2645,0.7355,204.0
Cortex,jrc_mus-cortex-3,crop1046,Chemical,7,2922545,23380360.0,117668,0.00523774,0.00648433,0.00620449,-0.0100209,-0.00075287,0.205,0.795,190.9
Cortex,jrc_mus-cortex-3,crop1046,Chemical,8,598835,4790680.0,64254,0.01385612,0.01436418,0.01143432,-0.02246414,-0.00368977,0.1206,0.8794,72.2
Cortex,jrc_mus-cortex-3,crop1046,Chemical,9,17026181,136209448.0,194494,0.00343545,0.00468683,0.00625853,-0.00433474,0.0024962,0.4389,0.5611,291.1
Cortex,jrc_mus-cortex-3,crop1046,Chemical,11,611927,4895416.0,65622,0.00789386,0.01168349,0.01265112,-0.01958372,-0.00113287,0.1949,0.8051,126.7
Cortex,jrc_mus-cortex-3,crop1046,Chemical,12,3007808,24062464.0,120461,0.00546461,0.00636907,0.00616547,-0.00944894,-0.00043049,0.2274,0.7726,183.0
Cortex,jrc_mus-cortex-3,crop1046,Chemical,13,10111079,80888632.0,137325,0.00200371,0.00340711,0.0052973,-0.00221013,0.0018147,0.4828,0.5172,499.1
Cortex,jrc_mus-cortex-3,crop1046,Chemical,15,2619806,20958448.0,111443,0.00252425,0.0048848,0.00720286,-0.00380231,0.00165362,0.4333,0.5667,396.2
Cortex,jrc_mus-cortex-4,crop1139,Rapid HPF,1,9822,5028864.0,1025,0.00393576,0.00470443,0.00423415,-0.00643736,-0.00143822,0.1434,0.8566,254.1
Cortex,jrc_mus-cortex-4,crop1139,Rapid HPF,4,307975,157683200.0,21068,0.00351149,0.00425549,0.00504945,-0.00509132,0.00043392,0.279,0.721,284.8
Cortex,jrc_mus-cortex-4,crop1139,Rapid HPF,6,37933,19421696.0,3802,0.00513252,0.00638394,0.0055809,-0.00885043,-0.00228477,0.126,0.874,194.8
Cortex,jrc_mus-cortex-4,crop1139,Rapid HPF,8,181553,92955136.0,13552,0.00355498,0.00477513,0.00554601,-0.00609184,-0.00052654,0.2039,0.7961,281.3
Cortex,jrc_mus-cortex-4,crop1139,Rapid HPF,9,53841,27566592.0,5541,0.00428075,0.00577326,0.00623726,-0.00716311,-0.00162625,0.1252,0.8748,233.6
Cortex,jrc_mus-cortex-4,crop1139,Rapid HPF,10,364025,186380800.0,45654,0.00363867,0.00567422,0.00715195,-0.0072079,0.00059061,0.2967,0.7033,274.8
Cortex,jrc_mus-cortex-4,crop1139,Rapid HPF,12,19921,10199552.0,3464,0.00892376,0.00949464,0.00629738,-0.01373433,-0.00442289,0.0476,0.9524,112.1
Cortex,jrc_mus-cortex-4,crop1139,Rapid HPF,13,707024,361996288.0,36955,0.00317513,0.00434048,0.00529232,-0.00543968,0.00065246,0.3046,0.6954,314.9
Cortex,jrc_mus-cortex-4,crop1139,Rapid HPF,14,321471,164593152.0,41516,0.00278272,0.00571539,0.00855537,-0.00633777,0.00069754,0.3285,0.6715,359.4
Cortex,jrc_mus-cortex-4,crop1139,Rapid HPF,15,48943,25058816.0,7357,0.00685879,0.00757347,0.00470751,-0.01058741,-0.00404118,0.0382,0.9618,145.8
Cortex,jrc_mus-cortex-4,crop1139,Rapid HPF,16,380702,194919424.0,70121,0.00235212,0.0037944,0.00636432,-0.00347592,0.00129092,0.3933,0.6067,425.1
Cortex,jrc_mus-cortex-4,crop1139,Rapid HPF,17,49056,25116672.0,8244,0.00827982,0.00931774,0.00635018,-0.01290283,-0.00468615,0.045,0.955,120.8
Cortex,jrc_mus-cortex-4,crop1139,Rapid HPF,18,5487,2809344.0,1236,0.00803803,0.00975461,0.0082009,-0.01366381,-0.00336681,0.1206,0.8794,124.4
Cortex,jrc_mus-cortex-4,crop1139,Rapid HPF,19,477775,244620800.0,61864,0.00197744,0.00357986,0.00522826,-0.0034857,0.00052978,0.3227,0.6773,505.7
Cortex,jrc_mus-cortex-4,crop1139,Rapid HPF,21,2731972,1398769664.0,183475,0.00106525,0.00162037,0.00250165,-0.00109166,0.00103585,0.4882,0.5118,938.7
Cortex,jrc_mus-cortex-4,crop1139,Rapid HPF,23,800539,409875968.0,58880,0.00333693,0.00461776,0.00561247,-0.00608676,0.00100615,0.3345,0.6654,299.7
Cortex,jrc_mus-cortex-4,crop1139,Rapid HPF,24,10118,5180416.0,1536,0.00530325,0.00589924,0.00507177,-0.00844949,-0.001738,0.1432,0.8568,188.6
Cortex,jrc_mus-cortex-4,crop1139,Rapid HPF,26,12425,6361600.0,1824,0.00718759,0.00738133,0.004222,-0.00996706,-0.00464867,0.0521,0.9479,139.1
Cortex,jrc_mus-cortex-4,crop1139,Rapid HPF,29,33531,17167872.0,6176,0.00762662,0.00891488,0.00846641,-0.01181185,-0.00343879,0.1321,0.8679,131.1
Cortex,jrc_mus-cortex-4,crop1139,Rapid HPF,30,100779,51598848.0,10994,0.00509424,0.0057686,0.00490731,-0.00839805,-0.00178144,0.1466,0.8534,196.3
Cortex,jrc_mus-cortex-4,crop1139,Rapid HPF,32,874978,447988736.0,61319,0.0018028,0.00300233,0.00457768,-0.00164406,0.00198832,0.5043,0.4957,554.7
Cortex,jrc_mus-cortex-4,crop1139,Rapid HPF,33,27635,14149120.0,3414,0.00573707,0.00651483,0.00646447,-0.00875059,-0.00145659,0.1787,0.8213,174.3
Cortex,jrc_mus-cortex-4,crop1139,Rapid HPF,34,21015,10759680.0,1890,0.00409567,0.00447297,0.00336176,-0.00657678,-0.00179239,0.1085,0.8915,244.2
Cortex,jrc_mus-cortex-4,crop1139,Rapid HPF,35,47733,24439296.0,5778,0.00507586,0.0060819,0.00489947,-0.00882093,-0.00230845,0.0983,0.9017,197.0
Cortex,jrc_mus-cortex-4,crop1139,Rapid HPF,36,9050,4633600.0,2219,0.0107295,0.0116298,0.00787608,-0.01526996,-0.00656534,0.0635,0.9365,93.2
Cortex,jrc_mus-cortex-4,crop1139,Rapid HPF,37,27017,13832704.0,4544,0.00677475,0.00707599,0.0049719,-0.0099526,-0.00327633,0.0993,0.9007,147.6
Cortex,jrc_mus-cortex-4,crop1139,Rapid HPF,38,8619,4412928.0,2609,0.01425323,0.01463722,0.00765878,-0.01852803,-0.00951397,0.0027,0.9973,70.2
Cortex,jrc_mus-cortex-4,crop1139,Rapid HPF,39,46668,23894016.0,6715,0.00765833,0.0094117,0.00772714,-0.01463821,-0.00301996,0.1078,0.8922,130.6
Cortex,jrc_mus-cortex-4,crop1139,Rapid HPF,40,40866,20923392.0,6192,0.00634634,0.00690944,0.00477596,-0.00937285,-0.00366162,0.0719,0.9281,157.6
Cortex,jrc_mus-cortex-4,crop1139,Rapid HPF,41,13372,6846464.0,2446,0.00463204,0.00617397,0.00556165,-0.00963823,-0.00161494,0.1406,0.8594,215.9
Cortex,jrc_mus-cortex-4,crop1139,Rapid HPF,42,21047,10776064.0,3999,0.0082923,0.01024883,0.00790321,-0.01327517,-0.00512663,0.031,0.969,120.6
Cortex,jrc_mus-cortex-4,crop1139,Rapid HPF,43,53871,27581952.0,8826,0.006725,0.00721822,0.00599492,-0.00984542,-0.00286669,0.1218,0.8782,148.7
Cortex,jrc_mus-cortex-4,crop1139,Rapid HPF,44,99207,50793984.0,12317,0.00607751,0.0078434,0.00710826,-0.01101627,-0.00266385,0.0908,0.9092,164.5
Cortex,jrc_mus-cortex-4,crop1139,Rapid HPF,45,28464,14573568.0,2727,0.00485722,0.00531057,0.00479893,-0.00735557,-0.00117236,0.1859,0.8141,205.9
Cortex,jrc_mus-cortex-4,crop1139,Rapid HPF,46,80380,41154560.0,9810,0.00197454,0.00320494,0.00463847,-0.00211113,0.00184735,0.4945,0.5055,506.4
Cortex,jrc_mus-cortex-4,crop1139,Rapid HPF,48,6931,3548672.0,1396,0.01098631,0.01093228,0.00342741,-0.01333246,-0.00851611,0.0,1.0,91.0
Cortex,jrc_mus-cortex-4,crop1139,Rapid HPF,49,8110,4152320.0,1584,0.00659536,0.00711362,0.00486917,-0.0102919,-0.00316747,0.0461,0.9539,151.6
Cortex,jrc_mus-cortex-4,crop1139,Rapid HPF,50,68633,35140096.0,6114,0.003641,0.00413412,0.00371406,-0.00557956,-0.00123802,0.1459,0.8541,274.6
Cortex,jrc_mus-cortex-4,crop1139,Rapid HPF,51,30970,15856640.0,3313,0.00557328,0.00590226,0.00403422,-0.00810815,-0.00301931,0.0927,0.9073,179.4
Cortex,jrc_mus-cortex-4,crop1139,Rapid HPF,54,18785,9617920.0,4483,0.00992629,0.00996606,0.00447634,-0.01291454,-0.00705951,0.0205,0.9795,100.7
Cortex,jrc_mus-cortex-4,crop1139,Rapid HPF,59,45020,23050240.0,5817,0.00459845,0.00500007,0.00398774,-0.00727786,-0.001824,0.1155,0.8845,217.5
Cortex,jrc_mus-cortex-4,crop1139,Rapid HPF,61,8867,4539904.0,1261,0.0039071,0.00528306,0.00417919,-0.00673488,-0.00244161,0.0404,0.9596,255.9
Cortex,jrc_mus-cortex-4,crop1139,Rapid HPF,62,16333,8362496.0,3364,0.00891629,0.0094506,0.00393752,-0.01079888,-0.0071914,0.0065,0.9935,112.2
Cortex,jrc_mus-cortex-4,crop1139,Rapid HPF,63,18511,9477632.0,2272,0.00487974,0.00526267,0.00420539,-0.00694372,-0.00222782,0.114,0.886,204.9
Cortex,jrc_mus-cortex-4,crop1139,Rapid HPF,65,12212,6252544.0,2106,0.00490823,0.0059034,0.00467968,-0.00799938,-0.00253495,0.0674,0.9326,203.7
Cortex,jrc_mus-cortex-4,crop1139,Rapid HPF,67,11486,5880832.0,1103,0.0028762,0.00413742,0.00408773,-0.00557366,-0.00104099,0.1106,0.8894,347.7
Cortex,jrc_mus-cortex-4,crop1139,Rapid HPF,68,7017,3592704.0,1288,0.00762308,0.00830004,0.00562264,-0.01155884,-0.00419343,0.0815,0.9185,131.2
Cortex,jrc_mus-cortex-4,crop1141,Rapid HPF,1,6910177,3538010624.0,82727,0.00258143,0.00328572,0.00428866,-0.00263099,0.00253927,0.4955,0.5045,387.4
Cortex,jrc_mus-cortex-4,crop1141,Rapid HPF,2,195957,100329984.0,24909,0.00475748,0.00553135,0.00616919,-0.00717645,0.00057902,0.2818,0.7182,210.2
Cortex,jrc_mus-cortex-4,crop1141,Rapid HPF,3,10540,5396480.0,1522,0.0069242,0.00736233,0.0045336,-0.01026472,-0.0042249,0.0611,0.9389,144.4
Cortex,jrc_mus-cortex-4,crop1141,Rapid HPF,6,189453,96999936.0,18382,0.00478061,0.00522915,0.0046,-0.00744661,-0.00141312,0.1562,0.8438,209.2
Cortex,jrc_mus-cortex-4,crop1141,Rapid HPF,7,62776,32141312.0,5469,0.00470167,0.00522803,0.00483133,-0.00749204,-0.00079824,0.2059,0.7941,212.7
Cortex,jrc_mus-cortex-4,crop1141,Rapid HPF,9,758920,388567040.0,42293,0.00383002,0.00477066,0.00536273,-0.0066602,0.00101716,0.3181,0.6819,261.1
Cortex,jrc_mus-cortex-4,crop1141,Rapid HPF,10,429577,219943424.0,29868,0.00506984,0.00633369,0.00666816,-0.00882024,-0.00055437,0.2174,0.7826,197.2
Cortex,jrc_mus-cortex-4,crop1141,Rapid HPF,11,321043,164374016.0,25956,0.00420195,0.00514607,0.00576528,-0.00674872,0.00017527,0.2599,0.7401,238.0
Cortex,jrc_mus-cortex-4,crop1141,Rapid HPF,12,203611,104248832.0,13148,0.00408106,0.00484732,0.00555621,-0.00650451,0.00156843,0.3601,0.6399,245.0
Cortex,jrc_mus-cortex-4,crop1141,Rapid HPF,13,3878878,1985985536.0,128418,0.00310224,0.00386332,0.00497699,-0.00423807,0.00188348,0.4041,0.5959,322.3
Cortex,jrc_mus-cortex-4,crop1141,Rapid HPF,14,449595,230192640.0,33475,0.00361315,0.00449776,0.0049338,-0.00636298,0.00078453,0.306,0.694,276.8
Cortex,jrc_mus-cortex-4,crop1141,Rapid HPF,15,1253526,641805312.0,65496,0.00301583,0.00366023,0.00432568,-0.00450761,0.00103912,0.3371,0.6629,331.6
Cortex,jrc_mus-cortex-4,crop1141,Rapid HPF,16,15763,8070656.0,2969,0.00727692,0.00826837,0.00786196,-0.01175933,-0.00110328,0.2179,0.7821,137.4
Cortex,jrc_mus-cortex-4,crop1141,Rapid HPF,17,11794,6038528.0,2559,0.00456354,0.00585993,0.00526977,-0.00936725,-0.00122379,0.134,0.866,219.1
Cortex,jrc_mus-cortex-4,crop1141,Rapid HPF,18,14734,7543808.0,1942,0.00669967,0.00661716,0.00463853,-0.0094217,-0.00291464,0.1169,0.8831,149.3
Cortex,jrc_mus-cortex-4,crop1141,Rapid HPF,19,81186,41567232.0,8342,0.00359521,0.00462279,0.00543307,-0.00613541,0.00131019,0.3476,0.6524,278.1
Cortex,jrc_mus-cortex-4,crop1141,Rapid HPF,20,758013,388102656.0,33864,0.00312939,0.00378722,0.00459851,-0.00444028,0.00131387,0.3513,0.6487,319.6
Cortex,jrc_mus-cortex-4,crop1141,Rapid HPF,22,5755,2946560.0,1651,0.01419308,0.01404249,0.00628709,-0.01738462,-0.01007482,0.0242,0.9758,70.5
Cortex,jrc_mus-cortex-4,crop1141,Rapid HPF,25,6556,3356672.0,1813,0.01349547,0.01358312,0.00817551,-0.0181469,-0.00809644,0.059,0.941,74.1
Cortex,jrc_mus-cortex-4,crop1141,Rapid HPF,26,11601,5939712.0,1323,0.00566885,0.00605376,0.00490821,-0.00884942,-0.00209068,0.1436,0.8564,176.4
Cortex,jrc_mus-cortex-4,crop1141,Rapid HPF,27,16165,8276480.0,1415,0.00479987,0.00552251,0.00558761,-0.00867584,0.00018887,0.2678,0.7322,208.3
Cortex,jrc_mus-cortex-4,crop1141,Rapid HPF,29,71362,36537344.0,5871,0.00339365,0.00415168,0.00450029,-0.00548164,2.403e-05,0.2511,0.7489,294.7
Cortex,jrc_mus-cortex-4,crop1141,Rapid HPF,32,37938,19424256.0,4431,0.00618854,0.00626892,0.00472256,-0.00903115,-0.0023994,0.1194,0.8806,161.6
Cortex,jrc_mus-cortex-4,crop1141,Rapid HPF,33,5759,2948608.0,1189,0.00877561,0.00860044,0.00510676,-0.01205192,-0.00519075,0.0656,0.9344,114.0
Cortex,jrc_mus-cortex-4,crop1141,Rapid HPF,36,25264,12935168.0,2349,0.00465906,0.00507292,0.00421392,-0.00729121,-0.00153308,0.1699,0.8301,214.6
Cortex,jrc_mus-cortex-4,crop1141,Rapid HPF,40,177194,90723328.0,13018,0.00387558,0.00483646,0.00579145,-0.00593131,0.00118949,0.3299,0.6701,258.0
Cortex,jrc_mus-cortex-4,crop1141,Rapid HPF,43,63093,32303616.0,10129,0.00679348,0.00714849,0.00490846,-0.00997784,-0.00349969,0.0876,0.9124,147.2
Cortex,jrc_mus-cortex-4,crop1141,Rapid HPF,44,18020,9226240.0,2689,0.0080925,0.00789786,0.00383592,-0.01068277,-0.00496543,0.0126,0.9874,123.6
Cortex,jrc_mus-cortex-4,crop1141,Rapid HPF,45,136101,69683712.0,12523,0.00417953,0.00536129,0.00596932,-0.00728496,-0.00013147,0.2424,0.7576,239.3
Cortex,jrc_mus-cortex-4,crop1141,Rapid HPF,46,20453,10471936.0,3155,0.00797135,0.00771272,0.00436422,-0.01058353,-0.00487492,0.0707,0.9293,125.4
Cortex,jrc_mus-cortex-4,crop1141,Rapid HPF,47,11289,5779968.0,2835,0.01300205,0.01287822,0.00673134,-0.01711894,-0.00875706,0.0381,0.9619,76.9
Cortex,jrc_mus-cortex-4,crop1141,Rapid HPF,50,119951,61414912.0,10454,0.00403995,0.00579959,0.00668006,-0.00781814,1.378e-05,0.2517,0.7483,247.5
Cortex,jrc_mus-cortex-4,crop1141,Rapid HPF,51,153029,78350848.0,16370,0.006038,0.00743444,0.00710291,-0.00992531,-0.00181654,0.1601,0.8399,165.6
Cortex,jrc_mus-cortex-4,crop1141,Rapid HPF,53,545082,279081984.0,30141,0.00385154,0.00496248,0.00537598,-0.00691636,-6.456e-05,0.245,0.755,259.6
Cortex,jrc_mus-cortex-4,crop1141,Rapid HPF,56,1475081,755241472.0,55398,0.00308171,0.00391065,0.00476736,-0.0047593,0.00104603,0.3399,0.6601,324.5
Cortex,jrc_mus-cortex-4,crop1141,Rapid HPF,59,370558,189725696.0,20557,0.00394137,0.00475165,0.00572028,-0.0057483,0.00209628,0.3867,0.6133,253.7
Cortex,jrc_mus-cortex-4,crop1141,Rapid HPF,61,234408,120016896.0,28119,0.00526564,0.00553726,0.00464813,-0.0078929,-0.00162788,0.1576,0.8424,189.9
Cortex,jrc_mus-cortex-4,crop1141,Rapid HPF,62,170334,87211008.0,11727,0.00360516,0.0044866,0.00513734,-0.00602118,0.00104817,0.3284,0.6716,277.4
Cortex,jrc_mus-cortex-4,crop1141,Rapid HPF,63,95646,48970752.0,12180,0.00642596,0.0069706,0.00551164,-0.010139,-0.00249623,0.1207,0.8793,155.6
Cortex,jrc_mus-cortex-4,crop1141,Rapid HPF,64,60841,31150592.0,6494,0.00532457,0.00565855,0.00415906,-0.0078703,-0.00254902,0.1133,0.8867,187.8
Cortex,jrc_mus-cortex-4,crop1141,Rapid HPF,65,108916,55764992.0,8548,0.00434486,0.00465369,0.00416283,-0.00635046,-0.00138634,0.1686,0.8314,230.2
Cortex,jrc_mus-cortex-4,crop1141,Rapid HPF,66,513161,262738432.0,45444,0.00411122,0.00494973,0.00569999,-0.0065327,0.00132161,0.3323,0.6677,243.2
Cortex,jrc_mus-cortex-4,crop1141,Rapid HPF,67,19507,9987584.0,3028,0.00818865,0.00789177,0.00487339,-0.01100877,-0.0042186,0.0832,0.9168,122.1
Cortex,jrc_mus-cortex-4,crop1141,Rapid HPF,68,8009,4100608.0,1711,0.01031896,0.01058037,0.00563343,-0.01377395,-0.00701985,0.0444,0.9556,96.9
Cortex,jrc_mus-cortex-4,crop1141,Rapid HPF,69,20818,10658816.0,3118,0.00757405,0.00752932,0.00439421,-0.01046854,-0.00430942,0.0558,0.9442,132.0
Cortex,jrc_mus-cortex-4,crop1141,Rapid HPF,71,6874,3519488.0,1413,0.01121869,0.01084059,0.00369987,-0.01353904,-0.00872178,0.005,0.995,89.1
Cortex,jrc_mus-cortex-4,crop1141,Rapid HPF,72,15227,7796224.0,2222,0.00687846,0.00672889,0.00401552,-0.00944667,-0.00373909,0.0554,0.9446,145.4
Cortex,jrc_mus-cortex-4,crop1141,Rapid HPF,73,64178,32859136.0,7446,0.00600886,0.00665823,0.00563255,-0.01016571,-0.00176733,0.1559,0.8441,166.4
Cortex,jrc_mus-cortex-4,crop1141,Rapid HPF,75,584523,299275776.0,28931,0.00357951,0.00425471,0.00504941,-0.00511425,0.00136417,0.3499,0.6501,279.4
Cortex,jrc_mus-cortex-4,crop1141,Rapid HPF,77,9309,4766208.0,1421,0.00754454,0.00758447,0.00516918,-0.01056961,-0.00353706,0.1042,0.8958,132.5
Cortex,jrc_mus-cortex-4,crop1141,Rapid HPF,78,19616,10043392.0,2947,0.00776936,0.00771213,0.00398216,-0.01066901,-0.00479349,0.0271,0.9729,128.7
Cortex,jrc_mus-cortex-4,crop1141,Rapid HPF,80,399903,204750336.0,20036,0.00331441,0.00408248,0.00486239,-0.00496741,0.00138881,0.3614,0.6386,301.7
Cortex,jrc_mus-cortex-4,crop1141,Rapid HPF,81,276874,141759488.0,16166,0.00391441,0.00456611,0.0050043,-0.00612138,0.00060024,0.2925,0.7075,255.5
Cortex,jrc_mus-cortex-4,crop1141,Rapid HPF,83,28567,14626304.0,2583,0.00525673,0.00540321,0.00473672,-0.00757394,-0.00104254,0.1994,0.8006,190.2
Cortex,jrc_mus-cortex-4,crop1141,Rapid HPF,84,14287,7314944.0,2529,0.00850871,0.00880754,0.00535862,-0.01195968,-0.00510367,0.0577,0.9423,117.5
Cortex,jrc_mus-cortex-4,crop1141,Rapid HPF,85,177435,90846720.0,13349,0.00354962,0.00424818,0.00458803,-0.00580335,0.00056624,0.2919,0.7081,281.7
Cortex,jrc_mus-cortex-4,crop1141,Rapid HPF,86,98634,50500608.0,8088,0.00382618,0.00449473,0.00427077,-0.00651281,-0.00061229,0.2041,0.7959,261.4
Cortex,jrc_mus-cortex-4,crop1141,Rapid HPF,87,30272,15499264.0,4016,0.0068648,0.00679269,0.00421168,-0.00928061,-0.00371973,0.062,0.938,145.7
Cortex,jrc_mus-cortex-4,crop1141,Rapid HPF,88,79922,40920064.0,5558,0.00439798,0.00474399,0.00485045,-0.00674839,0.00030303,0.2715,0.7285,227.4
Cortex,jrc_mus-cortex-4,crop1141,Rapid HPF,90,12745,6525440.0,2195,0.00888342,0.00900325,0.00482299,-0.01264545,-0.0053211,0.02,0.98,112.6
Cortex,jrc_mus-cortex-4,crop1141,Rapid HPF,91,19395,9930240.0,2935,0.00647178,0.00733688,0.00545395,-0.0104059,-0.00314974,0.0865,0.9135,154.5
Cortex,jrc_mus-cortex-4,crop1141,Rapid HPF,93,6337,3244544.0,1997,0.01547495,0.01543896,0.00740134,-0.01924436,-0.01095812,0.0135,0.9865,64.6
Cortex,jrc_mus-cortex-4,crop1141,Rapid HPF,94,29920,15319040.0,3510,0.00634492,0.0062204,0.00419013,-0.00850132,-0.00326571,0.0963,0.9037,157.6
Cortex,jrc_mus-cortex-4,crop1141,Rapid HPF,95,16136,8261632.0,3034,0.00943361,0.01001563,0.0069983,-0.01360802,-0.00496302,0.0514,0.9486,106.0
Cortex,jrc_mus-cortex-4,crop1141,Rapid HPF,96,13932,7133184.0,2416,0.00904365,0.00841002,0.00451752,-0.01187317,-0.00479375,0.0315,0.9685,110.6
Cortex,jrc_mus-cortex-4,crop1141,Rapid HPF,97,6124,3135488.0,1280,0.0088225,0.00959775,0.00474891,-0.01230218,-0.00644444,0.0219,0.9781,113.3
Cortex,jrc_mus-cortex-4,crop1141,Rapid HPF,99,6143,3145216.0,1774,0.01180187,0.01180835,0.0043463,-0.01434191,-0.00896709,0.0079,0.9921,84.7
Cortex,jrc_mus-cortex-4,crop1141,Rapid HPF,100,16124,8255488.0,2014,0.00650399,0.00654357,0.00578712,-0.00915987,-0.00139279,0.1917,0.8083,153.8
Cortex,jrc_mus-cortex-4,crop1141,Rapid HPF,101,10902,5581824.0,1267,0.00587551,0.00651595,0.00524487,-0.00955355,-0.00212447,0.1421,0.8579,170.2
Cortex,jrc_mus-cortex-4,crop1141,Rapid HPF,102,13545,6935040.0,1793,0.00580172,0.00657137,0.00620627,-0.01044752,-0.00034926,0.2281,0.7719,172.4
Cortex,jrc_mus-cortex-4,crop1141,Rapid HPF,104,5252,2689024.0,939,0.00859768,0.00892965,0.00698343,-0.01151682,-0.00413169,0.115,0.885,116.3
Cortex,jrc_mus-cortex-4,crop1141,Rapid HPF,105,7746,3965952.0,1447,0.0089837,0.00888975,0.00638929,-0.01240761,-0.00393013,0.1479,0.8521,111.3
Cortex,jrc_mus-cortex-4,crop1141,Rapid HPF,106,11168,5718016.0,2180,0.0071042,0.00796863,0.00571547,-0.0103475,-0.0041253,0.0583,0.9417,140.8
Cortex,jrc_mus-cortex-4,crop1141,Rapid HPF,107,9464,4845568.0,1050,0.0051666,0.00544168,0.0041337,-0.00781205,-0.00192258,0.1219,0.8781,193.6
Cortex,jrc_mus-cortex-4,crop1141,Rapid HPF,108,9481,4854272.0,1310,0.00650986,0.00660433,0.00551611,-0.00955283,-0.00161816,0.1817,0.8183,153.6
Cortex,jrc_mus-cortex-4,crop1141,Rapid HPF,109,11724,6002688.0,1651,0.00672248,0.00678435,0.00325585,-0.00900799,-0.00436353,0.0127,0.9873,148.8
Cortex,jrc_mus-cortex-4,crop1141,Rapid HPF,110,9926,5082112.0,1790,0.00793015,0.00809593,0.00546992,-0.01113146,-0.00423922,0.0698,0.9302,126.1
Cortex,jrc_mus-cortex-4,crop1141,Rapid HPF,111,8039,4115968.0,1265,0.00780971,0.00794698,0.00415031,-0.01052631,-0.00506418,0.0364,0.9636,128.0
