crop,tissue,prep,region_group,anatomy,native_voxel_nm,analysis_voxel_nm,run,bm_sensitivity.bm_voxels,bm_sensitivity.ecs_fraction_bm_excluded,bm_sensitivity.ecs_fraction_with_bm,ecs_width.full_percentiles_nm_p10,ecs_width.full_percentiles_nm_p25,ecs_width.full_percentiles_nm_p50,ecs_width.full_percentiles_nm_p75,ecs_width.full_percentiles_nm_p90,ecs_width.n_ecs_voxels,ecs_width.n_narrow_voxels,ecs_width.narrow_fraction,ecs_width.narrow_mean_nm,ecs_width.narrow_percentiles_nm_p10,ecs_width.narrow_percentiles_nm_p25,ecs_width.narrow_percentiles_nm_p50,ecs_width.narrow_percentiles_nm_p75,ecs_width.narrow_percentiles_nm_p90,ecs_width.narrow_std_nm,membrane_topology.abs_curvature_p50_nm-1,membrane_topology.abs_curvature_p90_nm-1,membrane_topology.abs_deviation_p50_nm,membrane_topology.abs_deviation_p90_nm,membrane_topology.curvature_p10_nm-1,membrane_topology.curvature_p50_nm-1,membrane_topology.curvature_p90_nm-1,membrane_topology.deviation_p10_nm,membrane_topology.deviation_p50_nm,membrane_topology.deviation_p90_nm,membrane_topology.ecs_frac,membrane_topology.frac_concave,membrane_topology.frac_convex,membrane_topology.frac_indent,membrane_topology.frac_protrusion,membrane_topology.gap_bounded_frac,membrane_topology.gap_p10_nm,membrane_topology.gap_p50_nm,membrane_topology.gap_p90_nm,membrane_topology.n_curvature_kept,membrane_topology.n_deviation_kept,membrane_topology.n_gap_kept,membrane_topology.patch_faces,sa_v.cell_density_per_um3,sa_v.n_cells_passing,sa_v.n_cells_total,sa_v.sa_v_ecs_per_nm,sa_v.total_cell_cell_sa_nm2,sa_v.total_cell_volume_nm3,sa_v.total_ecs_facing_sa_nm2,sa_v.total_outer_sa_nm2,topology.curvature_abs_median_per_nm,topology.curvature_abs_p25_per_nm,topology.curvature_abs_p75_per_nm,topology.curvature_iqr_per_nm,topology.curvature_signed_median_per_nm,topology.curvature_signed_p10_per_nm,topology.curvature_signed_p90_per_nm,topology.curvature_std_per_nm,topology.fraction_concave,topology.fraction_convex,topology.fraction_flat,topology.indentation_count,topology.indentation_density_per_um2,topology.n_cells_considered,topology.n_cells_included,topology.protrusion_count,topology.protrusion_density_per_um2,topology.roughness_rms_nm_p120,topology.roughness_rms_nm_p30,topology.roughness_rms_nm_p60,topology.total_ecs_surface_nm2,volume_fraction.cell_fraction,volume_fraction.cell_volume_um3,volume_fraction.cell_voxels,volume_fraction.ecs_bm_voxels,volume_fraction.ecs_fraction,volume_fraction.ecs_primary_voxels,volume_fraction.ecs_volume_um3,volume_fraction.ecs_voxels,volume_fraction.total_volume_um3,volume_fraction.total_voxels,voronoi_gap.contact_fractions_p160,voronoi_gap.contact_fractions_p20,voronoi_gap.contact_fractions_p320,voronoi_gap.contact_fractions_p40,voronoi_gap.contact_fractions_p80,voronoi_gap.gap_mean_nm,voronoi_gap.gap_min_nm,voronoi_gap.gap_std_nm,voronoi_gap.n_boundary_faces,voronoi_gap.percentiles_nm_p10,voronoi_gap.percentiles_nm_p25,voronoi_gap.percentiles_nm_p50,voronoi_gap.percentiles_nm_p75,voronoi_gap.percentiles_nm_p90
crop1026,Kidney,Chemical,Glomerular,Glomerular interstitium,4.0,4.0,degradation,,,,6.928203230275509,16.0,32.49615361854384,59.464274989274024,89.17398723843182,38423632.0,38405274.0,0.9995222211164213,41.385136651961865,6.928203230275509,16.0,32.49615361854384,59.19459434779497,88.90444308357148,32.65808759629431,,,,,,,,,,,,,,,,,,,,,,,,4.340277777777778,30.0,48.0,0.01399140601513813,0.0,4441759744.0,62146464.0,14962080.0,0.004027297392933371,0.001922178696601864,0.006828015364208728,0.004905836667606864,0.0023086952291723464,-0.005442731704390849,0.008696596287969944,0.006759882257989655,0.2156695382566028,0.5246172143712456,0.2597132473721517,201.0,5.678331629325009,48.0,29.0,563.0,15.904978643333234,12.90426676618365,1.2131537450041598,4.167014987554678,35397721.21831728,,,,,,,,,,,0.7354378031880507,0.05251885166907955,0.9886830437638836,0.13221773945752355,0.40966514557552075,116.21171335145733,12.0,76.75741165229717,2099151.0,33.38883464895172,56.74181688223247,96.8998886412873,165.25297492672206,228.0663993849219
crop1026,Kidney,Chemical,Glomerular,Glomerular interstitium,4.0,8.0,degradation,,,,8.0,17.88854381999832,33.94112549695428,60.398675482166,89.7997772825746,4805789.0,4803199.0,0.999461066642751,42.83779812331382,8.0,17.88854381999832,33.94112549695428,60.398675482166,89.7997772825746,32.28108746073673,,,,,,,,,,,,,,,,,,,,,,,,4.340277777777778,30.0,48.0,0.013998352453225518,7680.0,4439589888.0,62146944.0,14945280.0,0.004505390048020787,0.002128012478482955,0.007826638149006531,0.0056986256705235765,0.0028970736443687164,-0.005099936030402419,0.010754383876151859,0.007588795774527556,0.1999555555420762,0.5645238863320636,0.23552055812585987,195.0,5.009286885868981,48.0,31.0,544.0,13.974625979039619,14.13710679522398,1.4053053420303627,4.695649487970887,38927696.58493468,,,,,,,,,,,0.7186502981025567,0.0,0.9873340666825864,0.08615222608035264,0.3702422009872812,122.88929310786338,24.0,75.43224149546468,510898.0,43.59591794226542,63.377408526555115,103.27181319605603,171.10066734650545,232.84668124753557
crop1026,Kidney,Chemical,Glomerular,Glomerular interstitium,4.0,16.0,degradation,,,,16.0,22.627416997969522,35.77708763999664,64.0,91.91300234460846,599129.0,598773.0,0.999405804092274,46.27112459914459,16.0,22.627416997969522,35.77708763999664,64.0,91.91300234460846,31.179931785199102,,,,,,,,,,,,,,,,,,,,,,,,4.340277777777778,30.0,48.0,0.013780923001783156,727808.0,4444794880.0,61253376.0,14962176.0,0.005060599122127258,0.002319237218298113,0.009048954967015884,0.006729717748717771,0.003029080654727088,-0.0059055282945227145,0.012842931189199065,0.008785612081793107,0.22056485013231708,0.5617832717455589,0.21765187812212428,189.0,4.724974329962162,48.0,31.0,554.0,13.849924755550465,14.853668286455076,1.7703953357357791,5.050770910958857,40000217.313670255,,,,,,,,,,,0.6859287935726318,0.0,0.9847414798496825,0.0,0.28523875858494235,134.66600165563173,48.0,72.95314414898274,123472.0,54.62741699796952,75.71281292110203,114.59644256269408,182.16263691415207,241.1370849898476
crop1026,Kidney,Chemical,Glomerular,Glomerular interstitium,4.0,8.0,matched,,,,8.0,17.88854381999832,33.94112549695428,60.398675482166,89.7997772825746,4805789.0,4803199.0,0.999461066642751,42.83779812331382,8.0,17.88854381999832,33.94112549695428,60.398675482166,89.7997772825746,32.28108746073673,,,,,,,,,,,,,,,,,,,,,,,,4.340277777777778,30.0,48.0,0.013998352453225518,7680.0,4439589888.0,62146944.0,14945280.0,0.004505390048020787,0.002128012478482955,0.007826638149006531,0.0056986256705235765,0.0028970736443687164,-0.005099936030402419,0.010754383876151859,0.007588795774527556,0.1999555555420762,0.5645238863320636,0.23552055812585987,195.0,5.009286885868981,48.0,31.0,544.0,13.974625979039619,14.13710679522398,1.4053053420303627,4.695649487970887,38927696.58493468,,,,,,,,,,,0.7186502981025567,0.0,0.9873340666825864,0.08615222608035264,0.3702422009872812,122.88929310786338,24.0,75.43224149546468,510898.0,43.59591794226542,63.377408526555115,103.27181319605603,171.10066734650545,232.84668124753557
crop1026,Kidney,Chemical,Glomerular,Glomerular interstitium,4.0,4.0,native,2871308.0,0.3292,0.3558,6.928203230275509,16.0,32.49615361854384,59.464274989274024,89.17398723843182,38423632.0,38405274.0,0.9995222211164213,41.385136651961865,6.928203230275509,16.0,32.49615361854384,59.19459434779497,88.90444308357148,32.65808759629431,0.0037513072602450848,0.010182795114815235,2.541949510574341,6.163601398468018,-0.0066943056881427765,0.0013353232061490417,0.007822218351066113,-4.139298915863037,1.0261777639389038,5.074738502502441,0.355,0.39621949213659424,0.6037805078634058,0.3830737502688614,0.6169262497311386,0.183,45.25483322143555,101.19288635253906,263.8787536621094,79037.0,79037.0,67362.0,162776.0,4.340277777777778,30.0,48.0,0.01399140601513813,0.0,4441759744.0,62146464.0,14962080.0,0.004027194902601169,0.0019222760060194743,0.006827488250893893,0.004905212244874418,0.0023087592190424873,-0.005441495210498562,0.008695768917998756,0.006741172641397882,0.2156472918488491,0.5246229081091783,0.25972980004197277,201.0,5.678337473397672,48.0,29.0,563.0,15.904995012551689,12.904247689015303,1.2131531241588027,4.167011075437334,35397684.78743309,0.6442256296296296,4.452887552,69576368.0,2871308.0,0.35577437037037035,35552324.0,2.459112448,38423632.0,6.912,108000000.0,0.7354378031880507,0.05251885166907955,0.9886830437638836,0.13221773945752355,0.40966514557552075,116.21171335145733,12.0,76.75741165229717,2099151.0,33.38883464895172,56.74181688223247,96.8998886412873,165.25297492672206,228.0663993849219
crop1027,Kidney,Chemical,Glomerular,Glomerular interstitium,4.0,4.0,degradation,,,,8.0,18.33030277982336,40.0,70.8801805866774,117.37120600896968,47953778.0,47123116.0,0.9826778611687279,49.886561992389176,8.0,18.33030277982336,39.395431207184416,68.58571279792899,109.2520022699813,41.19007908760667,,,,,,,,,,,,,,,,,,,,,,,,2.7488425925925926,19.0,27.0,0.01697291282570416,0.0,3833761280.0,65070096.0,11442192.0,0.0036884239467659986,0.0016965563949764304,0.006498976341790653,0.004802419946814223,0.001972261293090292,-0.005089983838641178,0.008385590485616783,0.006571868182048163,0.2107254282560976,0.4976851073421063,0.2915894644017972,235.0,6.230232063619847,27.0,17.0,554.0,14.687440694661257,11.831830979915551,1.1434382412101158,3.850599405518656,37719301.23955317,,,,,,,,,,,0.7332945534702875,0.045089833474243966,0.959062123927568,0.13673905312762735,0.3609056589554401,125.05158367147367,12.0,85.47034147568263,2123095.0,33.14153314314416,59.712812921102035,114.40588203494178,163.16129506733344,230.20334871928353
crop1027,Kidney,Chemical,Glomerular,Glomerular interstitium,4.0,8.0,degradation,,,,11.313708498984761,19.595917942265423,40.792156108742276,72.0,118.92854997854805,6006917.0,5894642.0,0.9813090475530126,51.304296810819395,11.313708498984761,19.595917942265423,40.0,70.19971509913698,110.85125168440814,40.758325414655474,,,,,,,,,,,,,,,,,,,,,,,,2.7488425925925926,19.0,27.0,0.01696863742743577,0.0,3826722816.0,64934272.0,11424512.0,0.004142933231066142,0.0018917846905547962,0.007445389923905197,0.005553605233350401,0.002505235023732829,-0.004833432711441273,0.010249194472166757,0.007360982590350486,0.19836846403836336,0.5382540912496426,0.26337744471199337,215.0,5.223674154064573,27.0,20.0,530.0,12.876964193740575,12.928075296737033,1.3228531628306692,4.3198074654613166,41158769.41380564,,,,,,,,,,,0.7105249070859397,0.0,0.9566362816022513,0.10173324870379151,0.3327107199119037,130.56631513163848,24.0,84.82324344075597,523064.0,39.74495028054933,65.64607201529357,120.45338528679123,167.19595949289334,235.6546583584077
crop1027,Kidney,Chemical,Glomerular,Glomerular interstitium,4.0,16.0,degradation,,,,16.0,22.627416997969522,45.254833995939045,73.32121111929344,121.85236969382254,751190.0,736235.0,0.9800915880136849,54.75118703300783,16.0,22.627416997969522,45.254833995939045,71.55417527999327,113.13708498984761,39.811086147498656,,,,,,,,,,,,,,,,,,,,,,,,2.7488425925925926,19.0,27.0,0.016816555334569286,381952.0,3824406528.0,64313344.0,11413504.0,0.004801568945260749,0.0021897508375454972,0.00861394211598631,0.006424191278440813,0.0026646177857330765,-0.005840285672364464,0.01224253838652146,0.008745695313632654,0.22838880035023518,0.5418080456250199,0.2298031540247451,225.0,5.333241171452813,27.0,21.0,568.0,13.463471046156434,13.556009305590907,1.646499582800805,4.680572914038869,42188229.02747306,,,,,,,,,,,0.6433843499376937,0.0,0.9514649966450458,0.0,0.25492858740454355,143.7760506654844,48.0,82.4058549951846,125188.0,54.62741699796952,79.48990056109866,133.5553385958069,176.0,246.71259264344016
crop1027,Kidney,Chemical,Glomerular,Glomerular interstitium,4.0,8.0,matched,,,,11.313708498984761,19.595917942265423,40.792156108742276,72.0,118.92854997854805,6006917.0,5894642.0,0.9813090475530126,51.304296810819395,11.313708498984761,19.595917942265423,40.0,70.19971509913698,110.85125168440814,40.758325414655474,,,,,,,,,,,,,,,,,,,,,,,,2.7488425925925926,19.0,27.0,0.01696863742743577,0.0,3826722816.0,64934272.0,11424512.0,0.004142933231066142,0.0018917846905547962,0.007445389923905197,0.005553605233350401,0.002505235023732829,-0.004833432711441273,0.010249194472166757,0.007360982590350486,0.19836846403836336,0.5382540912496426,0.26337744471199337,215.0,5.223674154064573,27.0,20.0,530.0,12.876964193740575,12.928075296737033,1.3228531628306692,4.3198074654613166,41158769.41380564,,,,,,,,,,,0.7105249070859397,0.0,0.9566362816022513,0.10173324870379151,0.3327107199119037,130.56631513163848,24.0,84.82324344075597,523064.0,39.74495028054933,65.64607201529357,120.45338528679123,167.19595949289334,235.6546583584077
crop1027,Kidney,Chemical,Glomerular,Glomerular interstitium,4.0,4.0,native,6414754.0,0.3846,0.444,8.0,18.33030277982336,40.0,70.8801805866774,117.37120600896968,47953778.0,47123116.0,0.9826778611687279,49.886561992389176,8.0,18.33030277982336,39.395431207184416,68.58571279792899,109.2520022699813,41.19007908760667,0.0036208098754286766,0.009766689501702785,2.46026349067688,5.909979343414307,-0.004946982953697443,0.0018208780093118548,0.008562043309211731,-3.090468406677246,1.4043216705322266,5.380181789398193,0.4451,0.35336233605702083,0.6466376639429792,0.336715200744867,0.663284799255133,0.224,32.0,73.32121276855469,167.80941772460938,62293.0,62293.0,50630.0,129021.0,2.7488425925925926,19.0,27.0,0.01697291282570416,0.0,3833761280.0,65070096.0,11442192.0,0.0036883756240264952,0.0016964885846046853,0.006498551156266714,0.004802062571662029,0.0019722552569243286,-0.005089580692127789,0.008385196587619602,0.006557077537065376,0.21070744275435946,0.49769305509649653,0.29159950214914526,234.0,6.203718811564393,27.0,17.0,554.0,14.687436844472966,11.83183206985709,1.1434380793456105,3.850600032617791,37719311.127351396,0.5559835370370371,3.842958208,60046222.0,6414754.0,0.444016462962963,41539024.0,3.069041792,47953778.0,6.912,108000000.0,0.7332945534702875,0.045089833474243966,0.959062123927568,0.13673905312762735,0.3609056589554401,125.05158367147367,12.0,85.47034147568263,2123095.0,33.14153314314416,59.712812921102035,114.40588203494178,163.16129506733344,230.20334871928353
crop1028,Kidney,Chemical,PCT brush border,PCT brush border,4.0,4.0,degradation,,,,6.928203230275509,18.33030277982336,80.09993757800315,166.18062462272792,252.1269521491108,14332063.0,11840426.0,0.8261494524549606,70.04128003874911,5.656854249492381,14.422205101855956,53.81449618829484,119.19731540601072,163.65818036383027,59.80142058546538,,,,,,,,,,,,,,,,,,,,,,,,41.666666666666664,64.0,104.0,0.03668901752344339,0.0,580864832.0,21311360.0,2747456.0,0.0068745963425953655,0.004443195784497747,0.009560258538243643,0.005117062753745896,0.006790562954084996,0.00146320739065768,0.012397580035595381,0.005039979448435623,0.033020799769119535,0.8799646264364835,0.08701457379439644,7.0,0.6726002347357564,104.0,62.0,273.0,26.2314091546945,20.685137088962307,1.641190181461921,6.115077405858214,10407370.735976744,,,,,,,,,,,0.7061931995502965,0.147517794497524,0.8201441608103688,0.4396934796749802,0.6189138682398769,145.62557058467377,12.0,184.754859193946,1329765.0,16.58505747976789,27.31370849898476,45.93673728290915,217.0908814272409,429.09219616611654
crop1028,Kidney,Chemical,PCT brush border,PCT brush border,4.0,8.0,degradation,,,,8.0,19.595917942265423,80.39900496896712,166.85322891691368,254.11808278829744,1789974.0,1474131.0,0.8235488336702097,70.9352889291355,8.0,16.0,54.258639865002145,119.19731540601072,163.3646228532971,58.91436862624933,,,,,,,,,,,,,,,,,,,,,,,,42.317708333333336,65.0,104.0,0.036677556285240054,5760.0,582700544.0,21372032.0,2812032.0,0.00803218772005874,0.005095844884030849,0.011565664901106483,0.006469820017075634,0.007969629876602975,0.002092647471248458,0.015651787393172238,0.006220086776941696,0.02558532887135584,0.9031809838912355,0.07123368723740851,6.0,0.4373422898444893,104.0,71.0,290.0,21.138210675816982,22.382985538575333,1.979752905942552,6.995015334206338,13719231.227635195,,,,,,,,,,,0.6899116308018944,0.0,0.8101784128929933,0.35041530679624533,0.5941525308597119,156.09964648058295,24.0,186.06597747350838,316513.0,24.0,33.17011495953578,54.62741699796952,235.90886444596123,438.96168965029983
crop1028,Kidney,Chemical,PCT brush border,PCT brush border,4.0,16.0,degradation,,,,16.0,22.627416997969522,81.58431221748455,170.0823330037544,256.4995126701024,223664.0,183485.0,0.8203600042921525,74.01542689561919,16.0,16.0,57.688820407423826,120.797350964332,163.95121225535357,57.289333166212224,,,,,,,,,,,,,,,,,,,,,,,,43.619791666666664,67.0,104.0,0.0353646878298741,804352.0,585920512.0,20720896.0,2865408.0,0.00851745775307565,0.004734840786777903,0.013156321791346138,0.008421481004568236,0.008423078478686107,0.0009804697143408398,0.018480635778143326,0.007996607780959387,0.038091632723053936,0.8637345941703269,0.09817377310661936,6.0,0.4150059800396904,104.0,73.0,308.0,21.303640308704107,23.236826482444833,2.4585542762877757,7.532513856794494,14457622.994796775,,,,,,,,,,,0.6326998208148518,0.0,0.7750345151719884,0.0,0.5048908733072879,186.89541598027446,48.0,190.31446683218755,68086.0,48.0,48.0,79.48990056109866,291.9955942799481,468.54833995939043
crop1028,Kidney,Chemical,PCT brush border,PCT brush border,4.0,8.0,matched,,,,8.0,19.595917942265423,80.39900496896712,166.85322891691368,254.11808278829744,1789974.0,1474131.0,0.8235488336702097,70.9352889291355,8.0,16.0,54.258639865002145,119.19731540601072,163.3646228532971,58.91436862624933,,,,,,,,,,,,,,,,,,,,,,,,42.317708333333336,65.0,104.0,0.036677556285240054,5760.0,582700544.0,21372032.0,2812032.0,0.00803218772005874,0.005095844884030849,0.011565664901106483,0.006469820017075634,0.007969629876602975,0.002092647471248458,0.015651787393172238,0.006220086776941696,0.02558532887135584,0.9031809838912355,0.07123368723740851,6.0,0.4373422898444893,104.0,71.0,290.0,21.138210675816982,22.382985538575333,1.979752905942552,6.995015334206338,13719231.227635195,,,,,,,,,,,0.6899116308018944,0.0,0.8101784128929933,0.35041530679624533,0.5941525308597119,156.09964648058295,24.0,186.06597747350838,316513.0,24.0,33.17011495953578,54.62741699796952,235.90886444596123,438.96168965029983
crop1028,Kidney,Chemical,PCT brush border,PCT brush border,4.0,4.0,native,0.0,0.5972,0.5972,6.928203230275509,18.33030277982336,80.09993757800315,166.18062462272792,252.1269521491108,14332063.0,11840426.0,0.8261494524549606,70.04128003874911,5.656854249492381,14.422205101855956,53.81449618829484,119.19731540601072,163.65818036383027,59.80142058546538,0.003075462533161044,0.007164085749536753,2.3047945499420166,4.505797386169434,-0.0013719031121581793,0.0027504130266606808,0.0069860732182860374,-0.16571402549743652,2.2307143211364746,4.359759330749512,0.5964,0.17937853107344634,0.8206214689265536,0.1162227602905569,0.8837772397094431,0.283,16.0,35.7770881652832,147.51271057128906,4956.0,4956.0,3842.0,10394.0,41.666666666666664,64.0,104.0,0.03668901752344339,0.0,580864832.0,21311360.0,2747456.0,0.0068745963425953655,0.004443195784497747,0.009560258538243643,0.005117062753745896,0.006790562954084996,0.00146320739065768,0.012397580035595381,0.005039979448435623,0.033020799769119535,0.8799646264364835,0.08701457379439644,7.0,0.6726002347357564,104.0,62.0,273.0,26.2314091546945,20.685137088962307,1.641190181461921,6.115077405858214,10407370.735976744,0.40283070833333334,0.618747968,9667937.0,0.0,0.5971692916666667,14332063.0,0.917252032,14332063.0,1.536,24000000.0,0.7061931995502965,0.147517794497524,0.8201441608103688,0.4396934796749802,0.6189138682398769,145.62557058467377,12.0,184.754859193946,1329765.0,16.58505747976789,27.31370849898476,45.93673728290915,217.0908814272409,429.09219616611654
crop1029,Kidney,Chemical,PCT brush border,PCT brush border,4.0,4.0,degradation,,,,12.0,62.0966987850401,208.30746506066458,388.1030790911095,567.6336846946277,26840290.0,13071529.0,0.4870114667166413,73.61243517967308,5.656854249492381,16.0,58.92367945062494,124.70765814495917,168.949696655543,61.10297673616659,,,,,,,,,,,,,,,,,,,,,,,,30.381944444444446,70.0,97.0,0.04143099047702827,0.0,563111616.0,23330272.0,2367200.0,0.006518143180002541,0.004177132795803878,0.009248842251827849,0.005071709456023971,0.006492368691206534,0.0018450147789195962,0.01220132206443013,0.004556809155220095,0.01860488108461662,0.8929059799339149,0.0884891389814686,1.0,0.09880563701458762,97.0,62.0,255.0,25.195437438719843,19.37503110562094,1.4979031318140092,5.634465153433729,10120880.045056138,,,,,,,,,,,0.5881608241775033,0.1144862642742097,0.697984378024197,0.33720524867600304,0.49940181030199243,278.3188964023594,12.0,366.9269885008243,1766998.0,18.928203230275507,31.688704263277558,80.31052757219823,421.2248934312954,819.6314390588412
crop1029,Kidney,Chemical,PCT brush border,PCT brush border,4.0,8.0,degradation,,,,13.856406460551018,62.99206299209449,209.990475974507,389.7075826821952,568.9006943219529,3355156.0,1624288.0,0.4841169829361138,74.48558348355597,8.0,17.88854381999832,58.787753826796276,124.70765814495917,168.949696655543,60.25223764002229,,,,,,,,,,,,,,,,,,,,,,,,30.381944444444446,70.0,96.0,0.04135462033490165,384.0,562172928.0,23248448.0,2366912.0,0.0076485988186233,0.004818556841089711,0.011152428690357348,0.006333871849267638,0.0076327601078986645,0.0023219720562589925,0.01532848342373959,0.005887244153015166,0.014730183300530865,0.9131053637208535,0.0721644529786156,1.0,0.07365643350241968,96.0,72.0,267.0,19.666267745146055,21.07414752025567,1.832508874078226,6.509981650890163,13576546.57508158,,,,,,,,,,,0.5731734295860744,0.0,0.6869348547476276,0.27795540548407754,0.47931536356756127,290.79736473942927,24.0,369.34993532158575,429425.0,27.31370849898476,37.856406460551014,93.25483399593904,440.73947494630505,837.4540846889734
crop1029,Kidney,Chemical,PCT brush border,PCT brush border,4.0,16.0,degradation,,,,16.0,65.96969000988257,211.0544953323667,391.9183588453085,570.8660087971607,419330.0,201838.0,0.4813345098132736,77.38884348110268,16.0,22.627416997969522,59.86651818838306,125.98412598418898,170.0823330037544,58.566674836229026,,,,,,,,,,,,,,,,,,,,,,,,30.381944444444446,70.0,97.0,0.040188322266295574,527872.0,560713728.0,22534144.0,2363904.0,0.008106881441112256,0.0045927428395935894,0.012609127739497154,0.008016384899903565,0.008077340360163401,0.0015777575735404612,0.018212327061232787,0.007659844901736752,0.024535257107531083,0.8830655515683166,0.09239919132415247,1.0,0.06895483627940022,97.0,76.0,279.0,19.23839932195266,22.090352304854672,2.2566632887002624,7.156036175493532,14502246.020106109,,,,,,,,,,,0.5139553055164869,0.0,0.6446111371568474,0.0,0.3939469708808668,333.1143831197839,48.0,378.35345784436885,95985.0,48.0,54.62741699796952,147.93938001976514,505.3448250737514,898.0937594227731
crop1029,Kidney,Chemical,PCT brush border,PCT brush border,4.0,8.0,matched,,,,13.856406460551018,62.99206299209449,209.990475974507,389.7075826821952,568.9006943219529,3355156.0,1624288.0,0.4841169829361138,74.48558348355597,8.0,17.88854381999832,58.787753826796276,124.70765814495917,168.949696655543,60.25223764002229,,,,,,,,,,,,,,,,,,,,,,,,30.381944444444446,70.0,96.0,0.04135462033490165,384.0,562172928.0,23248448.0,2366912.0,0.0076485988186233,0.004818556841089711,0.011152428690357348,0.006333871849267638,0.0076327601078986645,0.0023219720562589925,0.01532848342373959,0.005887244153015166,0.014730183300530865,0.9131053637208535,0.0721644529786156,1.0,0.07365643350241968,96.0,72.0,267.0,19.666267745146055,21.07414752025567,1.832508874078226,6.509981650890163,13576546.57508158,,,,,,,,,,,0.5731734295860744,0.0,0.6869348547476276,0.27795540548407754,0.47931536356756127,290.79736473942927,24.0,369.34993532158575,429425.0,27.31370849898476,37.856406460551014,93.25483399593904,440.73947494630505,837.4540846889734
crop1029,Kidney,Chemical,PCT brush border,PCT brush border,4.0,4.0,native,0.0,0.7456,0.7456,12.0,62.0966987850401,208.30746506066458,388.1030790911095,567.6336846946277,26840290.0,13071529.0,0.4870114667166413,73.61243517967308,5.656854249492381,16.0,58.92367945062494,124.70765814495917,168.949696655543,61.10297673616659,0.004506281577050686,0.0087449811398983,3.3697431087493896,5.446627140045166,0.0012826945167034864,0.004497561138123274,0.0087449811398983,1.7416930198669434,3.3697431087493896,5.446627140045166,0.7455,0.037889307677048206,0.9621106923229518,0.009323546915294585,0.9906764530847054,0.013,22.627416610717773,48.0,218.21090698242188,5041.0,5041.0,5052.0,10170.0,30.381944444444446,70.0,97.0,0.04143099047702827,0.0,563111616.0,23330272.0,2367200.0,0.006518143180002541,0.004177132795803878,0.009248842251827849,0.005071709456023971,0.006492368691206534,0.0018450147789195962,0.01220132206443013,0.004556809155220095,0.01860488108461662,0.8929059799339149,0.0884891389814686,1.0,0.09880563701458762,97.0,62.0,255.0,25.195437438719843,19.37503110562094,1.4979031318140092,5.634465153433729,10120880.045056138,0.25443638888888886,0.58622144,9159710.0,0.0,0.7455636111111111,26840290.0,1.71777856,26840290.0,2.304,36000000.0,0.5881608241775033,0.1144862642742097,0.697984378024197,0.33720524867600304,0.49940181030199243,278.3188964023594,12.0,366.9269885008243,1766998.0,18.928203230275507,31.688704263277558,80.31052757219823,421.2248934312954,819.6314390588412
crop1030,Kidney,Chemical,DCT base,DCT base,4.0,4.0,degradation,,,,4.0,8.0,23.664319132398465,44.0,58.240879114244144,15596505.0,15596505.0,1.0,27.740382786779982,4.0,8.0,23.664319132398465,44.0,58.240879114244144,20.978542588448047,,,,,,,,,,,,,,,,,,,,,,,,4.296875,22.0,28.0,0.016933766533660317,0.0,4114907328.0,69680880.0,14834096.0,0.002511541761415069,0.0011295863841795063,0.004699234750103691,0.003569648365924185,0.0006587496463170294,-0.004159861581260916,0.006610802993515782,0.007624471501796895,0.2264722288063982,0.35758584583608444,0.4159419253575185,120.0,3.3006962034284113,28.0,22.0,499.0,13.725395045923143,8.803262707270726,0.9220040173747317,2.921186097393729,36355966.31866841,,,,,,,,,,,0.9712687256726351,0.526565715073294,1.0,0.6611157914982798,0.7086215981574687,50.9839194741964,12.0,51.98673336568896,2256461.0,12.0,13.65685424949238,19.872475140274666,101.6436458225811,137.24278954738134
crop1030,Kidney,Chemical,DCT base,DCT base,4.0,8.0,degradation,,,,8.0,11.313708498984761,24.0,45.254833995939045,58.787753826796276,1945458.0,1945458.0,1.0,29.543707490486867,8.0,11.313708498984761,24.0,45.254833995939045,58.787753826796276,20.352757351426742,,,,,,,,,,,,,,,,,,,,,,,,4.296875,22.0,28.0,0.01689327760575374,49984.0,4116758016.0,69545536.0,14838912.0,0.0028642567787388216,0.001276135144466781,0.005537577014947877,0.004261441870481096,0.0010735260147499831,-0.004017901794385921,0.008990572202070592,0.008101039050794845,0.2123643126348145,0.41393425298487113,0.3737014343803147,123.0,3.091211716751389,28.0,23.0,480.0,12.06326523610298,10.114885656735932,1.134434707238743,3.486516309216045,39790221.85166371,,,,,,,,,,,0.9509561991296493,0.0,1.0,0.526738945650305,0.5968779741219605,70.5613546777867,24.0,52.51827897725121,412937.0,24.0,24.0,33.17011495953578,121.13708498984761,147.43642627390182
crop1030,Kidney,Chemical,DCT base,DCT base,4.0,16.0,degradation,,,,16.0,16.0,27.712812921102035,48.0,59.86651818838306,243137.0,243137.0,1.0,34.018601724704304,16.0,16.0,27.712812921102035,48.0,59.86651818838306,18.966516829436376,,,,,,,,,,,,,,,,,,,,,,,,4.296875,22.0,28.0,0.014958198339476052,7472896.0,4116414464.0,61574144.0,14821120.0,0.0036496926039181815,0.001562286749739757,0.006961179327952301,0.0053988925782125444,0.0012186609289424751,-0.005100403132051194,0.011335576948968919,0.008908827305601606,0.24771382329758568,0.4453381539349852,0.3069480227674292,142.0,3.5544965186391213,28.0,23.0,494.0,12.365642818364268,11.143260839814985,1.4923951939207616,3.9972317124098757,39949399.0936208,,,,,,,,,,,0.8779470060504903,0.0,1.0,0.0,0.35908020625316683,106.56153520177227,48.0,46.28780228508433,67102.0,48.0,48.0,116.68045983814312,143.74876918229162,163.88225099390854
crop1030,Kidney,Chemical,DCT base,DCT base,4.0,8.0,matched,,,,8.0,11.313708498984761,24.0,45.254833995939045,58.787753826796276,1945458.0,1945458.0,1.0,29.543707490486867,8.0,11.313708498984761,24.0,45.254833995939045,58.787753826796276,20.352757351426742,,,,,,,,,,,,,,,,,,,,,,,,4.296875,22.0,28.0,0.01689327760575374,49984.0,4116758016.0,69545536.0,14838912.0,0.0028642567787388216,0.001276135144466781,0.005537577014947877,0.004261441870481096,0.0010735260147499831,-0.004017901794385921,0.008990572202070592,0.008101039050794845,0.2123643126348145,0.41393425298487113,0.3737014343803147,123.0,3.091211716751389,28.0,23.0,480.0,12.06326523610298,10.114885656735932,1.134434707238743,3.486516309216045,39790221.85166371,,,,,,,,,,,0.9509561991296493,0.0,1.0,0.526738945650305,0.5968779741219605,70.5613546777867,24.0,52.51827897725121,412937.0,24.0,24.0,33.17011495953578,121.13708498984761,147.43642627390182
crop1030,Kidney,Chemical,DCT base,DCT base,4.0,4.0,native,4638511.0,0.137,0.195,4.0,8.0,23.664319132398465,44.0,58.240879114244144,15596505.0,15596505.0,1.0,27.740382786779982,4.0,8.0,23.664319132398465,44.0,58.240879114244144,20.978542588448047,0.0020876696798950434,0.006267197895795107,1.1993191242218018,3.2147741317749023,-0.004341571591794491,-0.00010233084321953356,0.004428264684975147,-2.545400619506836,-0.12287789583206177,2.348904848098755,0.1945,0.5136157337367625,0.4863842662632375,0.5314949800577637,0.46850501994223626,0.067,16.0,22.627416610717773,39.191837310791016,29084.0,29084.0,29007.0,61003.0,4.296875,22.0,28.0,0.016933766533660317,0.0,4114907328.0,69680880.0,14834096.0,0.002511541761415069,0.0011295863841795063,0.004699234750103691,0.003569648365924185,0.0006587496463170294,-0.004159861581260916,0.006610802993515782,0.007624471501796895,0.2264722288063982,0.35758584583608444,0.4159419253575185,120.0,3.3006962034284113,28.0,22.0,499.0,13.725395045923143,8.803262707270726,0.9220040173747317,2.921186097393729,36355966.31866841,0.8050436875,4.12182368,64403495.0,4638511.0,0.1949563125,10957994.0,0.99817632,15596505.0,5.12,80000000.0,0.9712687256726351,0.526565715073294,1.0,0.6611157914982798,0.7086215981574687,50.9839194741964,12.0,51.98673336568896,2256461.0,12.0,13.65685424949238,19.872475140274666,101.6436458225811,137.24278954738134
crop1031,Kidney,Chemical,PCT lateral,PCT lateral,4.0,4.0,degradation,,,,4.0,4.0,8.0,14.966629547095765,21.540659228538015,3612809.0,3612809.0,1.0,10.692853479329154,4.0,4.0,8.0,14.966629547095765,21.540659228538015,6.996687961928733,,,,,,,,,,,,,,,,,,,,,,,,0.12460127591706538,2.0,2.0,0.0015052489107334045,0.0,15819980224.0,23813008.0,41328720.0,0.0013656885829490205,0.000600449360982091,0.002626282004116771,0.00202583264313468,5.552452703304273e-05,-0.0029293286720995892,0.0031807932018265276,0.004017876890570399,0.16697577902357125,0.18421505640242858,0.648809164574,51.0,2.9444431536367537,2.0,2.0,124.0,7.159038255901127,5.396653199687817,0.5766955527271823,1.8521081007805904,17320762.310187124,,,,,,,,,,,1.0,0.41495196921953165,1.0,0.917252860188386,1.0,22.94457300845867,12.0,10.055839415128574,588685.0,12.0,12.0,20.94427190999916,28.58020766040636,38.380966322468964
crop1031,Kidney,Chemical,PCT lateral,PCT lateral,4.0,8.0,degradation,,,,8.0,8.0,8.0,16.0,24.0,451637.0,451637.0,1.0,12.928237589102283,8.0,8.0,8.0,16.0,24.0,6.46957638644703,,,,,,,,,,,,,,,,,,,,,,,,0.12460127591706538,2.0,2.0,0.001504663046388574,0.0,15819961856.0,23803712.0,41330880.0,0.0017257186090090873,0.0007351439038867121,0.00327314913640235,0.0025380052325156377,6.912119301231825e-05,-0.003454485283247926,0.0040589273911875254,0.0047114312865244225,0.20449816066821389,0.23979070966758712,0.5557111296641989,57.0,3.2325829029709063,2.0,2.0,137.0,7.7695413632809505,5.991657879807403,0.6777472830196699,2.1093396265996787,17632958.445586696,,,,,,,,,,,1.0,0.0,1.0,0.7967681281848652,1.0,31.78882962044096,24.0,8.363589898414459,110091.0,24.0,24.0,29.856406460551018,37.856406460551014,43.77708763999664
crop1031,Kidney,Chemical,PCT lateral,PCT lateral,4.0,16.0,degradation,,,,16.0,16.0,16.0,16.0,27.712812921102035,55872.0,55872.0,1.0,18.434449161480927,16.0,16.0,16.0,16.0,27.712812921102035,5.11196028448165,,,,,,,,,,,,,,,,,,,,,,,,0.12460127591706538,2.0,2.0,0.0013516314778773753,2343424.0,15822348288.0,21385984.0,41337088.0,0.003572527311506467,0.001247044111160523,0.006519715063023816,0.005272670951863293,-9.53674315709108e-07,-0.006773572830656774,0.007798297031977989,0.0068023113370498794,0.32366223254206905,0.3279182722539545,0.34841949520397636,97.0,5.768969525721277,2.0,2.0,187.0,11.121621662988442,6.909420871165538,0.9481608608806895,2.6166889451162296,16814094.712672688,,,,,,,,,,,1.0,0.0,1.0,0.0,0.9999427360705492,50.47190113699642,48.0,4.534896698336926,17463.0,48.0,48.0,48.0,54.62741699796952,54.62741699796952
crop1031,Kidney,Chemical,PCT lateral,PCT lateral,4.0,8.0,matched,,,,8.0,8.0,8.0,16.0,24.0,451637.0,451637.0,1.0,12.928237589102283,8.0,8.0,8.0,16.0,24.0,6.46957638644703,,,,,,,,,,,,,,,,,,,,,,,,0.12460127591706538,2.0,2.0,0.001504663046388574,0.0,15819961856.0,23803712.0,41330880.0,0.0017257186090090873,0.0007351439038867121,0.00327314913640235,0.0025380052325156377,6.912119301231825e-05,-0.003454485283247926,0.0040589273911875254,0.0047114312865244225,0.20449816066821389,0.23979070966758712,0.5557111296641989,57.0,3.2325829029709063,2.0,2.0,137.0,7.7695413632809505,5.991657879807403,0.6777472830196699,2.1093396265996787,17632958.445586696,,,,,,,,,,,1.0,0.0,1.0,0.7967681281848652,1.0,31.78882962044096,24.0,8.363589898414459,110091.0,24.0,24.0,29.856406460551018,37.856406460551014,43.77708763999664
crop1031,Kidney,Chemical,PCT lateral,PCT lateral,4.0,4.0,native,0.0,0.0144,0.0144,4.0,4.0,8.0,14.966629547095765,21.540659228538015,3612809.0,3612809.0,1.0,10.692853479329154,4.0,4.0,8.0,14.966629547095765,21.540659228538015,6.996687961928733,0.001630381215363741,0.004748285748064518,0.783126950263977,2.3097121715545654,-0.0039177038706839085,-0.00025552944862283766,0.002892803866416216,-1.851580023765564,-0.11109685897827148,1.4685484170913696,0.0143,0.5577539884200442,0.4413087849377265,0.5421127171241721,0.45788728287582786,0.303,16.0,22.627416610717773,45.25483322143555,48014.0,48014.0,34762.0,97903.0,0.12460127591706538,2.0,2.0,0.0015052489107334045,0.0,15819980224.0,23813008.0,41328720.0,0.001365480349686751,0.0006001869000381859,0.002625244112649929,0.002025057212611743,5.5528756774354636e-05,-0.0029284234264408938,0.0031803188422322858,0.004012769006008495,0.1669328812839077,0.18418543272477972,0.6488816859913129,51.0,2.9444431553588752,2.0,2.0,124.0,7.159038260088246,5.396662113276545,0.5766979908288608,1.8521123954094687,17320762.3000567,0.985594860446571,15.819980224,247187191.0,0.0,0.014405139553429027,3612809.0,0.231219776,3612809.0,16.0512,250800000.0,1.0,0.41495196921953165,1.0,0.917252860188386,1.0,22.94457300845867,12.0,10.055839415128574,588685.0,12.0,12.0,20.94427190999916,28.58020766040636,38.380966322468964
crop1032,Kidney,Chemical,PCT base,PCT base,4.0,4.0,degradation,,,,5.656854249492381,14.422205101855956,41.376321731154405,76.4198926981712,107.70329614269008,19408691.0,19404011.0,0.9997588709099444,49.47666102365639,5.656854249492381,14.422205101855956,41.376321731154405,76.4198926981712,107.70329614269008,39.19824387012472,,,,,,,,,,,,,,,,,,,,,,,,5.615234375,23.0,25.0,0.018862202415234196,0.0,2850879808.0,53773872.0,11270608.0,0.002787818225591298,0.0012386750938805666,0.005207378956363485,0.003968703862482919,0.0010253062500905415,-0.00417008754934192,0.007254307108356518,0.005205525654885059,0.2120715820395696,0.40587883788126355,0.38204958007916684,140.0,4.492810570537644,25.0,23.0,443.0,14.216536305344118,9.416149157918614,0.9013207735175262,3.06295710262913,31160895.34646161,,,,,,,,,,,0.8019286557532891,0.5219341322469898,0.987205670754232,0.6081077939288417,0.6747882379381518,77.19242614167993,12.0,91.35555199554493,1935545.0,13.65685424949238,14.928203230275509,18.60112615949154,130.69449965776144,237.98704658648637
crop1032,Kidney,Chemical,PCT base,PCT base,4.0,8.0,degradation,,,,8.0,16.0,43.08131845707603,77.56287771866127,108.51727973000429,2422907.0,2422248.0,0.9997280126723808,50.888065943572315,8.0,16.0,43.08131845707603,77.56287771866127,108.51727973000429,38.562925888667166,,,,,,,,,,,,,,,,,,,,,,,,5.615234375,23.0,25.0,0.018834110378880158,1344.0,2852404224.0,53722496.0,11272512.0,0.003115466393656827,0.0013735296783110448,0.006000988739544254,0.004627459061233209,0.0014049220720014997,-0.0040914239720948025,0.009234779160385538,0.006253655233109925,0.20319261286059698,0.4482175471730816,0.34858983996632154,138.0,4.128725146043876,25.0,23.0,447.0,13.37347927740299,10.600762092650644,1.1010276859573203,3.5811437756275124,33424361.060273267,,,,,,,,,,,0.7609660218736621,0.0,0.9841420815007978,0.5245567858949909,0.6123214494220216,94.21600338946547,24.0,92.58685161052325,411088.0,24.0,24.0,35.31370849898476,154.20467975244782,248.94955372469158
crop1032,Kidney,Chemical,PCT base,PCT base,4.0,16.0,degradation,,,,16.0,22.627416997969522,45.254833995939045,80.0,112.0,302055.0,301946.0,0.9996391385674794,54.56814966592284,16.0,22.627416997969522,45.254833995939045,80.0,112.0,37.36474505618719,,,,,,,,,,,,,,,,,,,,,,,,5.615234375,23.0,25.0,0.01746117726205384,3767808.0,2855497728.0,49860352.0,11272960.0,0.003845917645185395,0.0016585484266118064,0.007401575724270458,0.0057430272976586524,0.001610303426737344,-0.005213526348300314,0.011561557841559881,0.007713590084285182,0.23370241393526622,0.4725672119088942,0.29373037415583964,147.0,4.3147985167472305,25.0,23.0,468.0,13.736909563521795,11.551190082397717,1.375400470719224,4.03067125276777,34068798.2137386,,,,,,,,,,,0.5535563628850358,0.0,0.9657707605158491,0.0,0.2898465882677043,157.0493862222522,48.0,89.75446526499641,58079.0,48.0,70.62741699796952,147.42069346837633,236.46834790983752,279.62133025687103
crop1032,Kidney,Chemical,PCT base,PCT base,4.0,8.0,matched,,,,8.0,16.0,43.08131845707603,77.56287771866127,108.51727973000429,2422907.0,2422248.0,0.9997280126723808,50.888065943572315,8.0,16.0,43.08131845707603,77.56287771866127,108.51727973000429,38.562925888667166,,,,,,,,,,,,,,,,,,,,,,,,5.615234375,23.0,25.0,0.018834110378880158,1344.0,2852404224.0,53722496.0,11272512.0,0.003115466393656827,0.0013735296783110448,0.006000988739544254,0.004627459061233209,0.0014049220720014997,-0.0040914239720948025,0.009234779160385538,0.006253655233109925,0.20319261286059698,0.4482175471730816,0.34858983996632154,138.0,4.128725146043876,25.0,23.0,447.0,13.37347927740299,10.600762092650644,1.1010276859573203,3.5811437756275124,33424361.060273267,,,,,,,,,,,0.7609660218736621,0.0,0.9841420815007978,0.5245567858949909,0.6123214494220216,94.21600338946547,24.0,92.58685161052325,411088.0,24.0,24.0,35.31370849898476,154.20467975244782,248.94955372469158
crop1032,Kidney,Chemical,PCT base,PCT base,4.0,4.0,native,6647628.0,0.1994,0.3033,5.656854249492381,14.422205101855956,41.376321731154405,76.4198926981712,107.70329614269008,19408691.0,19404011.0,0.9997588709099444,49.47666102365639,5.656854249492381,14.422205101855956,41.376321731154405,76.4198926981712,107.70329614269008,39.19824387012472,0.0030551692470908165,0.008594734594225883,1.8222898244857788,4.459906578063965,-0.005639765411615372,0.0012280191294848919,0.0064720879308879375,-3.1791160106658936,0.8165186643600464,3.5505712032318115,0.3021,0.37810191324114417,0.6218980867588558,0.3733282818715666,0.6266717181284334,0.149,16.0,65.96968841552734,130.96563720703125,26395.0,26395.0,24089.0,55646.0,5.615234375,23.0,25.0,0.018862202415234196,0.0,2850879808.0,53773872.0,11270608.0,0.002787818225591298,0.0012386750938805666,0.005207378956363485,0.003968703862482919,0.0010253062500905415,-0.00417008754934192,0.007254307108356518,0.005205525654885059,0.2120715820395696,0.40587883788126355,0.38204958007916684,140.0,4.492810570537644,25.0,23.0,443.0,14.216536305344118,9.416149157918614,0.9013207735175262,3.06295710262913,31160895.34646161,0.696739171875,2.853843648,44591307.0,6647628.0,0.303260796875,12761063.0,1.242156224,19408691.0,4.096,64000000.0,0.8019286557532891,0.5219341322469898,0.987205670754232,0.6081077939288417,0.6747882379381518,77.19242614167993,12.0,91.35555199554493,1935545.0,13.65685424949238,14.928203230275509,18.60112615949154,130.69449965776144,237.98704658648637
crop1033,Cortex,Chemical,,Unmyelinated nerve fibers,2.0,2.0,degradation,,,,2.0,2.0,2.8284271247461903,6.0,9.16515138991168,5986777.0,5986777.0,1.0,4.551831648764386,2.0,2.0,2.8284271247461903,6.0,9.16515138991168,3.418511087008957,,,,,,,,,,,,,,,,,,,,,,,,18.0,18.0,22.0,0.018181639911573386,0.0,947692952.0,17230612.0,5529772.0,0.0032019485245921193,0.0015559462536317767,0.005339516909448007,0.0037835706558162303,0.0015325238343179975,-0.004654154065123977,0.00674041564639021,0.005041610355777836,0.22446514450780655,0.45497739129244863,0.32055746419974435,15.0,2.3201373439414805,22.0,17.0,229.0,35.420763450839935,6.842417548833199,0.8985978041386932,3.4070339618295566,6465134.505579656,,,,,,,,,,,1.0,0.8831527695584644,1.0,0.994221389490056,1.0,10.735768374174192,6.0,7.196260651439228,2340355.0,6.0,6.0,6.82842712474619,13.313708498984761,21.17879049077957
crop1033,Cortex,Chemical,,Unmyelinated nerve fibers,2.0,4.0,degradation,,,,4.0,4.0,4.0,6.928203230275509,9.797958971132712,748291.0,748291.0,1.0,5.85849706072824,4.0,4.0,4.0,6.928203230275509,9.797958971132712,3.066244868210757,,,,,,,,,,,,,,,,,,,,,,,,18.0,18.0,22.0,0.01813414534969488,10592.0,947506688.0,17182224.0,5527248.0,0.004289401703806541,0.0020849288473598717,0.007157755790699933,0.005072826943340061,0.0032187395217205222,-0.0037515152823599345,0.010096103672398661,0.005781596383826368,0.16631403809946438,0.5938935152622772,0.23979244663825847,26.0,2.9568996600697406,22.0,17.0,186.0,21.153205260498915,14.124780032601997,1.1922661665618577,4.288556437163668,8792993.672090575,,,,,,,,,,,1.0,0.7307969955314795,1.0,0.9859590614317163,1.0,17.419228937635392,12.0,7.096077617504058,335234.0,12.0,12.0,13.65685424949238,20.94427190999916,27.31370849898476
crop1033,Cortex,Chemical,,Unmyelinated nerve fibers,2.0,8.0,degradation,,,,8.0,8.0,8.0,8.0,11.313708498984761,93324.0,93324.0,1.0,8.97592005531636,8.0,8.0,8.0,8.0,11.313708498984761,2.401262982185819,,,,,,,,,,,,,,,,,,,,,,,,18.0,18.0,22.0,0.014633202076683793,3281984.0,947233280.0,13861056.0,5521152.0,0.005071053918394686,0.002420037224841983,0.008803901803101567,0.006383864578259584,0.0042206874904227734,-0.003310333701919487,0.01326213307830149,0.007275592372404886,0.14414989682464124,0.6487071755440873,0.20714292763127157,23.0,2.3831297359264227,22.0,17.0,188.0,19.47949523278989,15.741987068101789,1.4967616867194795,5.083407299480804,9651174.10658255,,,,,,,,,,,1.0,0.0,1.0,0.9468860446077355,1.0,27.899490214343295,24.0,5.9160822948161815,50081.0,24.0,24.0,24.0,30.627416997969522,35.712812921102035
crop1033,Cortex,Chemical,,Unmyelinated nerve fibers,2.0,16.0,degradation,,,,16.0,16.0,16.0,16.0,16.0,11380.0,11380.0,1.0,16.204009794367483,16.0,16.0,16.0,16.0,16.0,1.2363190776344302,,,,,,,,,,,,,,,,,,,,,,,,19.46339446057534,19.0,22.0,0.010684570506729133,6997248.0,926740480.0,9901824.0,5546496.0,0.0058114082965391965,0.00263818451140515,0.010357750205415536,0.007719565694010386,0.0046275066843437145,-0.004135062472343048,0.0159743465948642,0.009057904083587883,0.1631826962628824,0.6443770745281329,0.1924402292089848,24.0,2.881040501568919,22.0,18.0,197.0,23.648540783711542,16.9664536341532,1.8441611004744187,5.630754456294468,8330323.710107649,,,,,,,,,,,1.0,0.0,1.0,0.0,0.9996668332500417,49.091196260367056,48.0,3.230770854935542,6003.0,48.0,48.0,48.0,48.0,54.62741699796952
crop1033,Cortex,Chemical,,Unmyelinated nerve fibers,2.0,8.0,matched,,,,8.0,8.0,8.0,8.0,11.313708498984761,93324.0,93324.0,1.0,8.97592005531636,8.0,8.0,8.0,8.0,11.313708498984761,2.401262982185819,,,,,,,,,,,,,,,,,,,,,,,,18.0,18.0,22.0,0.014633202076683793,3281984.0,947233280.0,13861056.0,5521152.0,0.005071053918394686,0.002420037224841983,0.008803901803101567,0.006383864578259584,0.0042206874904227734,-0.003310333701919487,0.01326213307830149,0.007275592372404886,0.14414989682464124,0.6487071755440873,0.20714292763127157,23.0,2.3831297359264227,22.0,17.0,188.0,19.47949523278989,15.741987068101789,1.4967616867194795,5.083407299480804,9651174.10658255,,,,,,,,,,,1.0,0.0,1.0,0.9468860446077355,1.0,27.899490214343295,24.0,5.9160822948161815,50081.0,24.0,24.0,24.0,30.627416997969522,35.712812921102035
crop1033,Cortex,Chemical,,Unmyelinated nerve fibers,2.0,2.0,native,,,,2.0,2.0,2.8284271247461903,6.0,9.16515138991168,5986777.0,5986777.0,1.0,4.551831648764386,2.0,2.0,2.8284271247461903,6.0,9.16515138991168,3.418511087008957,0.003667237935587764,0.008940725587308407,2.216097354888916,4.701375484466553,-0.006150025874376297,-0.0011176051339134574,0.007509911432862282,-3.4621641635894775,-0.6518487930297852,4.237194061279297,0.0477,0.5826839826839827,0.4173160173160173,0.5652597402597402,0.43474025974025976,0.0,0.0,16.0,22.627416610717773,9240.0,9240.0,10314.0,19700.0,18.0,18.0,22.0,0.018181639911573386,0.0,947692952.0,17230612.0,5529772.0,0.003201655177720643,0.0015558539867450017,0.0053393801210094545,0.0037835261342644526,0.0015327372976389495,-0.00465406315669697,0.006740257712350159,0.005027363854718707,0.22445139544545978,0.45500217882062977,0.32054642573390973,15.0,2.3201373442653725,22.0,17.0,229.0,35.42076345578469,6.842418583006022,0.8985983213244975,3.407034819089286,6465134.5046771215,0.952105784,0.952105784,119013223.0,0.0,0.047894216,5986777.0,0.047894216,5986777.0,1.0,125000000.0,1.0,0.8831527695584644,1.0,0.994221389490056,1.0,10.735768374174192,6.0,7.196260651439228,2340355.0,6.0,6.0,6.82842712474619,13.313708498984761,21.17879049077957
crop1034,Cortex,Chemical,,Neuropil (synaptic cleft),2.0,2.0,degradation,,,,2.0,2.0,4.47213595499958,7.483314773547883,12.0,5578838.0,5578838.0,1.0,5.761877389376175,2.0,2.0,4.47213595499958,7.483314773547883,12.0,4.567028966006588,,,,,,,,,,,,,,,,,,,,,,,,39.0625,20.0,24.0,0.025590331438861958,0.0,463391888.0,11858352.0,3432608.0,0.002851800976242118,0.0013414943678654188,0.004928267775114576,0.003586773407249157,0.0018693772806860796,-0.003093516713401339,0.006736912220879168,0.004510811122706214,0.1508191540470176,0.485192796866476,0.36398804908650695,3.0,0.6632558543763543,24.0,20.0,170.0,37.584498414660075,6.688304033454787,0.8678753919468152,3.2962847111495583,4523141.379311062,,,,,,,,,,,1.0,0.7948288526338018,1.0,0.9744199392295554,0.9999507069295711,13.609780399654449,6.0,9.877190971517798,1643233.0,6.0,6.0,9.936237570137333,17.729526024783205,27.59532716735955
crop1034,Cortex,Chemical,,Neuropil (synaptic cleft),2.0,4.0,degradation,,,,4.0,4.0,5.656854249492381,8.94427190999916,12.649110640673518,694482.0,694482.0,1.0,6.913593668917141,4.0,4.0,5.656854249492381,8.94427190999916,12.649110640673518,4.221917645283278,,,,,,,,,,,,,,,,,,,,,,,,39.0625,20.0,24.0,0.02553387271014685,7008.0,463460288.0,11833936.0,3432880.0,0.003902368763497551,0.0018056225202391339,0.006832978133694462,0.005027355613455328,0.003255569459887194,-0.002355534295284526,0.009926043664090995,0.00526557854074891,0.1142625588841906,0.6099604898337218,0.2757769512820878,7.0,1.151939887029143,24.0,20.0,150.0,24.684426150624496,13.877169876942997,1.169038025174454,4.203766374956133,6076705.979904058,,,,,,,,,,,1.0,0.6326783725538409,1.0,0.9528377616106684,0.9998445161197009,20.06399767064108,12.0,9.505944189156832,276556.0,12.0,12.0,16.58505747976789,24.25798040898392,33.38883464895172
crop1034,Cortex,Chemical,,Neuropil (synaptic cleft),2.0,8.0,degradation,,,,8.0,8.0,8.0,11.313708498984761,13.856406460551018,86720.0,86720.0,1.0,9.775645095314124,8.0,8.0,8.0,11.313708498984761,13.856406460551018,3.5596979250105476,,,,,,,,,,,,,,,,,,,,,,,,39.0625,20.0,24.0,0.02174807933729401,1730560.0,463306752.0,10076032.0,3430656.0,0.004706407828166649,0.0021426607933960617,0.008570153395767251,0.006427492602371189,0.004145442513470312,-0.0021405738142864644,0.013430090360238704,0.006980332158449635,0.10538078670964215,0.6606125403481928,0.23400667294216473,6.0,0.8952765857947238,24.0,20.0,146.0,21.785063587671612,15.653817697922292,1.502918515770773,5.07332911594082,6701839.515521215,,,,,,,,,,,1.0,0.0,1.0,0.8873660093282055,0.9993863022665903,29.85414450771246,24.0,8.28751178479415,48884.0,24.0,24.0,27.31370849898476,33.17011495953578,41.88854381999832
crop1034,Cortex,Chemical,,Neuropil (synaptic cleft),2.0,16.0,degradation,,,,16.0,16.0,16.0,16.0,16.0,10841.0,10841.0,1.0,16.629627714536507,16.0,16.0,16.0,16.0,16.0,2.3606418492663104,,,,,,,,,,,,,,,,,,,,,,,,39.0625,20.0,24.0,0.017116893918614012,3835648.0,462917632.0,7923712.0,3433216.0,0.005542049293290098,0.0024625106419541272,0.010172563128698917,0.00771005248674479,0.004662732599708403,-0.00315912380557444,0.016346489876766145,0.00912757723597171,0.13836021635077486,0.6552717575018048,0.2063680261474204,5.0,0.802952259465317,24.0,20.0,168.0,26.97919591803465,16.828475413536157,1.8894806483643694,5.6542077283937475,6227020.275563434,,,,,,,,,,,1.0,0.0,1.0,0.0,0.9932300285843237,50.81043818470156,48.0,6.009580755751604,6647.0,48.0,48.0,48.0,54.62741699796952,54.62741699796952
crop1034,Cortex,Chemical,,Neuropil (synaptic cleft),2.0,8.0,matched,,,,8.0,8.0,8.0,11.313708498984761,13.856406460551018,86720.0,86720.0,1.0,9.775645095314124,8.0,8.0,8.0,11.313708498984761,13.856406460551018,3.5596979250105476,,,,,,,,,,,,,,,,,,,,,,,,39.0625,20.0,24.0,0.02174807933729401,1730560.0,463306752.0,10076032.0,3430656.0,0.004706407828166649,0.0021426607933960617,0.008570153395767251,0.006427492602371189,0.004145442513470312,-0.0021405738142864644,0.013430090360238704,0.006980332158449635,0.10538078670964215,0.6606125403481928,0.23400667294216473,6.0,0.8952765857947238,24.0,20.0,146.0,21.785063587671612,15.653817697922292,1.502918515770773,5.07332911594082,6701839.515521215,,,,,,,,,,,1.0,0.0,1.0,0.8873660093282055,0.9993863022665903,29.85414450771246,24.0,8.28751178479415,48884.0,24.0,24.0,27.31370849898476,33.17011495953578,41.88854381999832
crop1034,Cortex,Chemical,,Neuropil (synaptic cleft),2.0,2.0,native,,,,2.0,2.0,4.47213595499958,7.483314773547883,12.0,5578838.0,5578838.0,1.0,5.761877389376175,2.0,2.0,4.47213595499958,7.483314773547883,12.0,4.567028966006588,0.004502787254750729,0.010959443636238575,3.7519636154174805,7.442709922790527,-0.0006566141964867711,0.004267570562660694,0.010927912779152393,0.33525997400283813,3.665708541870117,7.442709922790527,0.0867,0.13154864709268854,0.8684513529073115,0.08376511226252159,0.9162348877374784,0.0,16.0,16.0,27.712812423706055,3474.0,3474.0,3606.0,7060.0,39.0625,20.0,24.0,0.025590331438861958,0.0,463391888.0,11858352.0,3432608.0,0.002851800976242118,0.0013414943678654188,0.004928267775114576,0.003586773407249157,0.0018693772806860796,-0.003093516713401339,0.006736912220879168,0.004510811122706214,0.1508191540470176,0.485192796866476,0.36398804908650695,3.0,0.6632558543763543,24.0,20.0,170.0,37.584498414660075,6.688304033454787,0.8678753919468152,3.2962847111495583,4523141.379311062,0.91283065625,0.467369296,58421162.0,0.0,0.08716934375,5578838.0,0.044630704,5578838.0,0.512,64000000.0,1.0,0.7948288526338018,1.0,0.9744199392295554,0.9999507069295711,13.609780399654449,6.0,9.877190971517798,1643233.0,6.0,6.0,9.936237570137333,17.729526024783205,27.59532716735955
crop1035,Cortex,Chemical,,Neuronal cell processes,2.0,2.0,degradation,,,,2.0,2.8284271247461903,4.0,6.6332495807108,12.0,5316575.0,5316575.0,1.0,5.746755393489636,2.0,2.8284271247461903,4.0,6.6332495807108,12.0,4.862069749611824,,,,,,,,,,,,,,,,,,,,,,,,11.0,11.0,20.0,0.008584979077637061,0.0,948684432.0,8144436.0,5396428.0,0.00285325277037872,0.001328817572488051,0.004977312740041768,0.0036484951675537164,0.00031229909309104885,-0.005392522090380159,0.005739679680300081,0.004949628078421571,0.2938007308882956,0.3405825838119707,0.36561668529973357,8.0,2.2119473598764214,20.0,9.0,110.0,30.414276198300797,5.842103857602468,0.7886800276727266,2.822154144713435,3616722.59707254,,,,,,,,,,,1.0,0.8119107945060345,1.0,0.9647269571642161,0.9995669720805902,16.101317238688615,8.928203230275509,9.393537278608395,1147732.0,9.936237570137333,10.47213595499958,12.12899020449196,16.69441732447586,27.41640786499874
crop1035,Cortex,Chemical,,Neuronal cell processes,2.0,4.0,degradation,,,,4.0,4.0,5.656854249492381,8.0,12.649110640673518,666808.0,666808.0,1.0,6.861558082465304,4.0,4.0,5.656854249492381,8.0,12.649110640673518,4.630440802466875,,,,,,,,,,,,,,,,,,,,,,,,11.0,11.0,20.0,0.008592640384849649,0.0,948301760.0,8148416.0,5393472.0,0.0034835336301902928,0.001599436099631149,0.006143703079784283,0.004544266980153134,0.0013628696737717748,-0.00486837058220403,0.008788278805237127,0.005744471648965665,0.24223927761605218,0.4494554067604632,0.3083053156234843,24.0,5.435299097386178,20.0,10.0,110.0,24.911787529686645,11.031006259727405,1.0137249587799668,3.4959560688158704,4415580.3700925205,,,,,,,,,,,1.0,0.7574931974919449,1.0,0.9582315566782883,0.9993702025790379,18.584863762789837,12.0,9.235062361737128,287394.0,12.0,13.65685424949238,15.313708498984761,19.872475140274666,29.2664991614216
crop1035,Cortex,Chemical,,Neuronal cell processes,2.0,8.0,degradation,,,,8.0,8.0,8.0,8.0,16.0,83715.0,83715.0,1.0,9.70178892291908,8.0,8.0,8.0,8.0,16.0,3.9962444955452927,,,,,,,,,,,,,,,,,,,,,,,,11.0,11.0,20.0,0.008590555184264511,2304.0,947660288.0,8140928.0,5388416.0,0.004121798593855329,0.0018869901889282427,0.00776052448569936,0.005873534296771117,0.0022559588181232416,-0.004566392777426183,0.012959993701084353,0.007635610802113886,0.21827025644694625,0.517527134882444,0.2642026086706095,20.0,3.950853202791362,20.0,12.0,119.0,23.507576556608605,13.078185996989868,1.3312514335939456,4.393798062714293,5062197.700959776,,,,,,,,,,,1.0,0.0,1.0,0.910313632087745,0.9981786522026299,28.30964389124158,24.0,8.736386549742546,49963.0,24.0,24.0,24.0,27.31370849898476,39.74495028054933
crop1035,Cortex,Chemical,,Neuronal cell processes,2.0,16.0,degradation,,,,16.0,16.0,16.0,16.0,16.0,10309.0,10309.0,1.0,16.72956380347341,16.0,16.0,16.0,16.0,16.0,2.8427701025546885,,,,,,,,,,,,,,,,,,,,,,,,12.292670185626532,12.0,20.0,0.007513295814747191,1183488.0,926511104.0,6961152.0,5351168.0,0.005340626257643735,0.0023239701182622067,0.010154586761588981,0.007830616643326774,0.0030254877092653737,-0.0055740140359732526,0.016620541463501004,0.009930447874540732,0.23056274411509373,0.5507794547783902,0.21865780110651603,23.0,4.404580762742608,20.0,13.0,127.0,24.32094595079614,14.823821812517323,1.7403578904345751,5.226242080119999,5221836.365120605,,,,,,,,,,,1.0,0.0,1.0,0.0,0.9784378437843785,51.79911560203221,48.0,8.093023264718015,4545.0,48.0,48.0,48.0,54.62741699796952,61.254833995939045
crop1035,Cortex,Chemical,,Neuronal cell processes,2.0,8.0,matched,,,,8.0,8.0,8.0,8.0,16.0,83715.0,83715.0,1.0,9.70178892291908,8.0,8.0,8.0,8.0,16.0,3.9962444955452927,,,,,,,,,,,,,,,,,,,,,,,,11.0,11.0,20.0,0.008590555184264511,2304.0,947660288.0,8140928.0,5388416.0,0.004121798593855329,0.0018869901889282427,0.00776052448569936,0.005873534296771117,0.0022559588181232416,-0.004566392777426183,0.012959993701084353,0.007635610802113886,0.21827025644694625,0.517527134882444,0.2642026086706095,20.0,3.950853202791362,20.0,12.0,119.0,23.507576556608605,13.078185996989868,1.3312514335939456,4.393798062714293,5062197.700959776,,,,,,,,,,,1.0,0.0,1.0,0.910313632087745,0.9981786522026299,28.30964389124158,24.0,8.736386549742546,49963.0,24.0,24.0,24.0,27.31370849898476,39.74495028054933
crop1035,Cortex,Chemical,,Neuronal cell processes,2.0,2.0,native,,,,2.0,2.8284271247461903,4.0,6.6332495807108,12.0,5316575.0,5316575.0,1.0,5.746755393489636,2.0,2.8284271247461903,4.0,6.6332495807108,12.0,4.862069749611824,0.0031046648509800434,0.00875383336097002,1.913955807685852,4.489764213562012,-0.005927628837525845,-0.000528794655110687,0.006764350924640894,-3.1549835205078125,-0.24274811148643494,3.8950443267822266,0.0433,0.5448663853727145,0.4551336146272855,0.5378340365682138,0.46216596343178623,0.0,16.0,16.0,22.627416610717773,7110.0,7110.0,7992.0,15431.0,11.0,11.0,20.0,0.008584979077637061,0.0,948684432.0,8144436.0,5396428.0,0.002853184664063441,0.001328817572488051,0.004977244519297522,0.003648426946809471,0.0003122416012273337,-0.005392319754846901,0.005739196219490289,0.00486778074564165,0.2938015706137176,0.34058958690154867,0.3656088424847338,8.0,2.211947359700034,20.0,9.0,110.0,30.414276195875466,5.842101566981717,0.7886795683809612,2.8221529111297072,3616722.597360949,0.9574674,0.9574674,119683425.0,0.0,0.0425326,5316575.0,0.0425326,5316575.0,1.0,125000000.0,1.0,0.8119107945060345,1.0,0.9647269571642161,0.9995669720805902,16.101317238688615,8.928203230275509,9.393537278608395,1147732.0,9.936237570137333,10.47213595499958,12.12899020449196,16.69441732447586,27.41640786499874
crop1036,Cortex,Chemical,,Glial-neuronal (synaptic clefts),2.0,2.0,degradation,,,,2.0,2.8284271247461903,6.0,10.198039027185569,14.422205101855956,6830094.0,6830094.0,1.0,7.370196839922216,2.0,2.8284271247461903,6.0,10.198039027185569,14.422205101855956,5.02067836051834,,,,,,,,,,,,,,,,,,,,,,,,23.4375,12.0,14.0,0.018106693558611334,0.0,455464272.0,8246952.0,3323184.0,0.002604981464707368,0.001241109017922702,0.0045260146623215475,0.0032849056443988453,0.0014712594303068448,-0.0032320871707236048,0.006188149172242025,0.004229882923130965,0.16594786375112022,0.43894604844240204,0.39510608780647744,1.0,0.31983478611692473,14.0,10.0,110.0,35.181826472861715,6.147436724296385,0.7781002584370297,2.9772843548487393,3126614.250253634,,,,,,,,,,,1.0,0.49967640871236835,1.0,0.9214013334403249,1.0,21.527732657251853,6.0,11.787665237276661,1146508.0,6.82842712474619,12.12899020449196,20.0,28.67953701485454,37.989017689370016
crop1036,Cortex,Chemical,,Glial-neuronal (synaptic clefts),2.0,4.0,degradation,,,,4.0,4.0,6.928203230275509,11.313708498984761,14.966629547095765,853302.0,853302.0,1.0,8.357531437531975,4.0,4.0,6.928203230275509,11.313708498984761,14.966629547095765,4.737832546848668,,,,,,,,,,,,,,,,,,,,,,,,23.4375,12.0,14.0,0.018087101236415333,544.0,455401664.0,8236896.0,3322240.0,0.003457251958023703,0.0016232602204936408,0.006090077214236873,0.004466816993743232,0.00271507604379153,-0.002585483606155365,0.009110041166201809,0.005107106551495621,0.12670904969020566,0.5684921535148558,0.30479879679493826,7.0,1.6925842440200818,14.0,10.0,88.0,21.278201924823886,12.657039708484469,1.0447606122037587,3.75895068276003,4135687.794998137,,,,,,,,,,,1.0,0.3624567607634814,1.0,0.8917011551053184,1.0,25.56424094059087,12.0,10.763646053592927,259024.0,12.0,16.58505747976789,23.595917942265423,31.688704263277558,40.970562748477136
crop1036,Cortex,Chemical,,Glial-neuronal (synaptic clefts),2.0,8.0,degradation,,,,8.0,8.0,8.0,11.313708498984761,17.88854381999832,106735.0,106735.0,1.0,10.831062903078973,8.0,8.0,8.0,11.313708498984761,17.88854381999832,4.127857518865358,,,,,,,,,,,,,,,,,,,,,,,,23.4375,12.0,14.0,0.017234882358036066,374208.0,455173632.0,7844864.0,3318592.0,0.004186853817148544,0.0019160833662256226,0.007792879837239086,0.005876796471013464,0.0035747211072423087,-0.0023206650059335314,0.012378481913190456,0.006705154021016269,0.11314150192614868,0.6267253669805127,0.2601331310933387,7.0,1.451889189359436,14.0,12.0,97.0,20.11903590969504,14.481971591553583,1.3727598092460107,4.615211769977872,4821304.581163218,,,,,,,,,,,1.0,0.0,1.0,0.7973045150263495,1.0,33.21027093784436,24.0,9.270162158702345,56168.0,24.0,27.31370849898476,30.627416997969522,37.856406460551014,45.48446176226374
crop1036,Cortex,Chemical,,Glial-neuronal (synaptic clefts),2.0,16.0,degradation,,,,16.0,16.0,16.0,16.0,22.627416997969522,13386.0,13386.0,1.0,17.045256756712668,16.0,16.0,16.0,16.0,22.627416997969522,2.816850045798363,,,,,,,,,,,,,,,,,,,,,,,,23.4375,12.0,14.0,0.015783925981315148,1001984.0,454651904.0,7176192.0,3317248.0,0.005046923533033171,0.0022159908575973635,0.009533870864995372,0.007317880007398008,0.004106301052809759,-0.0031104256900927633,0.015469970179892682,0.008867312901090595,0.14091367485256162,0.6316215465980888,0.22746477854934957,8.0,1.6280945990890456,14.0,12.0,100.0,20.35118248861307,15.880755589668349,1.7772619519235373,5.337810112640153,4913719.3898168905,,,,,,,,,,,1.0,0.0,1.0,0.0,0.9966388266449379,51.75381261132347,48.0,6.233910924285273,9818.0,48.0,48.0,48.0,54.62741699796952,61.254833995939045
crop1036,Cortex,Chemical,,Glial-neuronal (synaptic clefts),2.0,8.0,matched,,,,8.0,8.0,8.0,11.313708498984761,17.88854381999832,106735.0,106735.0,1.0,10.831062903078973,8.0,8.0,8.0,11.313708498984761,17.88854381999832,4.127857518865358,,,,,,,,,,,,,,,,,,,,,,,,23.4375,12.0,14.0,0.017234882358036066,374208.0,455173632.0,7844864.0,3318592.0,0.004186853817148544,0.0019160833662256226,0.007792879837239086,0.005876796471013464,0.0035747211072423087,-0.0023206650059335314,0.012378481913190456,0.006705154021016269,0.11314150192614868,0.6267253669805127,0.2601331310933387,7.0,1.451889189359436,14.0,12.0,97.0,20.11903590969504,14.481971591553583,1.3727598092460107,4.615211769977872,4821304.581163218,,,,,,,,,,,1.0,0.0,1.0,0.7973045150263495,1.0,33.21027093784436,24.0,9.270162158702345,56168.0,24.0,27.31370849898476,30.627416997969522,37.856406460551014,45.48446176226374
crop1036,Cortex,Chemical,,Glial-neuronal (synaptic clefts),2.0,2.0,native,,,,2.0,2.8284271247461903,6.0,10.198039027185569,14.422205101855956,6830094.0,6830094.0,1.0,7.370196839922216,2.0,2.8284271247461903,6.0,10.198039027185569,14.422205101855956,5.02067836051834,0.002632430288940668,0.00711943581700325,1.8652039766311646,4.401768207550049,-0.0008084361325018108,0.0024790281895548105,0.007105854339897633,-0.07623111456632614,1.8482218980789185,4.401768207550049,0.1071,0.16561514195583596,0.8343848580441641,0.10970907816333683,0.8902909218366631,0.001,16.0,22.627416610717773,35.7770881652832,5706.0,5706.0,6220.0,12206.0,23.4375,12.0,14.0,0.018106693558611334,0.0,455464272.0,8246952.0,3323184.0,0.0026047191614997373,0.0012410530187194908,0.0045258850211045065,0.0032848320023850155,0.0014712189261870622,-0.0032316891101633253,0.006187922280146297,0.004209855444858564,0.16595578401285824,0.43895826102597013,0.39508595496117144,1.0,0.3198343899608428,14.0,10.0,110.0,35.181782895692706,6.147444613164269,0.7780997705851409,2.977285580761991,3126618.1229680446,0.89327978125,0.457359248,57169906.0,0.0,0.10672021875,6830094.0,0.054640752,6830094.0,0.512,64000000.0,1.0,0.49967640871236835,1.0,0.9214013334403249,1.0,21.527732657251853,6.0,11.787665237276661,1146508.0,6.82842712474619,12.12899020449196,20.0,28.67953701485454,37.989017689370016
crop1037,Cortex,Chemical,,Neurovascular (endothelium/glia/neurons),2.0,2.0,degradation,,,,8.246211251235321,24.73863375370596,92.0,176.02272580550502,279.1128803907122,64698755.0,51435441.0,0.7949989300412349,72.95607819320199,6.324555320336759,18.33030277982336,62.51399843235114,120.0,161.20794025109308,58.29328703328166,,,,,,,,,,,,,,,,,,,,,,,,5.859375,9.0,16.0,0.009517775344108012,0.0,1012170560.0,9633612.0,4981012.0,0.0021144760224797903,0.0009420722410118177,0.00396287416268121,0.0030208019216693928,0.00042416124364374797,-0.003942801843860234,0.005083516401080015,0.004457627033781016,0.21780217278069117,0.30312635451025544,0.4790714727090535,3.0,0.677250608812131,16.0,8.0,113.0,25.5097729319236,4.895691620742823,0.6852041611589913,2.4309522482382855,4429674.866238767,,,,,,,,,,,0.6916180400637747,0.17684432018547924,0.7934452313457311,0.3420202039881932,0.6658334388668622,158.30011344122428,6.82842712474619,202.34697517482343,1539795.0,14.32455532033676,26.4681522645563,57.35223072410328,260.1932957888006,463.71847188853144
crop1037,Cortex,Chemical,,Neurovascular (endothelium/glia/neurons),2.0,4.0,degradation,,,,8.94427190999916,25.298221281347036,92.43376006633075,176.58992043715293,280.0,8100824.0,6429606.0,0.7936977769175086,73.4098626439215,8.0,19.595917942265423,62.99206299209449,120.13325934144966,161.24515496597098,58.001180788289794,,,,,,,,,,,,,,,,,,,,,,,,5.859375,9.0,16.0,0.009525445053114945,0.0,1011072128.0,9630912.0,4972352.0,0.0025865856819134434,0.0011364602138126698,0.004979033946079988,0.003842573732267318,0.0011230233574752414,-0.003519756997970712,0.00765785595614785,0.004985147409783337,0.1824246204511403,0.40782467114674875,0.4097507084021107,19.0,3.513765857450937,16.0,9.0,114.0,21.08259514470562,9.921652792265192,0.8929320240151475,3.0912049597394278,5407303.949894817,,,,,,,,,,,0.6911973319432883,0.150192298216541,0.7923594200192428,0.33106672994483904,0.6635753723427706,160.13654447807238,12.0,202.2176462597045,385599.0,16.58505747976789,28.58020766040636,59.0987120370146,261.3918521652541,465.4308511009162
crop1037,Cortex,Chemical,,Neurovascular (endothelium/glia/neurons),2.0,8.0,degradation,,,,11.313708498984761,26.5329983228432,93.637599285757,177.2681584492827,280.7988603965479,1012100.0,800784.0,0.7912103547080328,74.43503845243805,8.0,19.595917942265423,64.4980619863884,120.53215338655491,160.99689437998487,57.21047901392558,,,,,,,,,,,,,,,,,,,,,,,,5.859375,9.0,16.0,0.009472954493656462,128.0,1010918400.0,9576384.0,4967744.0,0.003068990149912253,0.0013517665933820366,0.006117595985801181,0.004765829392419145,0.0016564951073893687,-0.0034692892797058396,0.010796012606410933,0.006819295608048412,0.17525508042980065,0.4693284701463466,0.3554164494238529,19.0,3.1828836399425735,16.0,9.0,108.0,18.092180690199893,11.51082840942365,1.1879500448587645,3.8086865978212017,5969429.658554154,,,,,,,,,,,0.6807401141437611,0.0,0.7834480838624707,0.28119411934768873,0.6446659742373462,168.82470766839148,24.0,202.76387394424313,93391.0,24.0,35.712812921102035,63.23148037553857,275.23873928318454,474.31952396874226
crop1037,Cortex,Chemical,,Neurovascular (endothelium/glia/neurons),2.0,16.0,degradation,,,,16.0,32.0,96.0,178.88543819998318,283.5207223467096,126823.0,99918.0,0.7878539381657901,77.54757613527217,16.0,22.627416997969522,65.96969000988257,122.89833196589773,161.59207901379324,55.85986677028337,,,,,,,,,,,,,,,,,,,,,,,,5.859375,9.0,16.0,0.009270838831750465,133376.0,1008775168.0,9352192.0,4954368.0,0.004562859640039832,0.002046421083601502,0.008478128166933278,0.0064317070833317756,0.0025150230375518908,-0.005109043957612986,0.014236505835628882,0.009520551718992038,0.2226063100855046,0.5333857489303697,0.2440079409841256,21.0,3.3077822303193956,16.0,10.0,115.0,18.114045546987168,12.981777830833897,1.6069204289674361,4.584351137094948,6348664.615074211,,,,,,,,,,,0.6282948622486969,0.0,0.743608835939439,0.0,0.5091089600397121,200.7290665823428,48.0,206.8659760926016,20145.0,48.0,59.712812921102035,79.48990056109866,326.14168804996484,513.795735734205
crop1037,Cortex,Chemical,,Neurovascular (endothelium/glia/neurons),2.0,8.0,matched,,,,11.313708498984761,26.5329983228432,93.637599285757,177.2681584492827,280.7988603965479,1012100.0,800784.0,0.7912103547080328,74.43503845243805,8.0,19.595917942265423,64.4980619863884,120.53215338655491,160.99689437998487,57.21047901392558,,,,,,,,,,,,,,,,,,,,,,,,5.859375,9.0,16.0,0.009472954493656462,128.0,1010918400.0,9576384.0,4967744.0,0.003068990149912253,0.0013517665933820366,0.006117595985801181,0.004765829392419145,0.0016564951073893687,-0.0034692892797058396,0.010796012606410933,0.006819295608048412,0.17525508042980065,0.4693284701463466,0.3554164494238529,19.0,3.1828836399425735,16.0,9.0,108.0,18.092180690199893,11.51082840942365,1.1879500448587645,3.8086865978212017,5969429.658554154,,,,,,,,,,,0.6807401141437611,0.0,0.7834480838624707,0.28119411934768873,0.6446659742373462,168.82470766839148,24.0,202.76387394424313,93391.0,24.0,35.712812921102035,63.23148037553857,275.23873928318454,474.31952396874226
crop1037,Cortex,Chemical,,Neurovascular (endothelium/glia/neurons),2.0,2.0,native,,,,8.246211251235321,24.73863375370596,92.0,176.02272580550502,279.1128803907122,64698755.0,51435441.0,0.7949989300412349,72.95607819320199,6.324555320336759,18.33030277982336,62.51399843235114,120.0,161.20794025109308,58.29328703328166,0.001991068944334984,0.007010252680629492,1.0835669040679932,3.7043135166168213,-0.0036152491811662912,0.00037468477967195213,0.005705829709768295,-1.8633431196212769,0.21850809454917908,3.202160596847534,0.3382,0.445343625498008,0.554656374501992,0.43824701195219123,0.5617529880478087,0.066,22.627416610717773,48.0,65.96968841552734,8032.0,8032.0,8423.0,17515.0,5.859375,9.0,16.0,0.009517775344108012,0.0,1012170560.0,9633612.0,4981012.0,0.0021142446948944358,0.0009418536107353738,0.003962298790948419,0.003020445180213045,0.00042419416771344006,-0.003941950689744918,0.005083205635138649,0.004437812255155571,0.21777826107509513,0.3031252824892812,0.47909645643562354,3.0,0.6772503908871901,16.0,8.0,113.0,25.509764723417494,4.895693133403459,0.6852036168307273,2.430952471585851,4429676.2916150335,0.6630273177083333,1.01840996,127301245.0,0.0,0.33697268229166666,64698755.0,0.51759004,64698755.0,1.536,192000000.0,0.6916180400637747,0.17684432018547924,0.7934452313457311,0.3420202039881932,0.6658334388668622,158.30011344122428,6.82842712474619,202.34697517482343,1539795.0,14.32455532033676,26.4681522645563,57.35223072410328,260.1932957888006,463.71847188853144
crop1038,Liver,Chemical,Space of Disse,Space of Disse,4.0,4.0,degradation,,,,8.94427190999916,20.396078054371138,48.82622246293481,107.70329614269008,217.18195136797164,35129706.0,31160459.0,0.8870116647147573,55.56530308759695,8.0,17.88854381999832,40.98780306383839,81.68231142664855,128.31211945876353,47.03044073977079,,,,,,,,,,,,,,,,,,,,,,,,4.150390625,17.0,61.0,0.02245575406701576,0.0,1828481728.0,41059936.0,7135520.0,0.004249668415670566,0.0019203648523716432,0.007572192943601587,0.005651828091229943,0.002330880021091935,-0.005315626195459442,0.010063235653402523,0.008706269391963667,0.2174385376423498,0.5229235323888528,0.25963792996879825,100.0,4.614186412442068,61.0,16.0,327.0,15.088389568685562,14.112516369417923,1.299877991990326,4.448848983770446,21672293.024475962,,,,,,,,,,,0.7516671435481661,0.024033895556427508,0.9296290669681427,0.1791008469229027,0.47546700989707746,130.51083523557682,12.0,139.6440489473584,1072943.0,29.91560980209512,48.51890981469013,84.18758731592669,159.12520680414917,275.515641742763
crop1038,Liver,Chemical,Space of Disse,Space of Disse,4.0,8.0,degradation,,,,11.313708498984761,22.627416997969522,50.59644256269407,108.81176406988355,219.5267637441959,4386883.0,3881666.0,0.8848346308757266,56.745545267819026,11.313708498984761,19.595917942265423,41.569219381653056,82.365041127896,128.74781551544865,46.426682720004166,,,,,,,,,,,,,,,,,,,,,,,,4.150390625,17.0,61.0,0.022393783084839837,128.0,1830542336.0,40992768.0,7142016.0,0.005162944102506642,0.002303324590314812,0.009318821833635542,0.007015497243320731,0.0035295173962156343,-0.004802605506171035,0.01321312850562386,0.009321281876542969,0.19069109641977952,0.5904476886709855,0.21886121490923516,102.0,4.025389247748999,61.0,21.0,326.0,12.865459752609544,15.963749408603652,1.6151743873291113,5.250512945416746,25339164.419202067,,,,,,,,,,,0.7433473231343172,0.0,0.9273545737623539,0.1373821020804188,0.4469741414323751,135.44687622238408,24.0,140.31565722045468,265908.0,35.31370849898476,54.62741699796952,88.7610552661839,163.12575543732254,279.2922762023021
crop1038,Liver,Chemical,Space of Disse,Space of Disse,4.0,16.0,degradation,,,,16.0,22.627416997969522,53.0659966456864,112.0,222.8542124349459,548491.0,484309.0,0.8829844063074873,60.10884356510532,16.0,22.627416997969522,45.254833995939045,86.16263691415206,129.98461447417537,45.30323228270586,,,,,,,,,,,,,,,,,,,,,,,,4.150390625,17.0,61.0,0.0222229436696348,38144.0,1829408768.0,40654848.0,7153408.0,0.0059329781992191145,0.0027020683890722486,0.010620884342217045,0.007918815953144797,0.003990109295672324,-0.005839343636177619,0.015461839167979172,0.010501846743704225,0.20921852540705546,0.6019176656975102,0.18886380889543458,100.0,3.785544880261013,61.0,22.0,344.0,13.022274388097886,16.73684165163419,2.0308470359924145,5.853376556143,26416276.4312822,,,,,,,,,,,0.713135886310759,0.0,0.9196692447965793,0.0,0.35603345280764637,149.4952030202433,48.0,140.58211548836567,63612.0,54.62741699796952,66.34022991907156,100.4466698804699,176.0,292.2012688781922
crop1038,Liver,Chemical,Space of Disse,Space of Disse,4.0,8.0,matched,,,,11.313708498984761,22.627416997969522,50.59644256269407,108.81176406988355,219.5267637441959,4386883.0,3881666.0,0.8848346308757266,56.745545267819026,11.313708498984761,19.595917942265423,41.569219381653056,82.365041127896,128.74781551544865,46.426682720004166,,,,,,,,,,,,,,,,,,,,,,,,4.150390625,17.0,61.0,0.022393783084839837,128.0,1830542336.0,40992768.0,7142016.0,0.005162944102506642,0.002303324590314812,0.009318821833635542,0.007015497243320731,0.0035295173962156343,-0.004802605506171035,0.01321312850562386,0.009321281876542969,0.19069109641977952,0.5904476886709855,0.21886121490923516,102.0,4.025389247748999,61.0,21.0,326.0,12.865459752609544,15.963749408603652,1.6151743873291113,5.250512945416746,25339164.419202067,,,,,,,,,,,0.7433473231343172,0.0,0.9273545737623539,0.1373821020804188,0.4469741414323751,135.44687622238408,24.0,140.31565722045468,265908.0,35.31370849898476,54.62741699796952,88.7610552661839,163.12575543732254,279.2922762023021
crop1038,Liver,Chemical,Space of Disse,Space of Disse,4.0,4.0,native,,,,8.94427190999916,20.396078054371138,48.82622246293481,107.70329614269008,217.18195136797164,35129706.0,31160459.0,0.8870116647147573,55.56530308759695,8.0,17.88854381999832,40.98780306383839,81.68231142664855,128.31211945876353,47.03044073977079,0.004322158172726631,0.013634287752211094,3.073488473892212,7.953955173492432,-0.005854124668985605,0.00216022040694952,0.011301753111183643,-3.53314471244812,1.7001534700393677,7.214554786682129,0.5485,0.3517356130586953,0.6482643869413047,0.3379998852487234,0.6620001147512766,0.346,35.7770881652832,112.0,262.9068298339844,87145.0,87145.0,59760.0,180024.0,4.150390625,17.0,61.0,0.02245575406701576,0.0,1828481728.0,41059936.0,7135520.0,0.004249593551378607,0.001920122856922937,0.00757204718620484,0.005651924329281903,0.0023310159127607477,-0.005315279153592322,0.010063343829632143,0.008699950478094135,0.21743105492546821,0.5229329905669236,0.2596359545076085,100.0,4.614185332348777,61.0,16.0,327.0,15.088386036780502,14.112503681552157,1.2998766198621552,4.448845021511074,21672298.097548805,0.45109834375,1.847698816,28870294.0,0.0,0.54890165625,35129706.0,2.248301184,35129706.0,4.096,64000000.0,0.7516671435481661,0.024033895556427508,0.9296290669681427,0.1791008469229027,0.47546700989707746,130.51083523557682,12.0,139.6440489473584,1072943.0,29.91560980209512,48.51890981469013,84.18758731592669,159.12520680414917,275.515641742763
crop1039,Liver,Chemical,Bile canaliculus,Bile canaliculus,4.0,4.0,degradation,,,,5.656854249492381,12.649110640673518,51.22499389946279,137.34627770711518,233.16946626863475,12295008.0,10555264.0,0.8584999700691532,57.242345708550694,4.0,9.797958971132712,36.0,93.72299611087985,148.43180252223578,55.33933575636799,,,,,,,,,,,,,,,,,,,,,,,,1.46484375,6.0,19.0,0.010056355058418356,0.0,3296470720.0,33150480.0,12864720.0,0.004828340679747288,0.0019381232236296566,0.009470171260547994,0.007532048036918338,0.0009379333446189647,-0.015022020010705366,0.009818914735382933,0.015610769315718684,0.3107984714806756,0.43254249027366104,0.2566590382456637,129.0,8.876768911760667,19.0,5.0,200.0,13.762432421334367,13.365685986122516,1.7955290357357412,5.199443173380911,14532314.773801342,,,,,,,,,,,0.7564747960708789,0.29360057192571337,0.8668881143766445,0.5315424891728217,0.6585144590766119,124.17864861078768,12.0,177.69884206211125,941381.0,12.0,17.65685424949238,35.85780087601865,153.66247720969392,391.39018680783704
crop1039,Liver,Chemical,Bile canaliculus,Bile canaliculus,4.0,8.0,degradation,,,,8.0,13.856406460551018,52.459508194416,138.5062813857138,234.19649869287116,1531686.0,1311251.0,0.856083427020943,58.623133410833674,8.0,11.313708498984761,36.66060555964672,94.65727652959386,148.59340496805368,54.502882617922246,,,,,,,,,,,,,,,,,,,,,,,,1.46484375,6.0,19.0,0.009970969274522108,9344.0,3298728448.0,32891520.0,12870912.0,0.005864518601840796,0.002374579387954074,0.011352705390499878,0.008978126002545803,0.0021462381599795504,-0.012838575340677135,0.013193109552965026,0.015648486890790635,0.2773921793486546,0.5077850021337201,0.21482281851762525,123.0,7.353854462674632,19.0,10.0,206.0,12.316211539113612,15.03909474558722,1.999232680203552,5.7393048726549925,16725922.524616338,,,,,,,,,,,0.7047101449275363,0.0,0.8386205422569614,0.39824031102426316,0.5839643380556913,150.68657933989195,24.0,185.73826106905668,196512.0,24.0,30.627416997969522,54.62741699796952,203.61014579826522,439.5510202598659
crop1039,Liver,Chemical,Bile canaliculus,Bile canaliculus,4.0,16.0,degradation,,,,16.0,16.0,57.688820407423826,143.10835055998655,237.8570999570961,191368.0,163202.0,0.8528176079595334,62.34017698811758,16.0,16.0,39.191835884530846,96.0,150.94369811290565,52.88117688201306,,,,,,,,,,,,,,,,,,,,,,,,1.46484375,6.0,19.0,0.008896184251702539,1903872.0,3298377728.0,29342976.0,12870656.0,0.0066784441548428984,0.0029782521303942768,0.012668788649884797,0.00969053651949052,0.002505492909085773,-0.013701916805595479,0.014944133513626253,0.015733730088164366,0.30517537794299443,0.5224185225766984,0.17240609948030725,142.0,8.371859355717469,19.0,10.0,220.0,12.970486325759458,15.584853578614881,2.0351729320627756,6.1910064865004015,16961584.51384192,,,,,,,,,,,0.6274577525595164,0.0,0.7961268039965462,0.0,0.4693474774885901,189.03807838409094,48.0,192.63923653490346,40535.0,48.0,48.0,90.96892352452748,265.9279896290129,497.0643067731098
crop1039,Liver,Chemical,Bile canaliculus,Bile canaliculus,4.0,8.0,matched,,,,8.0,13.856406460551018,52.459508194416,138.5062813857138,234.19649869287116,1531686.0,1311251.0,0.856083427020943,58.623133410833674,8.0,11.313708498984761,36.66060555964672,94.65727652959386,148.59340496805368,54.502882617922246,,,,,,,,,,,,,,,,,,,,,,,,1.46484375,6.0,19.0,0.009970969274522108,9344.0,3298728448.0,32891520.0,12870912.0,0.005864518601840796,0.002374579387954074,0.011352705390499878,0.008978126002545803,0.0021462381599795504,-0.012838575340677135,0.013193109552965026,0.015648486890790635,0.2773921793486546,0.5077850021337201,0.21482281851762525,123.0,7.353854462674632,19.0,10.0,206.0,12.316211539113612,15.03909474558722,1.999232680203552,5.7393048726549925,16725922.524616338,,,,,,,,,,,0.7047101449275363,0.0,0.8386205422569614,0.39824031102426316,0.5839643380556913,150.68657933989195,24.0,185.73826106905668,196512.0,24.0,30.627416997969522,54.62741699796952,203.61014579826522,439.5510202598659
crop1039,Liver,Chemical,Bile canaliculus,Bile canaliculus,4.0,4.0,native,,,,5.656854249492381,12.649110640673518,51.22499389946279,137.34627770711518,233.16946626863475,12295008.0,10555264.0,0.8584999700691532,57.242345708550694,4.0,9.797958971132712,36.0,93.72299611087985,148.43180252223578,55.33933575636799,0.005256932694464922,0.017883731052279472,3.282005548477173,9.217720031738281,-0.012472725473344326,0.0012251875596120954,0.012244421057403088,-6.449981689453125,0.649813711643219,7.24379825592041,0.1914,0.42023104362339236,0.5797689563766076,0.4347285401053768,0.5652714598946231,0.025,16.0,32.0,136.7040557861328,30557.0,30557.0,31123.0,62970.0,1.46484375,6.0,19.0,0.010056355058418356,0.0,3296470720.0,33150480.0,12864720.0,0.004828340679747288,0.0019381232236296566,0.009470171260547994,0.007532048036918338,0.0009379333446189647,-0.015022020010705366,0.009818914735382933,0.015610769315718684,0.3107984714806756,0.43254249027366104,0.2566590382456637,129.0,8.876768911760667,19.0,5.0,200.0,13.762432421334367,13.365685986122516,1.7955290357357412,5.199443173380911,14532314.773801342,0.8078905,3.309119488,51704992.0,0.0,0.1921095,12295008.0,0.786880512,12295008.0,4.096,64000000.0,0.7564747960708789,0.29360057192571337,0.8668881143766445,0.5315424891728217,0.6585144590766119,124.17864861078768,12.0,177.69884206211125,941381.0,12.0,17.65685424949238,35.85780087601865,153.66247720969392,391.39018680783704
crop1040,Liver,Chemical,Bile canaliculus,Bile canaliculus,4.0,4.0,degradation,,,,5.656854249492381,12.0,32.7414110874898,71.88880302244571,109.2520022699813,14468289.0,14403234.0,0.9955036148365574,46.00816606775467,4.0,12.0,32.49615361854384,70.9929573971954,107.92590050585633,41.3556866877203,,,,,,,,,,,,,,,,,,,,,,,,3.41796875,14.0,27.0,0.012526355539085257,0.0,3154737216.0,39517360.0,13921712.0,0.006437036509197819,0.0031902347054140797,0.01076697052262023,0.007576735817206151,0.002928218638679627,-0.01803956615348605,0.010834760881060777,0.017070906020782994,0.2971211220306309,0.5429858121650083,0.15989306580436033,134.0,8.073253402659057,27.0,11.0,229.0,13.796828576186002,15.346743674472744,1.9768946801854048,5.78774268130815,16598017.344019562,,,,,,,,,,,0.8020283729945085,0.2968015326083055,0.9818608449086537,0.5048443612935645,0.6640532464735652,82.91070285655925,12.0,89.92671058564127,891552.0,12.0,16.58505747976789,39.3008655283005,126.62768258672632,228.83749117015452
crop1040,Liver,Chemical,Bile canaliculus,Bile canaliculus,4.0,8.0,degradation,,,,8.0,13.856406460551018,33.94112549695428,72.44308110509934,109.39835464941875,1792940.0,1785243.0,0.9957070509888786,47.36614465627216,8.0,13.856406460551018,33.94112549695428,72.0,107.92590050585633,40.59843056983342,,,,,,,,,,,,,,,,,,,,,,,,3.41796875,14.0,27.0,0.012401727201949356,6208.0,3162527232.0,39220800.0,13933696.0,0.007446002241389402,0.0037622767146957056,0.012388567238828026,0.008626290524132321,0.004488999005642921,-0.01512610446904041,0.013801957526231977,0.01677148290644606,0.25614210047972835,0.6098420464176356,0.13401585310263603,135.0,6.867409213871647,27.0,17.0,240.0,12.208727491327373,16.914844479236947,2.079661908211543,6.309963126920214,19658068.391688414,,,,,,,,,,,0.7527367276300463,0.0,0.9773388463513059,0.3517529961854185,0.5793250785273838,102.85074173996468,24.0,90.70506062373195,181147.0,24.0,32.0,58.5329983228432,158.79086241436883,245.8473589012499
crop1040,Liver,Chemical,Bile canaliculus,Bile canaliculus,4.0,16.0,degradation,,,,16.0,16.0,35.77708763999664,75.04665215717488,113.13708498984761,223045.0,221977.0,0.9952117285749512,51.357784961489415,16.0,16.0,35.77708763999664,75.04665215717488,112.0,39.34616864854759,,,,,,,,,,,,,,,,,,,,,,,,3.41796875,14.0,27.0,0.011202213097469693,2066176.0,3166162944.0,35468032.0,13940736.0,0.007971666758563149,0.003968607167549858,0.013780245309426708,0.00981163814187685,0.004392989777909972,-0.016008099911351496,0.015538696256288226,0.017317064901678628,0.2739312653202579,0.6003822882260541,0.12568644645368818,140.0,7.051952653899959,27.0,19.0,252.0,12.693514777019926,17.564429516511655,2.3942516895682235,6.569740316804776,19852657.39448427,,,,,,,,,,,0.6942253813427415,0.0,0.9699335892912733,0.0,0.4748106257133963,126.52999668650932,48.0,89.28216474555336,38548.0,48.0,54.62741699796952,87.55417527999327,186.29667411367015,264.797350964332
crop1040,Liver,Chemical,Bile canaliculus,Bile canaliculus,4.0,8.0,matched,,,,8.0,13.856406460551018,33.94112549695428,72.44308110509934,109.39835464941875,1792940.0,1785243.0,0.9957070509888786,47.36614465627216,8.0,13.856406460551018,33.94112549695428,72.0,107.92590050585633,40.59843056983342,,,,,,,,,,,,,,,,,,,,,,,,3.41796875,14.0,27.0,0.012401727201949356,6208.0,3162527232.0,39220800.0,13933696.0,0.007446002241389402,0.0037622767146957056,0.012388567238828026,0.008626290524132321,0.004488999005642921,-0.01512610446904041,0.013801957526231977,0.01677148290644606,0.25614210047972835,0.6098420464176356,0.13401585310263603,135.0,6.867409213871647,27.0,17.0,240.0,12.208727491327373,16.914844479236947,2.079661908211543,6.309963126920214,19658068.391688414,,,,,,,,,,,0.7527367276300463,0.0,0.9773388463513059,0.3517529961854185,0.5793250785273838,102.85074173996468,24.0,90.70506062373195,181147.0,24.0,32.0,58.5329983228432,158.79086241436883,245.8473589012499
crop1040,Liver,Chemical,Bile canaliculus,Bile canaliculus,4.0,4.0,native,,,,5.656854249492381,12.0,32.7414110874898,71.88880302244571,109.2520022699813,14468289.0,14403234.0,0.9955036148365574,46.00816606775467,4.0,12.0,32.49615361854384,70.9929573971954,107.92590050585633,41.3556866877203,0.007499606814235449,0.021701902151107788,4.4125189781188965,9.379595756530762,-0.01810515858232975,0.002594025805592537,0.013440805487334728,-7.7337727546691895,0.9110625982284546,7.15814733505249,0.223,0.40443555252852037,0.5955644474714796,0.4458539077132641,0.554146092286736,0.11,16.0,53.06599807739258,265.81195068359375,46984.0,46984.0,43156.0,96097.0,3.41796875,14.0,27.0,0.012526355539085257,0.0,3154737216.0,39517360.0,13921712.0,0.006436600230892721,0.003190186447066971,0.010766608497194704,0.007576422050127733,0.0029284338015013573,-0.018039600739229014,0.010834152485257183,0.017067032398164574,0.29712534676164626,0.5430081656299074,0.15986648760844643,134.0,8.073249650892935,27.0,11.0,229.0,13.796822164585686,15.346755756571367,1.9768953851583402,5.787745991404464,16598025.05737935,0.773932984375,3.170029504,49531711.0,0.0,0.226067015625,14468289.0,0.925970496,14468289.0,4.096,64000000.0,0.8020283729945085,0.2968015326083055,0.9818608449086537,0.5048443612935645,0.6640532464735652,82.91070285655925,12.0,89.92671058564127,891552.0,12.0,16.58505747976789,39.3008655283005,126.62768258672632,228.83749117015452
crop1041,Liver,Chemical,Space of Disse,Space of Disse,4.0,4.0,degradation,,,,6.928203230275509,14.422205101855956,30.199337741083,59.19459434779497,111.78550889985696,17191268.0,16553520.0,0.9629027946047959,40.9331190363123,6.928203230275509,14.422205101855956,28.5657137141714,54.405882034941776,92.26050075736637,38.2170190530065,,,,,,,,,,,,,,,,,,,,,,,,2.685546875,11.0,50.0,0.009631210769182651,0.0,2979372032.0,28694960.0,10953840.0,0.00402176855453913,0.00179057288239278,0.00760589510443014,0.00581532222203736,0.002126828728514713,-0.0050875071891563805,0.010455347475690465,0.010408010658657057,0.21364916807928036,0.509397349112533,0.2769534828081862,69.0,4.590160351176474,50.0,9.0,220.0,14.635293873316293,12.621569553774885,1.2909834907626137,4.20568648204131,15032154.591792215,,,,,,,,,,,0.8548699471221467,0.04476138362627934,0.9899455027705697,0.16073352513363118,0.5090404282466205,95.77407323510053,12.0,67.32373557927642,765727.0,31.122905621972617,50.642569718550575,78.83039851020922,122.51864625347073,184.66465521683062
crop1041,Liver,Chemical,Space of Disse,Space of Disse,4.0,8.0,degradation,,,,8.0,16.0,32.0,60.398675482166,113.98245479020005,2147267.0,2063968.0,0.9612069668094373,42.37703180172464,8.0,16.0,29.93325909419153,56.0,93.29523031752481,37.7776082711875,,,,,,,,,,,,,,,,,,,,,,,,2.685546875,11.0,50.0,0.009611383376011457,256.0,2979999744.0,28641920.0,10949888.0,0.004946469801902874,0.002138080392315223,0.00962190421249287,0.007483823820177647,0.003249769170422375,-0.004600655768781611,0.013806536715577689,0.011020607589058859,0.18867736980176858,0.5762480575243993,0.23507457267383217,66.0,3.7720490171579453,50.0,13.0,232.0,13.259323817888534,14.742563307404712,1.6048576430951755,5.094840419314451,17497121.51135506,,,,,,,,,,,0.8448252763800246,0.0,0.9891752273470197,0.1081887797480293,0.46585641635719605,101.6388963459376,24.0,66.56853230825435,186609.0,39.74495028054933,56.0,84.66060555964671,127.18642930896227,188.662310815379
crop1041,Liver,Chemical,Space of Disse,Space of Disse,4.0,16.0,degradation,,,,16.0,22.627416997969522,35.77708763999664,65.96969000988257,117.57550765359255,268810.0,257898.0,0.9594062720880919,46.13314223466834,16.0,16.0,35.77708763999664,57.688820407423826,96.0,36.79613799950023,,,,,,,,,,,,,,,,,,,,,,,,2.685546875,11.0,50.0,0.009510000536443053,173312.0,2977837056.0,28319232.0,10940672.0,0.005868167910898308,0.00262080916031087,0.010848810418820418,0.008228001258509548,0.003812595849698583,-0.0058509738863125145,0.015814477450316108,0.012047282580644303,0.21410797334099277,0.59166891983736,0.19422310682164726,65.0,3.5668299106182286,50.0,14.0,235.0,12.895461984542827,15.52264054505103,1.7893199207404191,5.589923316733387,18223464.98959737,,,,,,,,,,,0.8203851113976964,0.0,0.9876817716903099,0.0,0.36327655979010093,113.48998629305895,48.0,65.04418128551683,44974.0,54.62741699796952,70.62741699796952,94.38367176906169,139.6585104173064,198.42267033648653
crop1041,Liver,Chemical,Space of Disse,Space of Disse,4.0,8.0,matched,,,,8.0,16.0,32.0,60.398675482166,113.98245479020005,2147267.0,2063968.0,0.9612069668094373,42.37703180172464,8.0,16.0,29.93325909419153,56.0,93.29523031752481,37.7776082711875,,,,,,,,,,,,,,,,,,,,,,,,2.685546875,11.0,50.0,0.009611383376011457,256.0,2979999744.0,28641920.0,10949888.0,0.004946469801902874,0.002138080392315223,0.00962190421249287,0.007483823820177647,0.003249769170422375,-0.004600655768781611,0.013806536715577689,0.011020607589058859,0.18867736980176858,0.5762480575243993,0.23507457267383217,66.0,3.7720490171579453,50.0,13.0,232.0,13.259323817888534,14.742563307404712,1.6048576430951755,5.094840419314451,17497121.51135506,,,,,,,,,,,0.8448252763800246,0.0,0.9891752273470197,0.1081887797480293,0.46585641635719605,101.6388963459376,24.0,66.56853230825435,186609.0,39.74495028054933,56.0,84.66060555964671,127.18642930896227,188.662310815379
crop1041,Liver,Chemical,Space of Disse,Space of Disse,4.0,4.0,native,,,,6.928203230275509,14.422205101855956,30.199337741083,59.19459434779497,111.78550889985696,17191268.0,16553520.0,0.9629027946047959,40.9331190363123,6.928203230275509,14.422205101855956,28.5657137141714,54.405882034941776,92.26050075736637,38.2170190530065,0.00632609985768795,0.018453001976013184,3.924154758453369,9.077068328857422,-0.009210796095430851,0.002955356612801552,0.014825021848082542,-4.662623882293701,1.9397549629211426,8.445337295532227,0.2688,0.3656498597836662,0.6343501402163337,0.3724985215284534,0.6275014784715466,0.179,48.0,120.79734802246094,237.8571014404297,52419.0,52419.0,44842.0,108057.0,2.685546875,11.0,50.0,0.009631210769182651,0.0,2979372032.0,28694960.0,10953840.0,0.004021573947956777,0.0017903134649170573,0.007604970905508767,0.00581465744059171,0.0021269384869539777,-0.005086816010630084,0.010454699462571007,0.01040678187883119,0.21361243177580733,0.5093803576149797,0.2770072106092125,69.0,4.590157311549544,50.0,9.0,220.0,14.635284181752167,12.621578598291169,1.2909844046907346,4.205690662305728,15032164.546166066,0.7313864375,2.995758848,46808732.0,0.0,0.2686135625,17191268.0,1.100241152,17191268.0,4.096,64000000.0,0.8548699471221467,0.04476138362627934,0.9899455027705697,0.16073352513363118,0.5090404282466205,95.77407323510053,12.0,67.32373557927642,765727.0,31.122905621972617,50.642569718550575,78.83039851020922,122.51864625347073,184.66465521683062
crop1042,Liver,Chemical,Bile canaliculus,Bile canaliculus,4.0,4.0,degradation,,,,5.656854249492381,8.94427190999916,18.33030277982336,42.708313008125245,73.10266752998827,11267857.0,11267857.0,1.0,29.933809968933485,5.656854249492381,8.94427190999916,18.33030277982336,42.708313008125245,73.10266752998827,28.1993859605185,,,,,,,,,,,,,,,,,,,,,,,,3.662109375,15.0,24.0,0.008851195528013984,0.0,3365196928.0,29786016.0,13751072.0,0.005643083355773396,0.0025239445180575758,0.009815457624694789,0.007291513106637212,0.003195037283387649,-0.007367430730017474,0.012495111641089037,0.01303319919433496,0.23486600736846003,0.5629728004664959,0.20216119216504397,90.0,6.263530013528827,24.0,15.0,232.0,16.145988479318756,15.903501270584261,1.5657347583119365,5.219512420528155,14368894.186761413,,,,,,,,,,,0.8337699511283787,0.02382915545767895,0.9993046296272137,0.28172545786159914,0.6231666618830055,86.69957814118361,12.0,67.55039514847192,766498.0,27.96281913965828,38.380966322468964,52.6576560118759,126.49439905982798,193.1417390227284
crop1042,Liver,Chemical,Bile canaliculus,Bile canaliculus,4.0,8.0,degradation,,,,8.0,11.313708498984761,19.595917942265423,43.81780460041329,74.18894796396563,1402760.0,1402760.0,1.0,31.756870799292475,8.0,11.313708498984761,19.595917942265423,43.81780460041329,74.18894796396563,27.820673082352688,,,,,,,,,,,,,,,,,,,,,,,,3.662109375,15.0,24.0,0.008794269009154943,0.0,3368091648.0,29619904.0,13754688.0,0.007103948923181765,0.0032300197721008184,0.012202845496005222,0.008972825723904404,0.005222721340020662,-0.006180439483443211,0.016237989953514005,0.012904343298163883,0.19581768607478905,0.6449105912202426,0.1592717227049681,85.0,4.794917073604471,24.0,17.0,226.0,12.74883833687777,17.83345420075525,1.8857741118888887,6.105697750454002,17727105.32741355,,,,,,,,,,,0.8240181427849806,0.0,0.9990739181680418,0.20029150530392323,0.6084831200538812,91.40857293680078,24.0,67.2053880036463,190048.0,33.17011495953578,43.59591794226542,57.29822128134704,131.3907384742605,197.3133456767161
crop1042,Liver,Chemical,Bile canaliculus,Bile canaliculus,4.0,16.0,degradation,,,,16.0,16.0,22.627416997969522,48.0,78.38367176906169,174158.0,174158.0,1.0,35.96547030630483,16.0,16.0,22.627416997969522,48.0,78.38367176906169,26.83775296968125,,,,,,,,,,,,,,,,,,,,,,,,3.662109375,15.0,24.0,0.008704341885532109,12800.0,3372544000.0,29355776.0,13766912.0,0.00793637993739116,0.00376908331446993,0.013607100522997224,0.009838017208527294,0.0057696156350356955,-0.007402494584147412,0.01825181908476979,0.014484398492659522,0.21052176762557853,0.6529180921298381,0.13656014024458313,84.0,4.507849648898099,24.0,18.0,245.0,13.147894809286122,18.482336916671652,2.0822584071729477,6.577686752045,18634161.86041897,,,,,,,,,,,0.7952617789422266,0.0,0.9972245659221102,0.0,0.5544873218171322,104.64310472098845,48.0,65.85325649845649,45038.0,48.0,54.62741699796952,71.42562584220407,143.74876918229162,207.70255311726623
crop1042,Liver,Chemical,Bile canaliculus,Bile canaliculus,4.0,8.0,matched,,,,8.0,11.313708498984761,19.595917942265423,43.81780460041329,74.18894796396563,1402760.0,1402760.0,1.0,31.756870799292475,8.0,11.313708498984761,19.595917942265423,43.81780460041329,74.18894796396563,27.820673082352688,,,,,,,,,,,,,,,,,,,,,,,,3.662109375,15.0,24.0,0.008794269009154943,0.0,3368091648.0,29619904.0,13754688.0,0.007103948923181765,0.0032300197721008184,0.012202845496005222,0.008972825723904404,0.005222721340020662,-0.006180439483443211,0.016237989953514005,0.012904343298163883,0.19581768607478905,0.6449105912202426,0.1592717227049681,85.0,4.794917073604471,24.0,17.0,226.0,12.74883833687777,17.83345420075525,1.8857741118888887,6.105697750454002,17727105.32741355,,,,,,,,,,,0.8240181427849806,0.0,0.9990739181680418,0.20029150530392323,0.6084831200538812,91.40857293680078,24.0,67.2053880036463,190048.0,33.17011495953578,43.59591794226542,57.29822128134704,131.3907384742605,197.3133456767161
crop1042,Liver,Chemical,Bile canaliculus,Bile canaliculus,4.0,4.0,native,,,,5.656854249492381,8.94427190999916,18.33030277982336,42.708313008125245,73.10266752998827,11267857.0,11267857.0,1.0,29.933809968933485,5.656854249492381,8.94427190999916,18.33030277982336,42.708313008125245,73.10266752998827,28.1993859605185,0.007756857667118311,0.02234971709549427,4.542792797088623,9.50279426574707,-0.013035424053668976,0.003612431464716792,0.0164659284055233,-5.616593837738037,2.2919094562530518,8.467016220092773,0.1742,0.3582206893053689,0.6417793106946311,0.35517739849357105,0.644822601506429,0.099,35.7770881652832,59.866519927978516,148.37789916992188,39431.0,39431.0,36595.0,80631.0,3.662109375,15.0,24.0,0.008851195528013984,0.0,3365196928.0,29786016.0,13751072.0,0.005643083355773396,0.0025239445180575758,0.009815457624694789,0.007291513106637212,0.003195037283387649,-0.007367430730017474,0.012495111641089037,0.01303319919433496,0.23486600736846003,0.5629728004664959,0.20216119216504397,90.0,6.263530013528827,24.0,15.0,232.0,16.145988479318756,15.903501270584261,1.5657347583119365,5.219512420528155,14368894.186761413,0.823939734375,3.374857152,52732143.0,0.0,0.176060265625,11267857.0,0.721142848,11267857.0,4.096,64000000.0,0.8337699511283787,0.02382915545767895,0.9993046296272137,0.28172545786159914,0.6231666618830055,86.69957814118361,12.0,67.55039514847192,766498.0,27.96281913965828,38.380966322468964,52.6576560118759,126.49439905982798,193.1417390227284
crop1043,Liver,Chemical,Space of Disse,Space of Disse,4.0,4.0,degradation,,,,5.656854249492381,9.797958971132712,21.908902300206645,41.376321731154405,65.60487786742691,17013177.0,17006336.0,0.9995978999101697,29.652750586947622,5.656854249492381,9.797958971132712,21.908902300206645,41.376321731154405,65.4828221749796,25.482484227685134,,,,,,,,,,,,,,,,,,,,,,,,3.90625,16.0,81.0,0.014534286951350303,0.0,2983505152.0,43363120.0,11968304.0,0.004884248063548116,0.0023109158111406305,0.00831700286966603,0.0060060870585254,0.0030742265695447523,-0.005674349675072395,0.01088920485960121,0.009579968536923687,0.21353823694225454,0.569011801920318,0.21744996113742687,121.0,5.473265221501509,81.0,16.0,364.0,16.46502926137644,15.084295078386033,1.3740051046880097,4.769859965105418,22107461.470103115,,,,,,,,,,,0.9197987144736683,0.16167264116940203,0.9978095249557692,0.3702105529207495,0.6810356677496575,69.49967407188544,12.0,54.730030942060665,1578653.0,15.313708498984761,28.58020766040636,53.95587729322294,93.79341279203986,147.66623680215116
crop1043,Liver,Chemical,Space of Disse,Space of Disse,4.0,8.0,degradation,,,,8.0,11.313708498984761,24.0,43.08131845707603,66.4529909033446,2118486.0,2117491.0,0.9995303249584845,31.33110736614413,8.0,11.313708498984761,24.0,43.08131845707603,66.4529909033446,25.07562502035559,,,,,,,,,,,,,,,,,,,,,,,,3.90625,16.0,81.0,0.014471604879022824,3776.0,2987194880.0,43229504.0,11979264.0,0.005905951251326718,0.0027896834254808977,0.010121152379097808,0.00733146895361691,0.004460632138497261,-0.004940592637190213,0.013928265653108604,0.009937912183182507,0.18196830602169556,0.6372341757208433,0.1807975182574609,113.0,4.285047857565963,81.0,17.0,371.0,14.068608452716568,16.802833939252142,1.6439673165756634,5.509775154003232,26370767.31838123,,,,,,,,,,,0.90947314945672,0.0,0.9974815371270608,0.2843647231447278,0.6367198372186658,77.57017759917787,24.0,53.72239128224946,370067.0,24.0,37.20225231898308,61.0659966456864,101.28513943710115,154.18894796396563
crop1043,Liver,Chemical,Space of Disse,Space of Disse,4.0,16.0,degradation,,,,16.0,16.0,27.712812921102035,48.0,67.88225099390856,264194.0,264005.0,0.999284616607493,35.56362538094744,16.0,16.0,27.712812921102035,48.0,67.88225099390856,24.215442836131594,,,,,,,,,,,,,,,,,,,,,,,,4.150390625,17.0,81.0,0.014063713185905784,1086976.0,2991132672.0,42066432.0,12051968.0,0.006437705776606701,0.0030076761737533528,0.011278586455055792,0.008270910281302439,0.004704661023868918,-0.005700274217569888,0.015796522169177752,0.010678827342932838,0.19570295255978595,0.6352371396537362,0.16905990778647778,122.0,4.468632209915696,81.0,18.0,381.0,13.955318622769509,17.314006201799437,2.001508541562654,5.883120523834373,27301418.9284335,,,,,,,,,,,0.8789810497073123,0.0,0.9962793927969045,0.0,0.5110378013691834,95.75752331290873,48.0,52.31975685054644,80632.0,48.0,54.62741699796952,79.48990056109866,117.0659966456864,171.0466521571749
crop1043,Liver,Chemical,Space of Disse,Space of Disse,4.0,8.0,matched,,,,8.0,11.313708498984761,24.0,43.08131845707603,66.4529909033446,2118486.0,2117491.0,0.9995303249584845,31.33110736614413,8.0,11.313708498984761,24.0,43.08131845707603,66.4529909033446,25.07562502035559,,,,,,,,,,,,,,,,,,,,,,,,3.90625,16.0,81.0,0.014471604879022824,3776.0,2987194880.0,43229504.0,11979264.0,0.005905951251326718,0.0027896834254808977,0.010121152379097808,0.00733146895361691,0.004460632138497261,-0.004940592637190213,0.013928265653108604,0.009937912183182507,0.18196830602169556,0.6372341757208433,0.1807975182574609,113.0,4.285047857565963,81.0,17.0,371.0,14.068608452716568,16.802833939252142,1.6439673165756634,5.509775154003232,26370767.31838123,,,,,,,,,,,0.90947314945672,0.0,0.9974815371270608,0.2843647231447278,0.6367198372186658,77.57017759917787,24.0,53.72239128224946,370067.0,24.0,37.20225231898308,61.0659966456864,101.28513943710115,154.18894796396563
crop1043,Liver,Chemical,Space of Disse,Space of Disse,4.0,4.0,native,,,,5.656854249492381,9.797958971132712,21.908902300206645,41.376321731154405,65.60487786742691,17013177.0,17006336.0,0.9995978999101697,29.652750586947622,5.656854249492381,9.797958971132712,21.908902300206645,41.376321731154405,65.4828221749796,25.482484227685134,0.0063162920996546745,0.0170725267380476,4.185070514678955,8.814072608947754,-0.006967446766793728,0.004276586230844259,0.014165323227643967,-3.7856907844543457,3.0612902641296387,8.122626304626465,0.2642,0.3001691669919878,0.6998308330080122,0.2978454445745729,0.7021545554254272,0.106,16.0,57.688819885253906,150.94369506835938,53793.0,53793.0,50057.0,110817.0,3.90625,16.0,81.0,0.014534286951350303,0.0,2983505152.0,43363120.0,11968304.0,0.004884290276494469,0.002310926409714998,0.008316643634921251,0.006005717225206254,0.0030742309029455376,-0.005674023718630212,0.010889230912294807,0.009577702505683076,0.21353214774271242,0.5690100049820377,0.21745784727524908,121.0,5.473265221459437,81.0,16.0,364.0,16.465029261249875,15.084291899964102,1.374003258035835,4.769857156250863,22107461.47027305,0.734169109375,3.007156672,46986823.0,0.0,0.265830890625,17013177.0,1.088843328,17013177.0,4.096,64000000.0,0.9197987144736683,0.16167264116940203,0.9978095249557692,0.3702105529207495,0.6810356677496575,69.49967407188544,12.0,54.730030942060665,1578653.0,15.313708498984761,28.58020766040636,53.95587729322294,93.79341279203986,147.66623680215116
crop1044,Liver,Chemical,Hepatocyte lateral,Hepatocyte lateral,4.0,4.0,degradation,,,,8.0,16.492422502470642,35.77708763999664,66.09084656743322,99.43842315724842,14025534.0,14007136.0,0.9986882495882153,45.448279521399286,8.0,16.492422502470642,35.32704346531139,65.72670690061993,99.03534722511958,36.63222694479718,,,,,,,,,,,,,,,,,,,,,,,,0.9765625,4.0,41.0,0.006290244244530848,0.0,3176782208.0,19982736.0,12454512.0,0.005019581974109477,0.0023605992243875148,0.008620981146980499,0.0062603819225929835,0.0020998940018377836,-0.00792819677883426,0.010596868308462454,0.012597957033859679,0.2808259884308289,0.5057648622111858,0.21340914935798527,73.0,6.934534659637412,41.0,4.0,154.0,14.629018323070703,13.731652220930012,1.3694731244936342,4.5400661505020885,10527022.155487645,,,,,,,,,,,0.6578732609778649,0.02767897123162602,0.9680157556326193,0.14308781710439852,0.36800102349581976,132.57803653103372,12.0,90.05751088301665,515879.0,32.823036007646785,58.45690715344331,110.8595141104315,193.73619112163158,264.58393066320025
crop1044,Liver,Chemical,Hepatocyte lateral,Hepatocyte lateral,4.0,8.0,degradation,,,,8.0,17.88854381999832,36.66060555964672,66.93280212272605,100.23971268913334,1749485.0,1746943.0,0.9985470009745725,46.86664846639561,8.0,17.88854381999832,36.66060555964672,66.4529909033446,99.59919678390986,36.19892355338237,,,,,,,,,,,,,,,,,,,,,,,,0.9765625,4.0,41.0,0.00627057038824199,0.0,3178316288.0,19929856.0,12462208.0,0.005901837386555727,0.0027508324097054388,0.010248414954149897,0.007497582544444458,0.003405503792481662,-0.0072084669852788665,0.013515237375626325,0.011969713707170204,0.2452942255907422,0.5712259548173308,0.183479819591927,76.0,6.2054027563921705,41.0,7.0,164.0,13.390605948004158,15.415897413034315,1.5754009206793607,5.230427680505302,12247391.987846812,,,,,,,,,,,0.6446866912399027,0.0,0.9653987922515881,0.10971688495019999,0.34153399733354245,137.4768880853745,24.0,89.16920782879828,127510.0,39.74495028054933,63.377408526555115,115.79353639438659,197.97872099576585,268.18913635481636
crop1044,Liver,Chemical,Hepatocyte lateral,Hepatocyte lateral,4.0,16.0,degradation,,,,16.0,22.627416997969522,39.191835884530846,67.88225099390856,102.44998779892558,217934.0,217561.0,0.9982884726568594,50.374439308072546,16.0,22.627416997969522,39.191835884530846,67.88225099390856,102.44998779892558,35.19058578766153,,,,,,,,,,,,,,,,,,,,,,,,1.46484375,6.0,41.0,0.006279644770627103,25344.0,3185668096.0,20004864.0,12565760.0,0.006419662829010744,0.0029725612025745915,0.011502644405086167,0.008530083202511576,0.0035859801288981646,-0.008025108920002475,0.015554974593094805,0.0125847408151502,0.2570237173266273,0.5728250394448865,0.17015124322848607,80.0,6.265493104695137,41.0,9.0,167.0,13.079216856051099,16.018697455798815,1.7865783710699872,5.795027963731662,12768348.582181161,,,,,,,,,,,0.6044455998960093,0.0,0.9572663460288574,0.0,0.26758091771740544,150.25106493152512,48.0,86.90924040752083,30772.0,54.62741699796952,79.48990056109866,128.93251483406945,209.28790057709747,276.93550399254195
crop1044,Liver,Chemical,Hepatocyte lateral,Hepatocyte lateral,4.0,8.0,matched,,,,8.0,17.88854381999832,36.66060555964672,66.93280212272605,100.23971268913334,1749485.0,1746943.0,0.9985470009745725,46.86664846639561,8.0,17.88854381999832,36.66060555964672,66.4529909033446,99.59919678390986,36.19892355338237,,,,,,,,,,,,,,,,,,,,,,,,0.9765625,4.0,41.0,0.00627057038824199,0.0,3178316288.0,19929856.0,12462208.0,0.005901837386555727,0.0027508324097054388,0.010248414954149897,0.007497582544444458,0.003405503792481662,-0.0072084669852788665,0.013515237375626325,0.011969713707170204,0.2452942255907422,0.5712259548173308,0.183479819591927,76.0,6.2054027563921705,41.0,7.0,164.0,13.390605948004158,15.415897413034315,1.5754009206793607,5.230427680505302,12247391.987846812,,,,,,,,,,,0.6446866912399027,0.0,0.9653987922515881,0.10971688495019999,0.34153399733354245,137.4768880853745,24.0,89.16920782879828,127510.0,39.74495028054933,63.377408526555115,115.79353639438659,197.97872099576585,268.18913635481636
crop1044,Liver,Chemical,Hepatocyte lateral,Hepatocyte lateral,4.0,4.0,native,,,,8.0,16.492422502470642,35.77708763999664,66.09084656743322,99.43842315724842,14025534.0,14007136.0,0.9986882495882153,45.448279521399286,8.0,16.492422502470642,35.32704346531139,65.72670690061993,99.03534722511958,36.63222694479718,0.006063072010874748,0.01741630770266056,3.598722457885742,8.055352210998535,-0.010860811918973923,0.002375331474468112,0.012755099684000015,-5.220325469970703,1.294022798538208,6.887422561645508,0.2179,0.3906022340942205,0.6093977659057795,0.4056580864497329,0.5943419135502671,0.232,45.25483322143555,116.48175811767578,203.01724243164062,49416.0,49416.0,39696.0,102152.0,0.9765625,4.0,41.0,0.006290244244530848,0.0,3176782208.0,19982736.0,12454512.0,0.005019581974109477,0.0023606399443424045,0.008620767561736012,0.0062601276173936075,0.002100023339731806,-0.007928240740575502,0.01059695193458069,0.012597950494493146,0.2808256613865632,0.5057652122689857,0.21340912634445097,73.0,6.934527249263094,41.0,4.0,154.0,14.629002690226253,13.731665426788574,1.3694735159647846,4.540069208333335,10527033.40487377,0.78085103125,3.198365824,49974466.0,0.0,0.21914896875,14025534.0,0.897634176,14025534.0,4.096,64000000.0,0.6578732609778649,0.02767897123162602,0.9680157556326193,0.14308781710439852,0.36800102349581976,132.57803653103372,12.0,90.05751088301665,515879.0,32.823036007646785,58.45690715344331,110.8595141104315,193.73619112163158,264.58393066320025
crop1045,Cortex,Chemical,,Neurovascular (mixed nerve fibers),2.0,2.0,degradation,,,,2.0,4.0,9.16515138991168,37.57658845611187,103.32473082471591,13863020.0,13856421.0,0.9995239853942359,30.432656890934847,2.0,4.0,9.16515138991168,37.36308338453881,103.09219175087898,43.49444952885333,,,,,,,,,,,,,,,,,,,,,,,,24.739583333333332,19.0,24.0,0.023138239455061625,0.0,655518672.0,15167548.0,4046516.0,0.0024966932680293044,0.0011188491199998012,0.004600464431018056,0.0034816153110182545,0.0007319197490601144,-0.004148294850099177,0.006028067055394486,0.004802724154135998,0.21613190966002108,0.36646607620502736,0.41740201413495087,5.0,0.8097790858858689,24.0,18.0,214.0,34.65854487591519,5.534838391470716,0.7787526366918543,2.8204924987706192,6174523.505420225,,,,,,,,,,,1.0,0.6937151327177571,1.0,0.9601948253019081,0.999837560978086,16.438153994015106,6.0,11.580164545348586,1969970.0,6.0,6.0,12.555833735058737,23.162634459682273,33.72396871419846
crop1045,Cortex,Chemical,,Neurovascular (mixed nerve fibers),2.0,4.0,degradation,,,,4.0,4.0,9.797958971132712,38.781438859330635,104.6900186264192,1738825.0,1737639.0,0.9993179302114934,31.56782969452272,4.0,4.0,9.797958971132712,38.781438859330635,104.30723848324239,43.5121404250876,,,,,,,,,,,,,,,,,,,,,,,,24.739583333333332,19.0,24.0,0.023123961979543785,5280.0,655054528.0,15147456.0,4043744.0,0.003286289053119372,0.0014305378313734553,0.006210277395701382,0.004779739564327927,0.0019053581432595418,-0.003530827932827888,0.009261977666920404,0.005581357412623089,0.1719332290368879,0.49224200864589807,0.3358247623172142,18.0,2.286401532455353,24.0,19.0,189.0,24.007216090781206,11.500579817588054,1.0432901208863137,3.608273205750999,7872632.93191984,,,,,,,,,,,1.0,0.5148319234971761,1.0,0.9291337262430731,0.9996283286245644,22.930344051009406,12.0,10.80290780326411,357843.0,12.0,13.65685424949238,19.872475140274666,29.735913600840718,37.92801827663334
crop1045,Cortex,Chemical,,Neurovascular (mixed nerve fibers),2.0,8.0,degradation,,,,8.0,8.0,11.313708498984761,40.792156108742276,107.03270528207722,218069.0,217792.0,0.998729759846654,34.05599919920374,8.0,8.0,11.313708498984761,40.792156108742276,106.73331251301067,43.22700737795931,,,,,,,,,,,,,,,,,,,,,,,,24.739583333333332,19.0,24.0,0.020544106200643807,1684288.0,654507520.0,13446272.0,4039872.0,0.003914055335667718,0.0016842251319162034,0.007736700134401907,0.006052475002485704,0.0026868915933133328,-0.0033172828320495304,0.012480358955713353,0.00715041674431557,0.15903784712601737,0.5492541717872266,0.2917079810867561,14.0,1.6124918790807892,24.0,19.0,178.0,20.501682462598605,13.131564953979739,1.350868605573448,4.391899024872136,8682214.268254664,,,,,,,,,,,1.0,0.0,1.0,0.8193764933439527,0.9986204346342018,31.909938074192812,24.0,9.263451530980806,70312.0,24.0,24.0,27.31370849898476,37.20225231898308,43.77708763999664
crop1045,Cortex,Chemical,,Neurovascular (mixed nerve fibers),2.0,16.0,degradation,,,,16.0,16.0,16.0,45.254833995939045,112.0,27538.0,27487.0,0.9981480136538601,39.656520781970535,16.0,16.0,16.0,45.254833995939045,112.0,42.129783955503285,,,,,,,,,,,,,,,,,,,,,,,,24.739583333333332,19.0,24.0,0.01733120801369906,3727104.0,653012992.0,11317504.0,4024320.0,0.0047863375580886455,0.002081409137257554,0.009211649850471279,0.007130240713213725,0.003142737010014526,-0.0043281050864975735,0.015179365520668483,0.008936772154252117,0.18844487386438605,0.5702698334646376,0.24128529267097631,17.0,2.0340286553935822,24.0,19.0,203.0,24.288695120288068,14.40899111119269,1.7405159538090416,5.010774910483132,8357797.691257462,,,,,,,,,,,1.0,0.0,1.0,0.0,0.9904999077660949,51.33283390335526,48.0,6.395332927869275,10842.0,48.0,48.0,48.0,54.62741699796952,54.62741699796952
crop1045,Cortex,Chemical,,Neurovascular (mixed nerve fibers),2.0,8.0,matched,,,,8.0,8.0,11.313708498984761,40.792156108742276,107.03270528207722,218069.0,217792.0,0.998729759846654,34.05599919920374,8.0,8.0,11.313708498984761,40.792156108742276,106.73331251301067,43.22700737795931,,,,,,,,,,,,,,,,,,,,,,,,24.739583333333332,19.0,24.0,0.020544106200643807,1684288.0,654507520.0,13446272.0,4039872.0,0.003914055335667718,0.0016842251319162034,0.007736700134401907,0.006052475002485704,0.0026868915933133328,-0.0033172828320495304,0.012480358955713353,0.00715041674431557,0.15903784712601737,0.5492541717872266,0.2917079810867561,14.0,1.6124918790807892,24.0,19.0,178.0,20.501682462598605,13.131564953979739,1.350868605573448,4.391899024872136,8682214.268254664,,,,,,,,,,,1.0,0.0,1.0,0.8193764933439527,0.9986204346342018,31.909938074192812,24.0,9.263451530980806,70312.0,24.0,24.0,27.31370849898476,37.20225231898308,43.77708763999664
crop1045,Cortex,Chemical,,Neurovascular (mixed nerve fibers),2.0,2.0,native,,,,2.0,4.0,9.16515138991168,37.57658845611187,103.32473082471591,13863020.0,13856421.0,0.9995239853942359,30.432656890934847,2.0,4.0,9.16515138991168,37.36308338453881,103.09219175087898,43.49444952885333,0.001483895001001656,0.0039699203334748745,0.928310751914978,2.2037181854248047,-0.0025694062933325768,0.00036843246198259294,0.0033120939042419195,-1.2662626504898071,0.47537052631378174,2.0370380878448486,0.1469,0.42092858826302143,0.5790714117369785,0.35281640348809806,0.6471835965119019,0.339,32.0,35.7770881652832,45.25483322143555,4243.0,4243.0,3174.0,9177.0,24.739583333333332,19.0,24.0,0.023138239455061625,0.0,655518672.0,15167548.0,4046516.0,0.0024954456610512157,0.0011183721019927275,0.004597999052183629,0.0034796269501909016,0.0007315640678795191,-0.0041453845287721365,0.006026617543485952,0.004684066134774579,0.21604950992433333,0.3664310389473267,0.4175194511283402,5.0,0.809779086732169,24.0,18.0,213.0,34.4965890947904,5.534834880334956,0.7787515006521621,2.8204908202115813,6174523.49896723,0.8555935416666667,0.65709584,82136980.0,0.0,0.14440645833333332,13863020.0,0.11090416,13863020.0,0.768,96000000.0,1.0,0.6937151327177571,1.0,0.9601948253019081,0.999837560978086,16.438153994015106,6.0,11.580164545348586,1969970.0,6.0,6.0,12.555833735058737,23.162634459682273,33.72396871419846
crop1046,Cortex,Chemical,,Neurovascular (myelinated/unmyelinated fibers),2.0,2.0,degradation,,,,2.0,4.0,8.246211251235321,14.560219778561036,25.37715508089904,13283138.0,13280693.0,0.9998159320485868,14.42527210120335,2.0,4.0,8.246211251235321,14.560219778561036,25.37715508089904,22.482723908665726,,,,,,,,,,,,,,,,,,,,,,,,18.75,12.0,17.0,0.02285357711068052,0.0,531693920.0,12151108.0,3626172.0,0.0023452898478012463,0.001040716640082839,0.0044789405414677255,0.0034382239013848867,0.00033124894920695937,-0.004437049794941173,0.0058842490018574745,0.0050751926116985625,0.24335641955553353,0.31483086982712194,0.441812710617344,5.0,1.1065796526018918,17.0,12.0,151.0,33.41870550857713,5.481886622081828,0.7896376765810216,2.820671201866512,4518427.560314832,,,,,,,,,,,1.0,0.41985579354432334,1.0,0.8356058518386171,0.9983750276330094,25.210079512856097,6.82842712474619,14.576449860197357,1651105.0,8.928203230275509,12.0,22.968368641454575,33.745014848410406,46.44994432064365
crop1046,Cortex,Chemical,,Neurovascular (myelinated/unmyelinated fibers),2.0,4.0,degradation,,,,4.0,5.656854249492381,8.94427190999916,14.966629547095765,25.92296279363144,1660111.0,1659722.0,0.9997656783191003,15.492444544604412,4.0,5.656854249492381,8.94427190999916,14.966629547095765,25.92296279363144,22.642340511722313,,,,,,,,,,,,,,,,,,,,,,,,18.75,12.0,17.0,0.02276428778042213,0.0,531675584.0,12103216.0,3624304.0,0.0028867060296803647,0.0012580062532486682,0.00561192990869461,0.0043539236554459414,0.0012436250655599153,-0.0038412937388363558,0.008817861172314473,0.005592906662552876,0.195536239028613,0.4295827041898382,0.37488105678154865,12.0,2.106102532868428,17.0,12.0,143.0,25.097721850015436,10.939972510763486,1.0050502807674462,3.4431811012791638,5697728.297993392,,,,,,,,,,,1.0,0.36306451888921215,1.0,0.8131125578484414,0.9979146446706092,27.75261970665169,12.0,14.127866345747623,409043.0,12.0,15.313708498984761,25.111667470117474,35.45905204956641,48.51890981469013
crop1046,Cortex,Chemical,,Neurovascular (myelinated/unmyelinated fibers),2.0,8.0,degradation,,,,8.0,8.0,11.313708498984761,17.88854381999832,28.844410203711913,208152.0,208076.0,0.9996348822014681,17.932689159559573,8.0,8.0,11.313708498984761,17.88854381999832,28.844410203711913,22.522388155360836,,,,,,,,,,,,,,,,,,,,,,,,18.75,12.0,17.0,0.02254799213622828,24192.0,531287040.0,11979456.0,3621184.0,0.0035227970087492975,0.0014989705567960197,0.0072610569043194614,0.005762086347523442,0.0020647280659362795,-0.0035389873696596978,0.012574198315979217,0.007436527489442337,0.17206412466542284,0.5051826189463392,0.322753256388238,12.0,1.8204815628154083,17.0,12.0,132.0,20.02529719096949,12.731455640457447,1.3529265373592978,4.297589951969828,6591662.472780982,,,,,,,,,,,1.0,0.0,1.0,0.6958451933326305,0.9954434175539704,36.48468031852801,24.0,12.563153589251536,85371.0,24.0,27.31370849898476,33.17011495953578,43.77708763999664,54.62741699796952
crop1046,Cortex,Chemical,,Neurovascular (myelinated/unmyelinated fibers),2.0,16.0,degradation,,,,16.0,16.0,16.0,22.627416997969522,35.77708763999664,25803.0,25790.0,0.9994961826144246,23.906083475697354,16.0,16.0,16.0,22.627416997969522,35.77708763999664,22.25960690508193,,,,,,,,,,,,,,,,,,,,,,,,18.901209677419356,12.0,17.0,0.020468626109668694,909568.0,526917632.0,10785280.0,3598592.0,0.0044539031364315244,0.0019022267389692392,0.009244524016432987,0.007342297277463748,0.0027551098280428413,-0.004167589598012313,0.01635841362458323,0.010792366053883118,0.1915580154885167,0.5472746769846722,0.26116730752681117,13.0,1.8950302841611328,17.0,12.0,131.0,19.096074401931414,14.418636983655345,1.8044330010011345,5.124800539736228,6860048.680306273,,,,,,,,,,,1.0,0.0,1.0,0.0,0.9752893744310054,54.71242508715365,48.0,9.641619366416112,15378.0,48.0,48.0,48.0,61.254833995939045,66.34022991907156
crop1046,Cortex,Chemical,,Neurovascular (myelinated/unmyelinated fibers),2.0,8.0,matched,,,,8.0,8.0,11.313708498984761,17.88854381999832,28.844410203711913,208152.0,208076.0,0.9996348822014681,17.932689159559573,8.0,8.0,11.313708498984761,17.88854381999832,28.844410203711913,22.522388155360836,,,,,,,,,,,,,,,,,,,,,,,,18.75,12.0,17.0,0.02254799213622828,24192.0,531287040.0,11979456.0,3621184.0,0.0035227970087492975,0.0014989705567960197,0.0072610569043194614,0.005762086347523442,0.0020647280659362795,-0.0035389873696596978,0.012574198315979217,0.007436527489442337,0.17206412466542284,0.5051826189463392,0.322753256388238,12.0,1.8204815628154083,17.0,12.0,132.0,20.02529719096949,12.731455640457447,1.3529265373592978,4.297589951969828,6591662.472780982,,,,,,,,,,,1.0,0.0,1.0,0.6958451933326305,0.9954434175539704,36.48468031852801,24.0,12.563153589251536,85371.0,24.0,27.31370849898476,33.17011495953578,43.77708763999664,54.62741699796952
crop1046,Cortex,Chemical,,Neurovascular (myelinated/unmyelinated fibers),2.0,2.0,native,,,,2.0,4.0,8.246211251235321,14.560219778561036,25.37715508089904,13283138.0,13280693.0,0.9998159320485868,14.42527210120335,2.0,4.0,8.246211251235321,14.560219778561036,25.37715508089904,22.482723908665726,0.0017780981725081801,0.004797528963536024,1.1698427200317383,2.8915231227874756,-0.003528620582073927,0.00025354415993206203,0.0037487864028662443,-1.993007779121399,0.36813315749168396,2.3799362182617188,0.1665,0.46188937464360386,0.5381106253563961,0.41360957992777037,0.5863904200722296,0.0,16.0,16.0,22.627416610717773,5261.0,5261.0,5905.0,11343.0,18.75,12.0,17.0,0.02285357711068052,0.0,531693920.0,12151108.0,3626172.0,0.0023444250592813656,0.001040172313403865,0.004477558399878114,0.0034373860864742485,0.0003313634612388894,-0.004434828781477317,0.005882634954092455,0.004938099503330324,0.24329074956511995,0.3147811075101509,0.4419281429247291,5.0,1.1065803901506264,17.0,12.0,151.0,33.41872778254892,5.481891085377705,0.7896388224916258,2.8206744310557013,4518424.54873017,0.833960775,0.533734896,66716862.0,0.0,0.166039225,13283138.0,0.106265104,13283138.0,0.64,80000000.0,1.0,0.41985579354432334,1.0,0.8356058518386171,0.9983750276330094,25.210079512856097,6.82842712474619,14.576449860197357,1651105.0,8.928203230275509,12.0,22.968368641454575,33.745014848410406,46.44994432064365
crop1071,Liver,Rapid HPF,Hepatocyte lateral,Hepatocyte lateral,8.0,8.0,matched,,,,8.0,13.856406460551018,25.298221281347036,51.84592558726288,100.23971268913334,7583400.0,7501801.0,0.9892397869029723,39.8701017436526,8.0,11.313708498984761,25.298221281347036,51.22499389946279,94.99473669630333,38.39296523385438,,,,,,,,,,,,,,,,,,,,,,,,5.931712962962963,82.0,108.0,0.013831302653102479,0.0,9908293632.0,137044608.0,27005312.0,0.004867622227762956,0.002211237824780561,0.008871739576948375,0.006660501752167813,0.003054076225076918,-0.005364991295043043,0.012342516885664945,0.009686080311475734,0.20496355260383506,0.56760201365042,0.2274344337457447,333.0,3.8466658203269457,108.0,87.0,1081.0,12.487224479800085,14.998231716915159,1.531766889498731,5.057544030631897,86568476.58570372,,,,,,,,,,,0.8597135576684551,0.0,0.9608387979555111,0.2826371838576186,0.596218694749317,94.23407819911242,24.0,87.22955319734828,1140823.0,27.31370849898476,37.20225231898308,65.68882040742383,112.66210024238575,198.30196707451358
crop1071,Liver,Rapid HPF,Hepatocyte lateral,Hepatocyte lateral,8.0,8.0,native,,,,8.0,13.856406460551018,25.298221281347036,51.84592558726288,100.23971268913334,7583400.0,7501801.0,0.9892397869029723,39.8701017436526,8.0,11.313708498984761,25.298221281347036,51.22499389946279,94.99473669630333,38.39296523385438,0.0038135338108986616,0.014400162734091282,2.3592426776885986,7.345697402954102,-0.009664317592978477,0.0007956065237522125,0.008987413719296455,-5.218146800994873,0.49092233180999756,5.26085090637207,0.2796,0.43850593029344137,0.5614940697065586,0.4399230541580349,0.5600769458419651,0.107,27.712812423706055,97.32420349121094,249.41531372070312,175708.0,175708.0,162243.0,360072.0,5.931712962962963,82.0,108.0,0.013831302653102479,0.0,9908293632.0,137044608.0,27005312.0,0.004867622227762956,0.002211237824780561,0.008871739576948375,0.006660501752167813,0.003054076225076918,-0.005364991295043043,0.012342516885664945,0.009686080311475734,0.20496355260383506,0.56760201365042,0.2274344337457447,333.0,3.8466658203269457,108.0,87.0,1081.0,12.487224479800085,14.998231716915159,1.531766889498731,5.057544030631897,86568476.58570372,0.7191333333333333,9.9412992,19416600.0,0.0,0.28086666666666665,7583400.0,3.8827008,7583400.0,13.824,27000000.0,0.8597135576684551,0.0,0.9608387979555111,0.2826371838576186,0.596218694749317,94.23407819911242,24.0,87.22955319734828,1140823.0,27.31370849898476,37.20225231898308,65.68882040742383,112.66210024238575,198.30196707451358
crop1072,Liver,Rapid HPF,Bile canaliculus,Bile canaliculus,8.0,8.0,matched,,,,8.0,11.313708498984761,24.0,40.0,58.787753826796276,1054491.0,1054491.0,1.0,28.736963190210613,8.0,11.313708498984761,24.0,40.0,58.787753826796276,20.54472539068,,,,,,,,,,,,,,,,,,,,,,,,0.14467592592592593,2.0,20.0,0.0018217876205887298,0.0,13267601408.0,24170752.0,32886784.0,0.0040658940720775805,0.0013680768178250344,0.011323663294515337,0.009955586476690302,0.001029994366645308,-0.0074712462534986925,0.01537092584140749,0.012372307677779807,0.23199993872829522,0.42919287745923834,0.3388071838124663,64.0,4.713705578283088,20.0,4.0,166.0,12.226173843671761,13.566509815500554,1.6499453772984662,5.115604585144011,13577428.402584119,,,,,,,,,,,0.9352364952652602,0.0,1.0,0.44572423086917373,0.6568325890294237,67.89032690311771,24.0,50.24134870442395,165479.0,24.0,24.0,50.22333494023495,101.1331166241651,143.75140425906704
crop1072,Liver,Rapid HPF,Bile canaliculus,Bile canaliculus,8.0,8.0,native,,,,8.0,11.313708498984761,24.0,40.0,58.787753826796276,1054491.0,1054491.0,1.0,28.736963190210613,8.0,11.313708498984761,24.0,40.0,58.787753826796276,20.54472539068,0.0037520311307162046,0.019795365631580353,2.02541446685791,8.557811737060547,-0.010081546381115913,0.00015064983745105565,0.015518825501203537,-4.538093566894531,0.033282000571489334,7.741161346435547,0.039,0.4822520188171367,0.5177479811828634,0.4904530703630097,0.5095469296369902,0.152,16.0,53.06599807739258,160.79800415039062,39751.0,39751.0,35694.0,83069.0,0.14467592592592593,2.0,20.0,0.0018217876205887298,0.0,13267601408.0,24170752.0,32886784.0,0.0040658940720775805,0.0013680768178250344,0.011323663294515337,0.009955586476690302,0.001029994366645308,-0.0074712462534986925,0.01537092584140749,0.012372307677779807,0.23199993872829522,0.42919287745923834,0.3388071838124663,64.0,4.713705578283088,20.0,4.0,166.0,12.226173843671761,13.566509815500554,1.6499453772984662,5.115604585144011,13577428.402584119,0.9609447777777778,13.284100608,25945509.0,0.0,0.03905522222222222,1054491.0,0.539899392,1054491.0,13.824,27000000.0,0.9352364952652602,0.0,1.0,0.44572423086917373,0.6568325890294237,67.89032690311771,24.0,50.24134870442395,165479.0,24.0,24.0,50.22333494023495,101.1331166241651,143.75140425906704
crop1073,Liver,Rapid HPF,Bile canaliculus,Bile canaliculus,8.0,8.0,matched,,,,8.0,16.0,40.0,100.23971268913334,155.53777676178865,3855452.0,3740357.0,0.9701474690905243,58.69731560081356,8.0,16.0,39.191835884530846,93.29523031752481,144.0,52.23328601646264,,,,,,,,,,,,,,,,,,,,,,,,0.8680555555555556,12.0,32.0,0.004759938191097961,0.0,11828644352.0,56303616.0,31032704.0,0.0037586011375671164,0.0015532320150051994,0.00838097183941374,0.006827739824408542,0.0014226439120868966,-0.005181855331837457,0.012629456690830012,0.011567863591935422,0.22998168935595503,0.4580868137391087,0.3119314969049368,163.0,4.524315240811451,32.0,16.0,385.0,10.686266059585328,13.193797286227147,1.421021920904262,4.595843267017822,36027551.42472464,,,,,,,,,,,0.7685925711033017,0.0,0.8819578599889673,0.34038597208394594,0.6373088765667342,116.82175346834607,24.0,125.77265439309515,455007.0,27.31370849898476,33.17011495953578,57.29822128134704,140.85009194892865,343.236359682935
crop1073,Liver,Rapid HPF,Bile canaliculus,Bile canaliculus,8.0,8.0,native,,,,8.0,16.0,40.0,100.23971268913334,155.53777676178865,3855452.0,3740357.0,0.9701474690905243,58.69731560081356,8.0,16.0,39.191835884530846,93.29523031752481,144.0,52.23328601646264,0.003075310029089451,0.015188400633633137,1.8124938011169434,8.092889785766602,-0.0060459915548563,0.0007823638152331114,0.011961117386817932,-3.558295249938965,0.4557684361934662,7.090456485748291,0.1416,0.40817156089869927,0.5918284391013008,0.4050059124950729,0.5949940875049271,0.048,22.627416610717773,48.0,148.37789916992188,81184.0,81184.0,79591.0,165510.0,0.8680555555555556,12.0,32.0,0.004759938191097961,0.0,11828644352.0,56303616.0,31032704.0,0.0037586011375671164,0.0015532320150051994,0.00838097183941374,0.006827739824408542,0.0014226439120868966,-0.005181855331837457,0.012629456690830012,0.011567863591935422,0.22998168935595503,0.4580868137391087,0.3119314969049368,163.0,4.524315240811451,32.0,16.0,385.0,10.686266059585328,13.193797286227147,1.421021920904262,4.595843267017822,36027551.42472464,0.8572054814814815,11.850008576,23144548.0,0.0,0.14279451851851852,3855452.0,1.973991424,3855452.0,13.824,27000000.0,0.7685925711033017,0.0,0.8819578599889673,0.34038597208394594,0.6373088765667342,116.82175346834607,24.0,125.77265439309515,455007.0,27.31370849898476,33.17011495953578,57.29822128134704,140.85009194892865,343.236359682935
crop1074,Liver,Rapid HPF,Bile canaliculus,Bile canaliculus,8.0,8.0,matched,,,,8.0,16.0,33.94112549695428,68.81860213634101,109.98181667894016,2742593.0,2733822.0,0.996801931602684,47.371660092223436,8.0,16.0,33.94112549695428,68.35202996254024,108.81176406988355,40.21102740626014,,,,,,,,,,,,,,,,,,,,,,,,1.0850694444444444,15.0,44.0,0.003339389923082757,0.0,12388753920.0,41370880.0,31546752.0,0.006181994521531078,0.0022289459350053856,0.011748052601669664,0.009519106666664279,0.0030746992963313546,-0.007510426051268503,0.015177360662222195,0.013468990202387747,0.22207922093357674,0.5488625677325558,0.22905821133386717,110.0,4.640578111052059,44.0,21.0,312.0,13.162367005893111,15.99631871533656,1.8212219861048777,5.738678270878567,23703943.208718464,,,,,,,,,,,0.7620256332338273,0.0,0.9567208289389796,0.2673584422239303,0.509387531356321,110.92066454830513,24.0,93.78283439931784,335658.0,24.0,37.856406460551014,77.645450564588,153.6715641555898,257.6137197838638
crop1074,Liver,Rapid HPF,Bile canaliculus,Bile canaliculus,8.0,8.0,native,,,,8.0,16.0,33.94112549695428,68.81860213634101,109.98181667894016,2742593.0,2733822.0,0.996801931602684,47.371660092223436,8.0,16.0,33.94112549695428,68.35202996254024,108.81176406988355,40.21102740626014,0.004365391097962856,0.01876433938741684,2.2063281536102295,8.505817413330078,-0.008277538232505322,0.0005834659095853567,0.015365734696388245,-3.841092824935913,0.17305289208889008,7.873234748840332,0.1014,0.4423333002086853,0.5576666997913147,0.45986286395707043,0.5401371360429296,0.072,22.627416610717773,75.0466537475586,244.7529296875,50315.0,50315.0,48486.0,103430.0,1.0850694444444444,15.0,44.0,0.003339389923082757,0.0,12388753920.0,41370880.0,31546752.0,0.006181994521531078,0.0022289459350053856,0.011748052601669664,0.009519106666664279,0.0030746992963313546,-0.007510426051268503,0.015177360662222195,0.013468990202387747,0.22207922093357674,0.5488625677325558,0.22905821133386717,110.0,4.640578111052059,44.0,21.0,312.0,13.162367005893111,15.99631871533656,1.8212219861048777,5.738678270878567,23703943.208718464,0.8984224814814815,12.419792384,24257407.0,0.0,0.10157751851851853,2742593.0,1.404207616,2742593.0,13.824,27000000.0,0.7620256332338273,0.0,0.9567208289389796,0.2673584422239303,0.509387531356321,110.92066454830513,24.0,93.78283439931784,335658.0,24.0,37.856406460551014,77.645450564588,153.6715641555898,257.6137197838638
crop1075,Liver,Rapid HPF,Bile canaliculus,Bile canaliculus,8.0,8.0,matched,,,,8.0,8.0,16.0,25.298221281347036,37.52332607858744,1217817.0,1217817.0,1.0,19.91427745070167,8.0,8.0,16.0,25.298221281347036,37.52332607858744,12.947623186720762,,,,,,,,,,,,,,,,,,,,,,,,0.8680555555555556,12.0,55.0,0.0024563149929492808,0.0,13150521856.0,32301824.0,33267712.0,0.0048963592409910755,0.001851642886018948,0.011243974933507,0.009392332047488051,0.002143499386361672,-0.005877828714826463,0.01512507985028018,0.011941549998369655,0.2242621978497583,0.5084877065161436,0.2672500956340982,106.0,5.340832015536324,55.0,29.0,271.0,13.654391285003243,15.209428103610692,1.7521787109694098,5.51538119139341,19847094.926717244,,,,,,,,,,,0.9941053966606855,0.0,1.0,0.3608102557450764,0.8044656304271065,57.93262973685103,24.0,29.341599412211387,277542.0,27.31370849898476,35.31370849898476,50.22333494023495,73.71034673418816,99.08131845707604
crop1075,Liver,Rapid HPF,Bile canaliculus,Bile canaliculus,8.0,8.0,native,,,,8.0,8.0,16.0,25.298221281347036,37.52332607858744,1217817.0,1217817.0,1.0,19.91427745070167,8.0,8.0,16.0,25.298221281347036,37.52332607858744,12.947623186720762,0.003346136538311839,0.017339523881673813,1.9211325645446777,8.336734771728516,-0.007729621138423681,0.00045070776832289994,0.013820233754813671,-4.062666416168213,0.15765804052352905,7.651577472686768,0.0448,0.45817655571635313,0.5418234442836469,0.47395079594790157,0.5260492040520984,0.038,27.712812423706055,50.59644317626953,112.0,48370.0,48370.0,48120.0,99083.0,0.8680555555555556,12.0,55.0,0.0024563149929492808,0.0,13150521856.0,32301824.0,33267712.0,0.0048963592409910755,0.001851642886018948,0.011243974933507,0.009392332047488051,0.002143499386361672,-0.005877828714826463,0.01512507985028018,0.011941549998369655,0.2242621978497583,0.5084877065161436,0.2672500956340982,106.0,5.340832015536324,55.0,29.0,271.0,13.654391285003243,15.209428103610692,1.7521787109694098,5.51538119139341,19847094.926717244,0.9548956666666667,13.200477696,25782183.0,0.0,0.04510433333333334,1217817.0,0.623522304,1217817.0,13.824,27000000.0,0.9941053966606855,0.0,1.0,0.3608102557450764,0.8044656304271065,57.93262973685103,24.0,29.341599412211387,277542.0,27.31370849898476,35.31370849898476,50.22333494023495,73.71034673418816,99.08131845707604
crop1116,Cortex,Rapid HPF,,,8.0,8.0,matched,,,,8.0,8.0,11.313708498984761,25.298221281347036,43.08131845707603,12784323.0,12784323.0,1.0,19.872777387144303,8.0,8.0,11.313708498984761,25.298221281347036,43.08131845707603,17.454277536947526,,,,,,,,,,,,,,,,,,,,,,,,6.134033203125,201.0,234.0,0.022888494329443846,0.0,26186141184.0,599361344.0,49891904.0,0.0030462675045500754,0.001354858588522247,0.00591129680299362,0.004556438214471373,0.002002159809777697,-0.0028980396459518,0.009969123886983915,0.00698140991757298,0.14491018102081463,0.5002062907833585,0.3548835281958271,783.0,2.2060474823170293,234.0,208.0,4646.0,13.08977854769466,11.609876825563553,1.1634442171146602,3.8405500638941965,354933430.1624409,,,,,,,,,,,0.9841476885862255,0.0,0.9999284540069618,0.6724289699105878,0.8823390279529643,43.55342548914231,24.0,33.61848360710648,5437062.0,24.0,24.0,27.31370849898476,50.22333494023495,86.85840609707267
crop1116,Cortex,Rapid HPF,,,8.0,8.0,native,,,,8.0,8.0,11.313708498984761,25.298221281347036,43.08131845707603,12784323.0,12784323.0,1.0,19.872777387144303,8.0,8.0,11.313708498984761,25.298221281347036,43.08131845707603,17.454277536947526,0.0015884145395830274,0.004255174193531275,0.9835383892059326,2.4055423736572266,-0.00321568944491446,4.985382838640362e-05,0.0031592329032719135,-1.894325852394104,0.057426389306783676,1.8279714584350586,0.1995,0.491033932471023,0.508966067528977,0.48453510834873176,0.5154648916512683,0.013,16.0,22.627416610717773,64.0,95248.0,95248.0,96351.0,193740.0,6.134033203125,201.0,234.0,0.022888494329443846,0.0,26186141184.0,599361344.0,49891904.0,0.0030462675045500754,0.001354858588522247,0.00591129680299362,0.004556438214471373,0.002002159809777697,-0.0028980396459518,0.009969123886983915,0.00698140991757298,0.14491018102081463,0.5002062907833585,0.3548835281958271,783.0,2.2060474823170293,234.0,208.0,4646.0,13.08977854769466,11.609876825563553,1.1634442171146602,3.8405500638941965,354933430.1624409,0.800244953125,26.222426624,51215677.0,0.0,0.199755046875,12784323.0,6.545573376,12784323.0,32.768,64000000.0,0.9841476885862255,0.0,0.9999284540069618,0.6724289699105878,0.8823390279529643,43.55342548914231,24.0,33.61848360710648,5437062.0,24.0,24.0,27.31370849898476,50.22333494023495,86.85840609707267
crop1118,Liver,Chemical,Hepatocyte lateral,Hepatocyte lateral,8.0,16.0,degradation,,,,16.0,16.0,16.0,48.0,80.0,29437.0,29427.0,0.9996602914699189,35.757356983187485,16.0,16.0,16.0,48.0,80.0,30.163820170210347,,,,,,,,,,,,,,,,,,,,,,,,0.7750496031746031,2.0,3.0,0.003718083706238484,0.0,2458591232.0,9141248.0,10726400.0,0.00282390677758707,0.0011725224517171657,0.005768885454995764,0.004596363003278598,0.0001070856762300622,-0.0058037173448633305,0.008594779939909128,0.00760422357363759,0.28595200431535844,0.3265262223121206,0.3875217733725209,22.0,3.7484584875565488,3.0,3.0,61.0,10.393453079134067,9.039994757210275,1.0430909238680752,3.2647812400742513,5869079.268993268,,,,,,,,,,,0.9790003800836184,0.0,0.9982896237172177,0.0,0.9094450779171418,56.80144669241874,48.0,30.88637010756887,10524.0,48.0,48.0,48.0,48.0,66.34022991907156
crop1118,Liver,Chemical,Hepatocyte lateral,Hepatocyte lateral,8.0,8.0,matched,,,,8.0,8.0,16.0,41.569219381653056,75.47184905645283,231677.0,231640.0,0.9998402948933213,30.232722731761807,8.0,8.0,16.0,41.569219381653056,75.47184905645283,30.657375193275268,,,,,,,,,,,,,,,,,,,,,,,,0.7750496031746031,2.0,3.0,0.0037212752653334705,0.0,2460541440.0,9156352.0,10730368.0,0.001747719068440432,0.0007848260994345137,0.003557424235576566,0.0027725981361420523,-6.619039958225123e-05,-0.004142740609444388,0.004583410516176487,0.005711917716420597,0.22598001046411884,0.2235214126793555,0.5504985768565256,20.0,3.554811356254101,3.0,2.0,61.0,10.842174636575008,7.536619645481279,0.8295099696861284,2.6344514381859376,5626177.593028479,,,,,,,,,,,0.9881516587677726,0.0,0.99922093098747,0.9239920794650393,0.9417808219178082,35.34075039975006,24.0,27.810668871730606,61612.0,27.31370849898476,27.31370849898476,27.31370849898476,30.627416997969522,35.31370849898476
crop1118,Liver,Chemical,Hepatocyte lateral,Hepatocyte lateral,8.0,8.0,native,,,,8.0,8.0,16.0,41.569219381653056,75.47184905645283,231677.0,231640.0,0.9998402948933213,30.232722731761807,8.0,8.0,16.0,41.569219381653056,75.47184905645283,30.657375193275268,0.0015059871366247535,0.00629088981077075,0.7867834568023682,3.796569347381592,-0.005467957817018032,-0.00018458419071976095,0.0026148068718612194,-3.3473012447357178,-0.007755184080451727,1.3462598323822021,0.0467,0.5361005188472838,0.4638994811527161,0.502906795024067,0.497093204975933,0.151,22.627416610717773,22.627416610717773,100.9351577758789,15997.0,15997.0,15012.0,34401.0,0.7750496031746031,2.0,3.0,0.0037212752653334705,0.0,2460541440.0,9156352.0,10730368.0,0.001747719068440432,0.0007848260994345137,0.003557424235576566,0.0027725981361420523,-6.619039958225123e-05,-0.004142740609444388,0.004583410516176487,0.005711917716420597,0.22598001046411884,0.2235214126793555,0.5504985768565256,20.0,3.554811356254101,3.0,2.0,61.0,10.842174636575008,7.536619645481279,0.8295099696861284,2.6344514381859376,5626177.593028479,0.9540323412698413,2.461861376,4808323.0,0.0,0.045967658730158734,231677.0,0.118618624,231677.0,2.58048,5040000.0,0.9881516587677726,0.0,0.99922093098747,0.9239920794650393,0.9417808219178082,35.34075039975006,24.0,27.810668871730606,61612.0,27.31370849898476,27.31370849898476,27.31370849898476,30.627416997969522,35.31370849898476
crop1119,Liver,Chemical,Hepatocyte lateral,Hepatocyte lateral,8.0,16.0,degradation,,,,16.0,16.0,22.627416997969522,39.191835884530846,71.55417527999327,43574.0,43573.0,0.9999770505347225,34.65400661181904,16.0,16.0,22.627416997969522,39.191835884530846,71.55417527999327,28.86478142341422,,,,,,,,,,,,,,,,,,,,,,,,0.48828125,2.0,8.0,0.0029022710673304915,22528.0,3914440704.0,11360768.0,14332928.0,0.004053920010533047,0.0017704727313020046,0.007644871122500766,0.005874398391198761,0.00014204283660028744,-0.00789211497348523,0.010049389538323197,0.008754254139729108,0.34247188850226923,0.37774714523377034,0.2797809662639604,50.0,6.710627900305311,8.0,3.0,90.0,12.079130220549558,11.468620682613805,1.3131426046880272,4.072526641602646,7450867.600291945,,,,,,,,,,,0.9869854429769594,0.0,1.0,0.0,0.7650631447025933,67.44108534294871,48.0,29.29438183051114,10373.0,48.0,48.0,54.62741699796952,79.48990056109866,111.85127655863312
crop1119,Liver,Chemical,Hepatocyte lateral,Hepatocyte lateral,8.0,8.0,matched,,,,8.0,8.0,17.88854381999832,39.191835884530846,68.81860213634101,345174.0,345173.0,0.9999971029104162,29.812982471441114,8.0,8.0,17.88854381999832,39.191835884530846,68.81860213634101,29.780549290369017,,,,,,,,,,,,,,,,,,,,,,,,0.48828125,2.0,8.0,0.0029154596609742276,0.0,3916336128.0,11417920.0,14338112.0,0.0030617645553083312,0.001354788535905398,0.006099033948717315,0.004744245412811917,-4.569713289553821e-05,-0.006980990386729467,0.007389560139315058,0.0072835641568333,0.32488965179804746,0.3202123588374349,0.3548979893645175,42.0,5.859954188097003,8.0,2.0,81.0,11.301340219901363,10.478575964699068,1.1232504909506547,3.6956195428175125,7167291.526836891,,,,,,,,,,,0.9945038500258482,0.0,1.0,0.7245667020379288,0.8951650205425408,41.08597555518373,24.0,28.424093146207458,73506.0,24.0,24.0,27.31370849898476,43.77708763999664,81.94112549695427
crop1119,Liver,Chemical,Hepatocyte lateral,Hepatocyte lateral,8.0,8.0,native,,,,8.0,8.0,17.88854381999832,39.191835884530846,68.81860213634101,345174.0,345173.0,0.9999971029104162,29.812982471441114,8.0,8.0,17.88854381999832,39.191835884530846,68.81860213634101,29.780549290369017,0.0024768190924078226,0.009845640510320663,1.4153058528900146,5.687699317932129,-0.006887534167617559,-0.00038667506305500865,0.005423190072178841,-3.9739108085632324,-0.1809900999069214,3.3341121673583984,0.0436,0.5472833562585969,0.452716643741403,0.5387436955524989,0.46125630444750115,0.219,16.0,22.627416610717773,59.866519927978516,17448.0,17448.0,14728.0,36853.0,0.48828125,2.0,8.0,0.0029154596609742276,0.0,3916336128.0,11417920.0,14338112.0,0.0030617645553083312,0.001354788535905398,0.006099033948717315,0.004744245412811917,-4.569713289553821e-05,-0.006980990386729467,0.007389560139315058,0.0072835641568333,0.32488965179804746,0.3202123588374349,0.3548979893645175,42.0,5.859954188097003,8.0,2.0,81.0,11.301340219901363,10.478575964699068,1.1232504909506547,3.6956195428175125,7167291.526836891,0.95685325,3.919270912,7654826.0,0.0,0.04314675,345174.0,0.176729088,345174.0,4.096,8000000.0,0.9945038500258482,0.0,1.0,0.7245667020379288,0.8951650205425408,41.08597555518373,24.0,28.424093146207458,73506.0,24.0,24.0,27.31370849898476,43.77708763999664,81.94112549695427
crop1120,Liver,Chemical,Hepatocyte lateral,Hepatocyte lateral,8.0,16.0,degradation,,,,16.0,16.0,16.0,22.627416997969522,35.77708763999664,35320.0,35320.0,1.0,22.49132441039634,16.0,16.0,16.0,22.627416997969522,35.77708763999664,11.388471853533384,,,,,,,,,,,,,,,,,,,,,,,,1.953125,6.0,16.0,0.004170361979538825,5632.0,2923487232.0,12192000.0,12065536.0,0.004069872640576019,0.0016812123353666924,0.008008115958908367,0.006326903623541675,0.0014302732150800982,-0.005676271509267217,0.012778059966040166,0.008460479851334322,0.24985357811391778,0.46079596367072445,0.2893504582153577,43.0,5.60795577549226,16.0,7.0,112.0,14.606768531514723,12.908950659324095,1.4196762700577876,4.498248794342586,7667678.156079166,,,,,,,,,,,0.9894863926756879,0.0,1.0,0.0,0.8572865838321847,61.937333342753675,48.0,22.907021370596333,19879.0,48.0,48.0,54.62741699796952,66.34022991907156,87.55417527999327
crop1120,Liver,Chemical,Hepatocyte lateral,Hepatocyte lateral,8.0,8.0,matched,,,,8.0,8.0,11.313708498984761,22.627416997969522,32.984845004941285,282388.0,282388.0,1.0,17.24079766656921,8.0,8.0,11.313708498984761,22.627416997969522,32.984845004941285,12.639195874421857,,,,,,,,,,,,,,,,,,,,,,,,1.953125,6.0,16.0,0.004197485278341185,0.0,2923670528.0,12272064.0,12070848.0,0.0033525884774168488,0.0014692046624440833,0.0066648879675436515,0.005195683305099568,0.0011576578986623653,-0.004936470063471553,0.010529109448829491,0.00709081133822106,0.23848050570539236,0.4310093680548689,0.3305101262397387,44.0,5.969188106045022,16.0,6.0,103.0,13.97332670278721,11.777538564384495,1.2002108752535885,3.974186759362908,7371186.7038401775,,,,,,,,,,,0.9935881244292459,0.0,1.0,0.6383216429945402,0.9235529562632366,43.065631138170396,24.0,24.53546984229399,102934.0,27.31370849898476,27.31370849898476,30.627416997969522,51.59591794226542,73.96969000988257
crop1120,Liver,Chemical,Hepatocyte lateral,Hepatocyte lateral,8.0,8.0,native,,,,8.0,8.0,11.313708498984761,22.627416997969522,32.984845004941285,282388.0,282388.0,1.0,17.24079766656921,8.0,8.0,11.313708498984761,22.627416997969522,32.984845004941285,12.639195874421857,0.002329078037291765,0.008230670355260372,1.2478539943695068,4.404364109039307,-0.004491366911679506,0.0003489038208499551,0.00629222160205245,-2.260819911956787,0.2544330954551697,3.394634246826172,0.0471,0.4550884447507466,0.5449115552492534,0.44170686882609694,0.558293131173903,0.044,22.627416610717773,27.712812423706055,59.866519927978516,17412.0,17412.0,17896.0,36766.0,1.953125,6.0,16.0,0.004197485278341185,0.0,2923670528.0,12272064.0,12070848.0,0.0033525884774168488,0.0014692046624440833,0.0066648879675436515,0.005195683305099568,0.0011576578986623653,-0.004936470063471553,0.010529109448829491,0.00709081133822106,0.23848050570539236,0.4310093680548689,0.3305101262397387,44.0,5.969188106045022,16.0,6.0,103.0,13.97332670278721,11.777538564384495,1.2002108752535885,3.974186759362908,7371186.7038401775,0.9529353333333334,2.927417344,5717612.0,0.0,0.047064666666666664,282388.0,0.144582656,282388.0,3.072,6000000.0,0.9935881244292459,0.0,1.0,0.6383216429945402,0.9235529562632366,43.065631138170396,24.0,24.53546984229399,102934.0,27.31370849898476,27.31370849898476,30.627416997969522,51.59591794226542,73.96969000988257
crop1121,Liver,Chemical,Hepatocyte lateral,Hepatocyte lateral,8.0,16.0,degradation,,,,16.0,16.0,16.0,16.0,16.0,15143.0,15143.0,1.0,17.69278094738476,16.0,16.0,16.0,16.0,16.0,6.786401607938634,,,,,,,,,,,,,,,,,,,,,,,,0.48828125,2.0,3.0,0.0028074021233061024,0.0,4033679360.0,11324160.0,15108352.0,0.0021638363769464126,0.0007888323424560753,0.004074501404556649,0.0032856690621005736,7.691708411773748e-05,-0.004041625812562443,0.0055476926873787346,0.0057390392539549695,0.23187328193563567,0.2917014886105078,0.47642522945385635,14.0,2.1124832577047017,3.0,2.0,59.0,8.902608014612671,6.4931514716866765,0.7321459921101936,2.290649864280558,6627271.458336463,,,,,,,,,,,0.9987424020121568,0.0,1.0,0.0,0.9787605673164256,49.80515752259016,48.0,9.844078902048313,14313.0,48.0,48.0,48.0,48.0,48.0
crop1121,Liver,Chemical,Hepatocyte lateral,Hepatocyte lateral,8.0,8.0,matched,,,,8.0,8.0,8.0,11.313708498984761,13.856406460551018,121600.0,121600.0,1.0,11.1071295433919,8.0,8.0,8.0,11.313708498984761,13.856406460551018,7.536618649947196,,,,,,,,,,,,,,,,,,,,,,,,0.48828125,2.0,3.0,0.002822870347921345,0.0,4033500160.0,11386048.0,15108160.0,0.0012720832941636347,0.0005538565470086046,0.0025367552563766486,0.0019828987093680438,7.640961118778759e-05,-0.0025794221124973886,0.0034865467930627935,0.003987732144940742,0.14300539581118593,0.18968072182076307,0.6673138823680509,9.0,1.3815485090190274,3.0,2.0,58.0,8.903312613678176,5.453899030659846,0.5880150719113484,1.8535865023444937,6514429.237371097,,,,,,,,,,,0.9997974113674732,0.0,1.0,0.9666629150253235,0.9901857062464828,29.333567016610495,27.31370849898476,9.111960380017873,88850.0,27.31370849898476,27.31370849898476,27.31370849898476,27.31370849898476,30.627416997969522
crop1121,Liver,Chemical,Hepatocyte lateral,Hepatocyte lateral,8.0,8.0,native,,,,8.0,8.0,8.0,11.313708498984761,13.856406460551018,121600.0,121600.0,1.0,11.1071295433919,8.0,8.0,8.0,11.313708498984761,13.856406460551018,7.536618649947196,0.001060693059116602,0.0035293030086904764,0.5031275749206543,1.44038987159729,-0.002366455039009452,2.5669100978120696e-06,0.0024826473090797663,-0.9808399081230164,0.02450650930404663,1.035420298576355,0.0151,0.49662850870315195,0.5018556269928388,0.484658407819769,0.515341592180231,0.011,22.627416610717773,22.627416610717773,27.712812423706055,19131.0,19131.0,19953.0,39789.0,0.48828125,2.0,3.0,0.002822870347921345,0.0,4033500160.0,11386048.0,15108160.0,0.0012720832941636347,0.0005538565470086046,0.0025367552563766486,0.0019828987093680438,7.640961118778759e-05,-0.0025794221124973886,0.0034865467930627935,0.003987732144940742,0.14300539581118593,0.18968072182076307,0.6673138823680509,9.0,1.3815485090190274,3.0,2.0,58.0,8.903312613678176,5.453899030659846,0.5880150719113484,1.8535865023444937,6514429.237371097,0.9848,4.0337408,7878400.0,0.0,0.0152,121600.0,0.0622592,121600.0,4.096,8000000.0,0.9997974113674732,0.0,1.0,0.9666629150253235,0.9901857062464828,29.333567016610495,27.31370849898476,9.111960380017873,88850.0,27.31370849898476,27.31370849898476,27.31370849898476,27.31370849898476,30.627416997969522
crop1122,Liver,Chemical,Hepatocyte lateral,Hepatocyte lateral,8.0,16.0,degradation,,,,16.0,16.0,16.0,35.77708763999664,57.688820407423826,46081.0,46081.0,1.0,28.21199435404167,16.0,16.0,16.0,35.77708763999664,57.688820407423826,18.504438028823486,,,,,,,,,,,,,,,,,,,,,,,,0.48828125,3.0,26.0,0.0019573612585777377,609024.0,5948645376.0,11643648.0,21147136.0,0.00430909581036717,0.0014565576594636786,0.008181069025401727,0.006724511365938048,0.0003907081660196914,-0.007293068854329739,0.011379657373921033,0.008377184775788023,0.2912446438816281,0.40848063570568605,0.30027472041268594,64.0,7.103268156988577,26.0,4.0,117.0,12.985662099494743,10.371385655877182,1.2873996327477233,3.7686544980859105,9009937.198701046,,,,,,,,,,,0.9231431911882346,0.0,1.0,0.0,0.6494369577256784,80.34686960807262,48.0,42.70384298313506,16251.0,48.0,48.0,61.254833995939045,99.77708763999664,147.93938001976514
crop1122,Liver,Chemical,Hepatocyte lateral,Hepatocyte lateral,8.0,8.0,matched,,,,8.0,8.0,16.0,32.0,53.0659966456864,391854.0,391854.0,1.0,23.072806892478624,8.0,8.0,16.0,32.0,53.0659966456864,19.98049802327246,,,,,,,,,,,,,,,,,,,,,,,,0.48828125,3.0,26.0,0.0020959695320197725,0.0,5936300032.0,12442304.0,21132736.0,0.003207017294566333,0.0014231845868274422,0.005899987341807571,0.004476802754980129,0.0006343553101464104,-0.005399943240635594,0.00845115212306617,0.00649696512935657,0.27348404161108586,0.38951050156737244,0.3370054568215419,50.0,5.486028709900294,26.0,3.0,110.0,12.069263161780647,9.320516914505387,0.9889642472904893,3.1913043659340867,9114060.943532452,,,,,,,,,,,0.9635417596344359,0.0,1.0,0.6185762990200453,0.8198954001035289,51.61669968656698,24.0,41.82302388000199,112046.0,24.0,24.0,30.627416997969522,61.0659966456864,116.459508194416
crop1122,Liver,Chemical,Hepatocyte lateral,Hepatocyte lateral,8.0,8.0,native,,,,8.0,8.0,16.0,32.0,53.0659966456864,391854.0,391854.0,1.0,23.072806892478624,8.0,8.0,16.0,32.0,53.0659966456864,19.98049802327246,0.002341517945751548,0.008376880548894405,1.4643161296844482,4.369848251342773,-0.005409971810877323,2.384185791015625e-06,0.0055438196286559105,-3.0520124435424805,0.02255476824939251,3.0514004230499268,0.0307,0.47869368683020974,0.5062217481842654,0.4814363350093961,0.5185636649906039,0.052,16.0,27.712812423706055,86.16263580322266,19689.0,19689.0,19589.0,40354.0,0.48828125,3.0,26.0,0.0020959695320197725,0.0,5936300032.0,12442304.0,21132736.0,0.003207017294566333,0.0014231845868274422,0.005899987341807571,0.004476802754980129,0.0006343553101464104,-0.005399943240635594,0.00845115212306617,0.00649696512935657,0.27348404161108586,0.38951050156737244,0.3370054568215419,50.0,5.486028709900294,26.0,3.0,110.0,12.069263161780647,9.320516914505387,0.9889642472904893,3.1913043659340867,9114060.943532452,0.9673455,5.943370752,11608146.0,0.0,0.0326545,391854.0,0.200629248,391854.0,6.144,12000000.0,0.9635417596344359,0.0,1.0,0.6185762990200453,0.8198954001035289,51.61669968656698,24.0,41.82302388000199,112046.0,24.0,24.0,30.627416997969522,61.0659966456864,116.459508194416
crop1123,Liver,Rapid HPF,Hepatocyte lateral,Tight junction,8.0,8.0,matched,,,,8.0,8.0,11.313708498984761,24.0,35.77708763999664,202623.0,202623.0,1.0,17.22656611091063,8.0,8.0,11.313708498984761,24.0,35.77708763999664,11.95105923721991,,,,,,,,,,,,,,,,,,,,,,,,0.48828125,2.0,3.0,0.002104055308869571,0.0,3990404608.0,8396032.0,14907776.0,0.0023525629376739544,0.0010515253087711503,0.004307625343309536,0.0032561000345383857,0.00040498843970353384,-0.004160476126967426,0.005733628802189619,0.004936467766311588,0.23762634978960662,0.3228213531601338,0.43955229705025944,9.0,1.59105598498145,3.0,2.0,52.0,9.192767913226156,5.895082503603333,0.7288260513067114,2.2063813303241844,5656620.5620381925,,,,,,,,,,,1.0,0.0,1.0,0.6814824945295405,0.87539508874301,42.339600321682575,24.0,25.45153051639142,65808.0,24.0,27.31370849898476,27.31370849898476,48.51596081796784,87.81454440968857
crop1123,Liver,Rapid HPF,Hepatocyte lateral,Tight junction,8.0,8.0,native,,,,8.0,8.0,11.313708498984761,24.0,35.77708763999664,202623.0,202623.0,1.0,17.22656611091063,8.0,8.0,11.313708498984761,24.0,35.77708763999664,11.95105923721991,0.0015033893287181854,0.003950722981244326,0.7571429014205933,1.9495800733566284,-0.002931667724624276,5.9182941186008975e-05,0.003032779786735773,-1.4080082178115845,0.07493865489959717,1.5504950284957886,0.0253,0.4887335995436395,0.5112664004563605,0.4734740444951512,0.5265259555048488,0.047,16.0,27.712812423706055,73.32121276855469,14024.0,14024.0,14029.0,28893.0,0.48828125,2.0,3.0,0.002104055308869571,0.0,3990404608.0,8396032.0,14907776.0,0.0023525629376739544,0.0010515253087711503,0.004307625343309536,0.0032561000345383857,0.00040498843970353384,-0.004160476126967426,0.005733628802189619,0.004936467766311588,0.23762634978960662,0.3228213531601338,0.43955229705025944,9.0,1.59105598498145,3.0,2.0,52.0,9.192767913226156,5.895082503603333,0.7288260513067114,2.2063813303241844,5656620.5620381925,0.974672125,3.992257024,7797377.0,0.0,0.025327875,202623.0,0.103742976,202623.0,4.096,8000000.0,1.0,0.0,1.0,0.6814824945295405,0.87539508874301,42.339600321682575,24.0,25.45153051639142,65808.0,24.0,27.31370849898476,27.31370849898476,48.51596081796784,87.81454440968857
crop1124,Liver,Rapid HPF,Hepatocyte lateral,Hepatocyte lateral,8.0,8.0,matched,,,,8.0,8.0,8.0,11.313708498984761,17.88854381999832,542839.0,542839.0,1.0,11.503828462190983,8.0,8.0,8.0,11.313708498984761,17.88854381999832,5.595303098044997,,,,,,,,,,,,,,,,,,,,,,,,0.3487723214285714,5.0,10.0,0.002149920054226307,0.0,14055607296.0,30218432.0,38200384.0,0.0019223985342364056,0.0008720435296046471,0.003563771141862835,0.0026917276122581883,0.00023056548866907516,-0.0035737415415279163,0.004697362899183675,0.0044352702156715005,0.21191503213034135,0.27267269896059426,0.5154122689090642,71.0,3.4737286935044183,10.0,5.0,175.0,8.562007343144693,6.374016590830941,0.7224379880225755,2.223039956507699,20439132.2018798,,,,,,,,,,,1.0,0.0,1.0,0.8325112135482027,0.9903457873091212,34.18936207640515,24.0,11.49109650861173,241449.0,27.31370849898476,27.31370849898476,30.627416997969522,35.31370849898476,49.88854381999832
crop1124,Liver,Rapid HPF,Hepatocyte lateral,Hepatocyte lateral,8.0,8.0,native,,,,8.0,8.0,8.0,11.313708498984761,17.88854381999832,542839.0,542839.0,1.0,11.503828462190983,8.0,8.0,8.0,11.313708498984761,17.88854381999832,5.595303098044997,0.0013043192448094487,0.003944702912122011,0.6705872416496277,2.038137435913086,-0.0027848167810589075,2.4963355826912448e-05,0.002822019625455141,-1.3566603660583496,0.03277287259697914,1.5265864133834839,0.0193,0.4943647047490608,0.5056352952509392,0.4854252962142375,0.5145747037857624,0.005,22.627416610717773,27.712812423706055,45.25483322143555,51905.0,51905.0,53157.0,105775.0,0.3487723214285714,5.0,10.0,0.002149920054226307,0.0,14055607296.0,30218432.0,38200384.0,0.0019223985342364056,0.0008720435296046471,0.003563771141862835,0.0026917276122581883,0.00023056548866907516,-0.0035737415415279163,0.004697362899183675,0.0044352702156715005,0.21191503213034135,0.27267269896059426,0.5154122689090642,71.0,3.4737286935044183,10.0,5.0,175.0,8.562007343144693,6.374016590830941,0.7224379880225755,2.223039956507699,20439132.2018798,0.9806128928571428,14.058066432,27457161.0,0.0,0.019387107142857143,542839.0,0.277933568,542839.0,14.336,28000000.0,1.0,0.0,1.0,0.8325112135482027,0.9903457873091212,34.18936207640515,24.0,11.49109650861173,241449.0,27.31370849898476,27.31370849898476,30.627416997969522,35.31370849898476,49.88854381999832
crop1125,Liver,Rapid HPF,Hepatocyte lateral,Hepatocyte lateral,8.0,8.0,matched,,,,8.0,8.0,8.0,16.0,32.0,316251.0,316251.0,1.0,14.390177954916803,8.0,8.0,8.0,16.0,32.0,11.703362393950107,,,,,,,,,,,,,,,,,,,,,,,,0.5859375,3.0,3.0,0.0037057961746013862,0.0,4958079488.0,18373632.0,17505664.0,0.002465187334637329,0.0011387862198890383,0.004407940771423156,0.0032691545515341177,0.0004687852287834353,-0.004147132736268167,0.005979426328710759,0.004979633464328957,0.24225502666182772,0.33913334429418523,0.41861162904398685,21.0,1.7039815689138085,3.0,3.0,130.0,10.548457331371194,6.363938273722664,0.783019526176983,2.343457238851487,12324076.963688234,,,,,,,,,,,0.9990843546735215,0.0,1.0,0.8600961766720701,0.9436437257947462,34.34859903881794,24.0,21.126609541784042,147437.0,24.0,27.31370849898476,27.31370849898476,30.627416997969522,53.254833995939045
crop1125,Liver,Rapid HPF,Hepatocyte lateral,Hepatocyte lateral,8.0,8.0,native,,,,8.0,8.0,8.0,16.0,32.0,316251.0,316251.0,1.0,14.390177954916803,8.0,8.0,8.0,16.0,32.0,11.703362393950107,0.001746198395267129,0.005346154328435659,0.9240175485610962,2.8282783031463623,-0.002907257294282317,0.0003618322662077844,0.004623085260391235,-1.4187484979629517,0.24279776215553284,2.540544271469116,0.0313,0.4394189161343499,0.5605810838656501,0.42502919156535474,0.5749708084346452,0.003,16.0,22.627416610717773,32.0,29118.0,29118.0,30293.0,60008.0,0.5859375,3.0,3.0,0.0037057961746013862,0.0,4958079488.0,18373632.0,17505664.0,0.002465187334637329,0.0011387862198890383,0.004407940771423156,0.0032691545515341177,0.0004687852287834353,-0.004147132736268167,0.005979426328710759,0.004979633464328957,0.24225502666182772,0.33913334429418523,0.41861162904398685,21.0,1.7039815689138085,3.0,3.0,130.0,10.548457331371194,6.363938273722664,0.783019526176983,2.343457238851487,12324076.963688234,0.9683749,4.958079488,9683749.0,0.0,0.0316251,316251.0,0.161920512,316251.0,5.12,10000000.0,0.9990843546735215,0.0,1.0,0.8600961766720701,0.9436437257947462,34.34859903881794,24.0,21.126609541784042,147437.0,24.0,27.31370849898476,27.31370849898476,30.627416997969522,53.254833995939045
crop1126,Liver,Rapid HPF,Hepatocyte lateral,Tight junction,8.0,8.0,matched,,,,8.0,8.0,11.313708498984761,16.0,40.0,843338.0,843338.0,1.0,17.03441673724012,8.0,8.0,11.313708498984761,16.0,40.0,14.074433746824612,,,,,,,,,,,,,,,,,,,,,,,,0.09765625,2.0,2.0,0.0016709959853064085,0.0,20048210944.0,33500480.0,48042560.0,0.002103544172839066,0.0009405154902000016,0.0037213288123938556,0.002780813322193854,0.00010561902814368936,-0.003927919736762268,0.004508544963542708,0.0042571801411743215,0.24314879239490705,0.27662636978583927,0.48022483781925374,150.0,5.707523266752407,2.0,2.0,238.0,9.055936916580485,5.393847561684215,0.6572863977651564,1.993095966443141,26281101.80010713,,,,,,,,,,,0.9987532910020133,0.0,1.0,0.8631059315471581,0.9179224097878271,39.52611424046783,27.31370849898476,25.460065636836475,258280.0,27.31370849898476,27.31370849898476,32.0,35.31370849898476,58.5329983228432
crop1126,Liver,Rapid HPF,Hepatocyte lateral,Tight junction,8.0,8.0,native,,,,8.0,8.0,11.313708498984761,16.0,40.0,843338.0,843338.0,1.0,17.03441673724012,8.0,8.0,11.313708498984761,16.0,40.0,14.074433746824612,0.0017858300125226378,0.004830831196159124,1.064111590385437,2.6398255825042725,-0.0034891809336841106,5.507438618224114e-05,0.003696089144796133,-1.9328029155731201,0.08029511570930481,2.1635241508483887,0.0211,0.4848494955390645,0.5144834486783957,0.4770282664887851,0.5229717335112148,0.018,22.627416610717773,32.0,50.59644317626953,59965.0,59965.0,60340.0,121784.0,0.09765625,2.0,2.0,0.0016709959853064085,0.0,20048210944.0,33500480.0,48042560.0,0.002103544172839066,0.0009405154902000016,0.0037213288123938556,0.002780813322193854,0.00010561902814368936,-0.003927919736762268,0.004508544963542708,0.0042571801411743215,0.24314879239490705,0.27662636978583927,0.48022483781925374,150.0,5.707523266752407,2.0,2.0,238.0,9.055936916580485,5.393847561684215,0.6572863977651564,1.993095966443141,26281101.80010713,0.97891655,20.048210944,39156662.0,0.0,0.02108345,843338.0,0.431789056,843338.0,20.48,40000000.0,0.9987532910020133,0.0,1.0,0.8631059315471581,0.9179224097878271,39.52611424046783,27.31370849898476,25.460065636836475,258280.0,27.31370849898476,27.31370849898476,32.0,35.31370849898476,58.5329983228432
crop1127,Liver,Rapid HPF,Hepatocyte lateral,Hepatocyte lateral,8.0,8.0,matched,,,,8.0,8.0,11.313708498984761,17.88854381999832,32.0,541640.0,541640.0,1.0,16.207741882905164,8.0,8.0,11.313708498984761,17.88854381999832,32.0,11.739325119638075,,,,,,,,,,,,,,,,,,,,,,,,1.0127314814814814,7.0,8.0,0.002951983808130014,0.0,6634551296.0,19585088.0,23398848.0,0.001999833445805823,0.0008838711956005141,0.0038630276944389666,0.0029791564988384525,0.0004501455705358181,-0.0033932961574018204,0.005858257192935531,0.004964723038202045,0.19233473454596758,0.3076404271817636,0.5000248382722688,34.0,2.3672889301336815,8.0,7.0,137.0,9.538781865538656,7.748494932256439,0.8071831344191763,2.6371446353750048,14362420.897258203,,,,,,,,,,,0.9964155209210718,0.0,1.0,0.4128357282635542,0.9261825297809415,44.89788719450547,24.0,23.10252996456406,157903.0,27.31370849898476,32.0,40.0,45.48446176226374,66.77766929790344
crop1127,Liver,Rapid HPF,Hepatocyte lateral,Hepatocyte lateral,8.0,8.0,native,,,,8.0,8.0,11.313708498984761,17.88854381999832,32.0,541640.0,541640.0,1.0,16.207741882905164,8.0,8.0,11.313708498984761,17.88854381999832,32.0,11.739325119638075,0.0014359926572069526,0.0037165379617363214,0.6410534381866455,1.9007954597473145,-0.0027572258841246367,5.142856025486253e-05,0.0030300088692456484,-1.2192463874816895,0.06499456614255905,1.5304144620895386,0.0398,0.4872553056106599,0.5127446943893401,0.47011266234981475,0.5298873376501853,0.006,22.627416610717773,35.7770881652832,53.06599807739258,26717.0,26717.0,27481.0,54519.0,1.0127314814814814,7.0,8.0,0.002951983808130014,0.0,6634551296.0,19585088.0,23398848.0,0.001999833445805823,0.0008838711956005141,0.0038630276944389666,0.0029791564988384525,0.0004501455705358181,-0.0033932961574018204,0.005858257192935531,0.004964723038202045,0.19233473454596758,0.3076404271817636,0.5000248382722688,34.0,2.3672889301336815,8.0,7.0,137.0,9.538781865538656,7.748494932256439,0.8071831344191763,2.6371446353750048,14362420.897258203,0.9598785185185185,6.63468032,12958360.0,0.0,0.04012148148148148,541640.0,0.27731968,541640.0,6.912,13500000.0,0.9964155209210718,0.0,1.0,0.4128357282635542,0.9261825297809415,44.89788719450547,24.0,23.10252996456406,157903.0,27.31370849898476,32.0,40.0,45.48446176226374,66.77766929790344
crop1134,Kidney,Rapid HPF,Glomerular,Glomerular interstitium,8.0,8.0,matched,,,,17.88854381999832,39.191835884530846,89.44271909999159,343.72081694305336,717.5513918877169,15864004.0,10393650.0,0.6551719225486832,62.578436014244055,11.313708498984761,25.298221281347036,51.22499389946279,87.63560920082658,131.20975573485381,45.753860566123095,,,,,,,,,,,,,,,,,,,,,,,,1.8335459183673468,23.0,32.0,0.01783749842521384,0.0,4413551616.0,78726720.0,13320640.0,0.004586292140894116,0.0020647277517003254,0.008438368763879735,0.00637364101217941,0.003377625258923629,-0.003754673325820409,0.012602975625704692,0.00731267401058861,0.16161935563209184,0.5957951372305219,0.24258550713738575,166.0,3.4265002686496304,32.0,24.0,621.0,12.818413655610968,13.869135792756566,1.4597392854356939,4.735103906134831,48445932.28805434,,,,,,,,,,,0.5024767307447188,0.0,0.9580340281267535,0.013289810461605179,0.18950469780368703,179.57366699028177,24.0,185.09126430779466,682553.0,62.245811243945234,94.16263691415206,159.36651290049394,208.47942537826668,259.96620353760017
crop1134,Kidney,Rapid HPF,Glomerular,Glomerular interstitium,8.0,8.0,native,0.0,0.6475,0.6475,17.88854381999832,39.191835884530846,89.44271909999159,343.72081694305336,717.5513918877169,15864004.0,10393650.0,0.6551719225486832,62.578436014244055,11.313708498984761,25.298221281347036,51.22499389946279,87.63560920082658,131.20975573485381,45.753860566123095,0.005475573241710663,0.020388614386320114,3.6771085262298584,10.347539901733398,-0.0034112867433577776,0.0043322001583874226,0.02008766680955887,-1.87198805809021,3.121203660964966,10.312567710876465,0.6465,0.23525568498717192,0.764744315012828,0.21159147769827738,0.7884085223017226,0.475,167.80941772460938,231.30931091308594,357.05462646484375,62753.0,62753.0,34399.0,129094.0,1.8335459183673468,23.0,32.0,0.01783749842521384,0.0,4413551616.0,78726720.0,13320640.0,0.004586292140894116,0.0020647277517003254,0.008438368763879735,0.00637364101217941,0.003377625258923629,-0.003754673325820409,0.012602975625704692,0.00731267401058861,0.16161935563209184,0.5957951372305219,0.24258550713738575,166.0,3.4265002686496304,32.0,24.0,621.0,12.818413655610968,13.869135792756566,1.4597392854356939,4.735103906134831,48445932.28805434,0.3524896326530612,4.421629952,8635996.0,0.0,0.6475103673469388,15864004.0,8.122370048,15864004.0,12.544,24500000.0,0.5024767307447188,0.0,0.9580340281267535,0.013289810461605179,0.18950469780368703,179.57366699028177,24.0,185.09126430779466,682553.0,62.245811243945234,94.16263691415206,159.36651290049394,208.47942537826668,259.96620353760017
crop1135,Kidney,Rapid HPF,Glomerular,Glomerular interstitium,8.0,8.0,matched,,,,8.0,16.0,34.87119154832539,65.4828221749796,96.33275663033837,3134321.0,3134145.0,0.9999438474872229,44.845718683428295,8.0,16.0,34.87119154832539,65.4828221749796,96.33275663033837,34.27461374896726,,,,,,,,,,,,,,,,,,,,,,,,3.0381944444444446,14.0,24.0,0.015571562949422585,0.0,2994776064.0,46633344.0,11442304.0,0.00435657305487084,0.0019152523500055583,0.008403411099604009,0.00648815874959845,0.0026094034330137765,-0.004975113033072858,0.0123310969481953,0.015503817735023778,0.19618618192148363,0.5437644709616787,0.26004934711683775,133.0,4.869543048156985,24.0,14.0,392.0,14.352337405094273,14.005443561482945,1.5359645117962362,4.8496598152767625,27312624.343743622,,,,,,,,,,,0.7156162798526724,0.0,0.987439247302443,0.2228467548271743,0.4498928957061028,114.58430694098868,24.0,81.84520271229786,401011.0,24.0,43.77708763999664,91.08131845707604,173.10676428876894,237.8473589012499
crop1135,Kidney,Rapid HPF,Glomerular,Glomerular interstitium,8.0,8.0,native,0.0,0.3483,0.3483,8.0,16.0,34.87119154832539,65.4828221749796,96.33275663033837,3134321.0,3134145.0,0.9999438474872229,44.845718683428295,8.0,16.0,34.87119154832539,65.4828221749796,96.33275663033837,34.27461374896726,0.003907482605427504,0.01424271147698164,2.6012439727783203,7.605020999908447,-0.007649739272892475,0.0015387816820293665,0.010006110183894634,-4.617150783538818,1.025309681892395,6.038812637329102,0.3478,0.37956894378623646,0.6204310562137636,0.3846735568439627,0.6153264431560374,0.152,22.627416610717773,57.688819885253906,176.72576904296875,47604.0,47604.0,42622.0,98984.0,3.0381944444444446,14.0,24.0,0.015571562949422585,0.0,2994776064.0,46633344.0,11442304.0,0.00435657305487084,0.0019152523500055583,0.008403411099604009,0.00648815874959845,0.0026094034330137765,-0.004975113033072858,0.0123310969481953,0.015503817735023778,0.19618618192148363,0.5437644709616787,0.26004934711683775,133.0,4.869543048156985,24.0,14.0,392.0,14.352337405094273,14.005443561482945,1.5359645117962362,4.8496598152767625,27312624.343743622,0.6517421111111111,3.003227648,5865679.0,0.0,0.34825788888888887,3134321.0,1.604772352,3134321.0,4.608,9000000.0,0.7156162798526724,0.0,0.987439247302443,0.2228467548271743,0.4498928957061028,114.58430694098868,24.0,81.84520271229786,401011.0,24.0,43.77708763999664,91.08131845707604,173.10676428876894,237.8473589012499
crop1136,Kidney,Rapid HPF,DCT base,DCT base,8.0,8.0,matched,,,,8.0,8.0,11.313708498984761,17.88854381999832,27.712812921102035,2373161.0,2373161.0,1.0,15.508317673413393,8.0,8.0,11.313708498984761,17.88854381999832,27.712812921102035,9.51062599707914,,,,,,,,,,,,,,,,,,,,,,,,1.257694128787879,17.0,19.0,0.0076154187785932755,0.0,12299619328.0,93666752.0,32307392.0,0.002685766164649467,0.0011477441423790582,0.005170024359018026,0.004022280216638968,0.0006479349788676733,-0.004560049946754756,0.0074306573587749345,0.01133787335513176,0.2333852483777823,0.3690043382310937,0.39761041339112446,245.0,3.978961016648283,19.0,17.0,593.0,9.630709726009925,9.251492330648583,1.036843261209989,3.1481119008794405,61573862.86895019,,,,,,,,,,,0.9996686511965968,0.0,1.0,0.45388372863601867,0.9169413909625759,46.74332836588824,24.0,21.617444701941135,654899.0,24.0,32.0,41.452324402816444,54.62741699796952,74.92597050189556
crop1136,Kidney,Rapid HPF,DCT base,DCT base,8.0,8.0,native,0.0,0.0899,0.0899,8.0,8.0,11.313708498984761,17.88854381999832,27.712812921102035,2373161.0,2373161.0,1.0,15.508317673413393,8.0,8.0,11.313708498984761,17.88854381999832,27.712812921102035,9.51062599707914,0.0028682565316557884,0.013720888644456863,1.7746895551681519,6.886169910430908,-0.010517626069486141,-0.0003815752570517361,0.006146647501736879,-5.660943508148193,-0.38326770067214966,3.4312713146209717,0.0894,0.5438873986042386,0.4559416045912642,0.5633917216172023,0.4366082783827977,0.071,22.627416610717773,39.191837310791016,145.76693725585938,93569.0,93569.0,90672.0,192564.0,1.257694128787879,17.0,19.0,0.0076154187785932755,0.0,12299619328.0,93666752.0,32307392.0,0.002685766164649467,0.0011477441423790582,0.005170024359018026,0.004022280216638968,0.0006479349788676733,-0.004560049946754756,0.0074306573587749345,0.01133787335513176,0.2333852483777823,0.3690043382310937,0.39761041339112446,245.0,3.978961016648283,19.0,17.0,593.0,9.630709726009925,9.251492330648583,1.036843261209989,3.1481119008794405,61573862.86895019,0.9101075378787878,12.301741568,24026839.0,0.0,0.08989246212121212,2373161.0,1.215058432,2373161.0,13.5168,26400000.0,0.9996686511965968,0.0,1.0,0.45388372863601867,0.9169413909625759,46.74332836588824,24.0,21.617444701941135,654899.0,24.0,32.0,41.452324402816444,54.62741699796952,74.92597050189556
crop1137,Kidney,Rapid HPF,DCT base,DCT base,8.0,8.0,matched,,,,8.0,8.0,11.313708498984761,17.88854381999832,29.93325909419153,1325656.0,1325656.0,1.0,15.31423962978979,8.0,8.0,11.313708498984761,17.88854381999832,29.93325909419153,10.465176952482913,,,,,,,,,,,,,,,,,,,,,,,,4.774305555555556,22.0,31.0,0.016306050911674072,0.0,3918003712.0,63887168.0,14445248.0,0.004046677661626255,0.0018228094316424868,0.007606309246829358,0.00578349981518687,0.001450097863795334,-0.005972850120907038,0.01102573517239996,0.007431462643795908,0.265043197761026,0.46198729340360345,0.27296950883537063,208.0,5.243443827698939,31.0,24.0,550.0,13.864875505934695,12.396482349232675,1.3452252174517862,4.352373249931922,39668585.539378196,,,,,,,,,,,0.9985971786246731,0.0,1.0,0.6853934267798413,0.9296173238138762,40.56771810518462,24.0,22.007742235460864,533924.0,24.0,27.31370849898476,30.627416997969522,45.48446176226374,70.91810409913282
crop1137,Kidney,Rapid HPF,DCT base,DCT base,8.0,8.0,native,0.0,0.1473,0.1473,8.0,8.0,11.313708498984761,17.88854381999832,29.93325909419153,1325656.0,1325656.0,1.0,15.31423962978979,8.0,8.0,11.313708498984761,17.88854381999832,29.93325909419153,10.465176952482913,0.0021660318598151207,0.006572313141077757,1.1934618949890137,3.4194419384002686,-0.0052360608242452145,-0.0004797067085746676,0.003885936690494418,-2.8188886642456055,-0.2949492335319519,2.0522310733795166,0.1469,0.5614793752344845,0.43852062476551545,0.5690223722923208,0.4309776277076792,0.032,16.0,27.712812423706055,71.5541763305664,50643.0,50643.0,52102.0,105613.0,4.774305555555556,22.0,31.0,0.016306050911674072,0.0,3918003712.0,63887168.0,14445248.0,0.004046677661626255,0.0018228094316424868,0.007606309246829358,0.00578349981518687,0.001450097863795334,-0.005972850120907038,0.01102573517239996,0.007431462643795908,0.265043197761026,0.46198729340360345,0.27296950883537063,208.0,5.243443827698939,31.0,24.0,550.0,13.864875505934695,12.396482349232675,1.3452252174517862,4.352373249931922,39668585.539378196,0.8527048888888888,3.929264128,7674344.0,0.0,0.1472951111111111,1325656.0,0.678735872,1325656.0,4.608,9000000.0,0.9985971786246731,0.0,1.0,0.6853934267798413,0.9296173238138762,40.56771810518462,24.0,22.007742235460864,533924.0,24.0,27.31370849898476,30.627416997969522,45.48446176226374,70.91810409913282
crop1138,Kidney,Rapid HPF,PCT lateral,PCT lateral,8.0,8.0,matched,,,,8.0,8.0,13.856406460551018,22.627416997969522,29.93325909419153,2160509.0,2160509.0,1.0,16.637834386727853,8.0,8.0,13.856406460551018,22.627416997969522,29.93325909419153,9.473566989515977,,,,,,,,,,,,,,,,,,,,,,,,1.3834635416666667,17.0,31.0,0.006363897930285987,0.0,11165393408.0,71055424.0,30107584.0,0.0061910994433914774,0.0027812836363974194,0.01106063913713655,0.00827935550073913,0.0012556673083937858,-0.011226035711140782,0.013238953140467944,0.013241237946873706,0.3506101151815746,0.4663716356246573,0.1830182491937687,298.0,6.72094965639905,31.0,19.0,424.0,9.562693470849656,15.690581397372961,1.7373525622692705,5.533725675563966,44338972.204065345,,,,,,,,,,,1.0,0.0,1.0,0.3770880963903676,0.9845885553126512,43.16002009453827,24.0,12.464946875592728,239692.0,27.31370849898476,35.31370849898476,41.88854381999832,48.51596081796784,57.29822128134704
crop1138,Kidney,Rapid HPF,PCT lateral,PCT lateral,8.0,8.0,native,0.0,0.09,0.09,8.0,8.0,13.856406460551018,22.627416997969522,29.93325909419153,2160509.0,2160509.0,1.0,16.637834386727853,8.0,8.0,13.856406460551018,22.627416997969522,29.93325909419153,9.473566989515977,0.0062606194987893105,0.019185945391654968,3.9215087890625,9.005839347839355,-0.015305759385228157,-0.0009912223322317004,0.011416162364184856,-8.07262897491455,-0.6403427124023438,6.372264862060547,0.0898,0.5469399620072606,0.45303299689703425,0.5468723592679975,0.45312764073200246,0.413,35.7770881652832,96.0,345.762939453125,147923.0,147923.0,91161.0,306404.0,1.3834635416666667,17.0,31.0,0.006363897930285987,0.0,11165393408.0,71055424.0,30107584.0,0.0061910994433914774,0.0027812836363974194,0.01106063913713655,0.00827935550073913,0.0012556673083937858,-0.011226035711140782,0.013238953140467944,0.013241237946873706,0.3506101151815746,0.4663716356246573,0.1830182491937687,298.0,6.72094965639905,31.0,19.0,424.0,9.562693470849656,15.690581397372961,1.7373525622692705,5.533725675563966,44338972.204065345,0.9099787916666666,11.181819392,21839491.0,0.0,0.09002120833333334,2160509.0,1.106180608,2160509.0,12.288,24000000.0,1.0,0.0,1.0,0.3770880963903676,0.9845885553126512,43.16002009453827,24.0,12.464946875592728,239692.0,27.31370849898476,35.31370849898476,41.88854381999832,48.51596081796784,57.29822128134704
crop1140,Cortex,Rapid HPF,,Neuropil (unmyelinated fibers),8.0,8.0,matched,,,,8.0,8.0,11.313708498984761,17.88854381999832,27.712812921102035,3603972.0,3603972.0,1.0,14.731688138950828,8.0,8.0,11.313708498984761,17.88854381999832,27.712812921102035,9.04024647329599,,,,,,,,,,,,,,,,,,,,,,,,11.479591836734693,144.0,191.0,0.016480365512225557,0.0,10639942656.0,175350144.0,28087680.0,0.004261300063256101,0.0019257278754665986,0.007871056625287627,0.005945328749821028,0.0033197675844204863,-0.003089023535720649,0.012293718058846709,0.00670945098414885,0.14405916404832875,0.5968920309061939,0.2590488050454775,142.0,1.3122011189060552,191.0,153.0,1813.0,16.75366639842731,14.209697821142363,1.4117928362158292,4.678049634008632,108215118.8214055,,,,,,,,,,,0.9998932751914263,0.0,1.0,0.6513017110338378,0.9437759237273368,39.84583417309476,24.0,20.06121282309506,1658471.0,24.0,24.0,30.627416997969522,49.88854381999832,69.8292552086532
crop1140,Cortex,Rapid HPF,,Neuropil (unmyelinated fibers),8.0,8.0,native,,,,8.0,8.0,11.313708498984761,17.88854381999832,27.712812921102035,3603972.0,3603972.0,1.0,14.731688138950828,8.0,8.0,11.313708498984761,17.88854381999832,27.712812921102035,9.04024647329599,0.003530604299157858,0.011547904461622238,2.5897793769836426,7.322833061218262,-0.003440039698034525,0.0021711327135562897,0.01139914896339178,-2.1347618103027344,1.8921010494232178,7.307864665985107,0.1471,0.3276379646770401,0.6723620353229599,0.2918396958022715,0.7081603041977286,0.003,16.0,27.712812423706055,48.0,39974.0,39974.0,41331.0,82061.0,11.479591836734693,144.0,191.0,0.016480365512225557,0.0,10639942656.0,175350144.0,28087680.0,0.004261300063256101,0.0019257278754665986,0.007871056625287627,0.005945328749821028,0.0033197675844204863,-0.003089023535720649,0.012293718058846709,0.00670945098414885,0.14405916404832875,0.5968920309061939,0.2590488050454775,142.0,1.3122011189060552,191.0,153.0,1813.0,16.75366639842731,14.209697821142363,1.4117928362158292,4.678049634008632,108215118.8214055,0.8528991020408163,10.698766336,20896028.0,0.0,0.14710089795918369,3603972.0,1.845233664,3603972.0,12.544,24500000.0,0.9998932751914263,0.0,1.0,0.6513017110338378,0.9437759237273368,39.84583417309476,24.0,20.06121282309506,1658471.0,24.0,24.0,30.627416997969522,49.88854381999832,69.8292552086532
crop1141,Cortex,Rapid HPF,,,8.0,8.0,matched,,,,8.0,8.0,11.313708498984761,17.88854381999832,25.298221281347036,2348394.0,2348394.0,1.0,13.987795712120883,8.0,8.0,11.313708498984761,17.88854381999832,25.298221281347036,8.488019948300307,,,,,,,,,,,,,,,,,,,,,,,,6.218112244897959,78.0,119.0,0.010160637524087112,0.0,11303504896.0,114850816.0,29425152.0,0.003984578145538929,0.00178628605065325,0.007371357289684876,0.005585071239031627,0.002757556054320519,-0.0035524869317525905,0.011154726171427497,0.006515397093750354,0.16535321152477728,0.5570708639970148,0.2775759244782079,169.0,2.3018776821709954,119.0,83.0,1094.0,14.900912333106918,13.161224096928166,1.2999011007287329,4.306482390672533,73418323.35791585,,,,,,,,,,,0.9999300871737362,0.0,1.0,0.6817039078435577,0.9554900936359488,39.09905960975599,24.0,18.378552675287313,1058461.0,24.0,27.31370849898476,30.627416997969522,45.48446176226374,65.64607201529357
crop1141,Cortex,Rapid HPF,,,8.0,8.0,native,,,,8.0,8.0,11.313708498984761,17.88854381999832,25.298221281347036,2348394.0,2348394.0,1.0,13.987795712120883,8.0,8.0,11.313708498984761,17.88854381999832,25.298221281347036,8.488019948300307,0.0025422489270567894,0.007394319400191307,1.6998517513275146,4.5977582931518555,-0.003661532187834382,0.001010718522593379,0.006570853758603334,-2.173962354660034,0.8083413243293762,4.2566609382629395,0.0959,0.38574733568475744,0.6142526643152425,0.3667083854818523,0.6332916145181476,0.004,22.627416610717773,27.712812423706055,48.0,52734.0,52734.0,53343.0,106668.0,6.218112244897959,78.0,119.0,0.010160637524087112,0.0,11303504896.0,114850816.0,29425152.0,0.003984578145538929,0.00178628605065325,0.007371357289684876,0.005585071239031627,0.002757556054320519,-0.0035524869317525905,0.011154726171427497,0.006515397093750354,0.16535321152477728,0.5570708639970148,0.2775759244782079,169.0,2.3018776821709954,119.0,83.0,1094.0,14.900912333106918,13.161224096928166,1.2999011007287329,4.306482390672533,73418323.35791585,0.9041471836734694,11.341622272,22151606.0,0.0,0.09585281632653062,2348394.0,1.202377728,2348394.0,12.544,24500000.0,0.9999300871737362,0.0,1.0,0.6817039078435577,0.9554900936359488,39.09905960975599,24.0,18.378552675287313,1058461.0,24.0,27.31370849898476,30.627416997969522,45.48446176226374,65.64607201529357
crop1142,Cortex,Rapid HPF,,Unmyelinated nerve fibers,8.0,8.0,matched,,,,8.0,8.0,11.313708498984761,17.88854381999832,25.298221281347036,1999710.0,1999710.0,1.0,14.143384078867761,8.0,8.0,11.313708498984761,17.88854381999832,25.298221281347036,8.569773209654347,,,,,,,,,,,,,,,,,,,,,,,,13.0615234375,107.0,156.0,0.014266506595220541,0.0,7123432448.0,101626496.0,26096256.0,0.004105837097029076,0.0018485695359628698,0.007760036809313188,0.005911467273350318,0.0033752904511692313,-0.0025437249885181287,0.012508353647030438,0.006728908115500228,0.12211394707304522,0.6090077705054089,0.2688782824215457,102.0,1.627305976355867,156.0,111.0,1135.0,18.107767481999108,14.54002722270892,1.422989508949063,4.7530212699120895,62680283.537343904,,,,,,,,,,,0.9997917780926057,0.0,1.0,0.6670276526858585,0.9581290240924996,38.21575454161194,24.0,18.99253689807885,979724.0,24.0,24.0,29.856406460551018,47.191835884530846,65.68882040742383
crop1142,Cortex,Rapid HPF,,Unmyelinated nerve fibers,8.0,8.0,native,,,,8.0,8.0,11.313708498984761,17.88854381999832,25.298221281347036,1999710.0,1999710.0,1.0,14.143384078867761,8.0,8.0,11.313708498984761,17.88854381999832,25.298221281347036,8.569773209654347,0.0021272378508001566,0.005822926294058561,1.3686046600341797,3.451667547225952,-0.0029728191439062357,0.0010249698534607887,0.005186563357710838,-1.540557622909546,0.8243159055709839,3.1986827850341797,0.1248,0.3611159425331339,0.6388840574668662,0.32580791039064944,0.6741920896093505,0.01,16.0,22.627416610717773,45.25483322143555,28747.0,28747.0,30903.0,61341.0,13.0615234375,107.0,156.0,0.014266506595220541,0.0,7123432448.0,101626496.0,26096256.0,0.004105837097029076,0.0018485695359628698,0.007760036809313188,0.005911467273350318,0.0033752904511692313,-0.0025437249885181287,0.012508353647030438,0.006728908115500228,0.12211394707304522,0.6090077705054089,0.2688782824215457,102.0,1.627305976355867,156.0,111.0,1135.0,18.107767481999108,14.54002722270892,1.422989508949063,4.7530212699120895,62680283.537343904,0.875018125,7.16814848,14000290.0,0.0,0.124981875,1999710.0,1.02385152,1999710.0,8.192,16000000.0,0.9997917780926057,0.0,1.0,0.6670276526858585,0.9581290240924996,38.21575454161194,24.0,18.99253689807885,979724.0,24.0,24.0,29.856406460551018,47.191835884530846,65.68882040742383
crop1143,Cortex,Rapid HPF,,Unmyelinated nerve fibers,8.0,8.0,matched,,,,8.0,8.0,11.313708498984761,22.627416997969522,32.984845004941285,3269395.0,3269395.0,1.0,17.10720861193998,8.0,8.0,11.313708498984761,22.627416997969522,32.984845004941285,11.170417548404298,,,,,,,,,,,,,,,,,,,,,,,,10.091145833333334,93.0,133.0,0.016721946270371362,0.0,7490955776.0,125263360.0,21729408.0,0.00433234056672877,0.0019878835157089722,0.007830046808218607,0.005842163292509635,0.003563101220981413,-0.0027568039361115276,0.0120345203923141,0.0067007049349397906,0.1287851192712408,0.619798638951779,0.25141624177698046,124.0,1.5726081658703652,133.0,103.0,1273.0,16.14459834800786,14.298184441670932,1.4012271242367662,4.66886347023173,78849902.15052825,,,,,,,,,,,0.9986822920448788,0.0,1.0,0.5452324673449123,0.8891134477196309,46.62826600538878,24.0,24.685952815173238,1225613.0,27.31370849898476,27.31370849898476,37.20225231898308,59.712812921102035,82.18393163823416
crop1143,Cortex,Rapid HPF,,Unmyelinated nerve fibers,8.0,8.0,native,,,,8.0,8.0,11.313708498984761,22.627416997969522,32.984845004941285,3269395.0,3269395.0,1.0,17.10720861193998,8.0,8.0,11.313708498984761,22.627416997969522,32.984845004941285,11.170417548404298,0.003635546425357461,0.011811058036983013,2.5896952152252197,7.3851752281188965,-0.0035530822351574898,0.0023050541058182716,0.010937442071735859,-2.0688064098358154,1.8953578472137451,7.079455375671387,0.1815,0.3093404465860689,0.690659553413931,0.27681452480316654,0.7231854751968334,0.014,22.627416610717773,27.712812423706055,64.0,23243.0,23243.0,24011.0,47939.0,10.091145833333334,93.0,133.0,0.016721946270371362,0.0,7490955776.0,125263360.0,21729408.0,0.00433234056672877,0.0019878835157089722,0.007830046808218607,0.005842163292509635,0.003563101220981413,-0.0027568039361115276,0.0120345203923141,0.0067007049349397906,0.1287851192712408,0.619798638951779,0.25141624177698046,124.0,1.5726081658703652,133.0,103.0,1273.0,16.14459834800786,14.298184441670932,1.4012271242367662,4.66886347023173,78849902.15052825,0.8183669444444445,7.54206976,14730605.0,0.0,0.18163305555555556,3269395.0,1.67393024,3269395.0,9.216,18000000.0,0.9986822920448788,0.0,1.0,0.5452324673449123,0.8891134477196309,46.62826600538878,24.0,24.685952815173238,1225613.0,27.31370849898476,27.31370849898476,37.20225231898308,59.712812921102035,82.18393163823416
crop1144,Kidney,Rapid HPF,DCT base,DCT base,8.0,8.0,matched,,,,8.0,8.0,13.856406460551018,19.595917942265423,26.5329983228432,5863208.0,5863208.0,1.0,16.269406972924042,8.0,8.0,13.856406460551018,19.595917942265423,26.5329983228432,10.806939542533962,,,,,,,,,,,,,,,,,,,,,,,,0.6872106481481481,19.0,31.0,0.008254140847962691,0.0,24633717760.0,203330176.0,56523776.0,0.0026762945979765754,0.001186221099044123,0.005176807680217616,0.003990586581173493,0.00046748797345034506,-0.004635207725064894,0.007677810042044561,0.005973287005994619,0.2510727955643457,0.35206455355555594,0.3968626508800988,624.0,4.779492157792591,31.0,20.0,1244.0,9.528346545342922,9.32679354941491,0.9725121445255677,3.1446961595212333,130557803.92538492,,,,,,,,,,,0.9934976738968632,0.0,1.0,0.20823056995211364,0.962271501484795,48.47868392729047,24.0,18.454750144930276,1319374.0,35.31370849898476,41.452324402816444,45.48446176226374,50.22333494023495,59.712812921102035
crop1144,Kidney,Rapid HPF,DCT base,DCT base,8.0,8.0,native,0.0,0.1086,0.1086,8.0,8.0,13.856406460551018,19.595917942265423,26.5329983228432,5863208.0,5863208.0,1.0,16.269406972924042,8.0,8.0,13.856406460551018,19.595917942265423,26.5329983228432,10.806939542533962,0.0025322125293314457,0.009023004211485386,1.4095158576965332,4.733790397644043,-0.005399253685027361,-0.0002599435392767191,0.006356668192893267,-2.6463699340820312,-0.12237708270549774,3.7897777557373047,0.109,0.5313169707380445,0.46861990025617084,0.5242066511391463,0.4757933488608537,0.269,35.7770881652832,45.25483322143555,244.22940063476562,300971.0,300971.0,230315.0,622320.0,0.6872106481481481,19.0,31.0,0.008254140847962691,0.0,24633717760.0,203330176.0,56523776.0,0.0026762945979765754,0.001186221099044123,0.005176807680217616,0.003990586581173493,0.00046748797345034506,-0.004635207725064894,0.007677810042044561,0.005973287005994619,0.2510727955643457,0.35206455355555594,0.3968626508800988,624.0,4.779492157792591,31.0,20.0,1244.0,9.528346545342922,9.32679354941491,0.9725121445255677,3.1446961595212333,130557803.92538492,0.891422074074074,24.646037504,48136792.0,0.0,0.10857792592592592,5863208.0,3.001962496,5863208.0,27.648,54000000.0,0.9934976738968632,0.0,1.0,0.20823056995211364,0.962271501484795,48.47868392729047,24.0,18.454750144930276,1319374.0,35.31370849898476,41.452324402816444,45.48446176226374,50.22333494023495,59.712812921102035
crop1145,Heart,Chemical,Cardiac interstitial,Interstitial,8.0,8.0,degradation,,,,11.313708498984761,27.712812921102035,110.27239001672177,281.25433329995116,447.85712007290897,2515797.0,1619281.0,0.6436453338643777,62.866212161271484,8.0,17.88854381999832,37.52332607858744,101.50862032359616,157.58172482873766,55.79834124330523,,,,,,,,,,,,,,,,,,,,,,,,0.732421875,3.0,3.0,0.007384208790228954,0.0,2807911936.0,20734208.0,10165504.0,0.0026989449516580527,0.0011443960529913576,0.007120041633945189,0.005975645580953831,0.0006009322504012902,-0.012560613655076039,0.008543326759173821,0.012476111056745632,0.24344557405441522,0.3520388939313675,0.40451553201421736,113.0,9.360667379557858,3.0,3.0,151.0,12.508502427550766,10.954480598404723,1.895668247706767,5.091615750509808,12071788.839198925,,,,,,,,,,,0.9651106674110733,0.0,1.0,0.0002271071283249903,0.5610208465418208,84.45316649130194,37.20225231898308,27.98340401312207,105677.0,59.83121960419024,66.28306628628832,76.81231704527967,91.08131845707604,120.93251483406945
crop1145,Heart,Chemical,Cardiac interstitial,Interstitial,8.0,16.0,degradation,,,,16.0,32.0,114.2628548566856,286.66356587470267,453.3960740897521,314853.0,200751.0,0.6376023096492649,65.8985230973016,16.0,22.627416997969522,39.191835884530846,102.44998779892558,158.39191898578665,54.42307000764424,,,,,,,,,,,,,,,,,,,,,,,,0.732421875,3.0,3.0,0.007309197880162943,0.0,2806362112.0,20512256.0,10176512.0,0.003938464977137352,0.0017295854857526014,0.008408709998602187,0.0066791245128495855,0.0009219165847165145,-0.010387023209168579,0.010467360260502073,0.012945220672396273,0.29252557855722444,0.4179835301988189,0.2894908912439569,109.0,8.834771655000782,3.0,3.0,161.0,13.049525105092897,11.455934806844152,2.112920435052054,5.20211293706023,12337613.721833127,,,,,,,,,,,0.9595602221714982,0.0,1.0,0.0,0.36951228790991403,92.76731018973737,48.0,26.967028386596876,26286.0,70.62741699796952,75.71281292110203,87.55417527999327,100.4466698804699,126.75481705311023
crop1145,Heart,Chemical,Cardiac interstitial,Interstitial,8.0,8.0,matched,,,,11.313708498984761,27.712812921102035,110.27239001672177,281.25433329995116,447.85712007290897,2515797.0,1619281.0,0.6436453338643777,62.866212161271484,8.0,17.88854381999832,37.52332607858744,101.50862032359616,157.58172482873766,55.79834124330523,,,,,,,,,,,,,,,,,,,,,,,,0.732421875,3.0,3.0,0.007384208790228954,0.0,2807911936.0,20734208.0,10165504.0,0.0026989449516580527,0.0011443960529913576,0.007120041633945189,0.005975645580953831,0.0006009322504012902,-0.012560613655076039,0.008543326759173821,0.012476111056745632,0.24344557405441522,0.3520388939313675,0.40451553201421736,113.0,9.360667379557858,3.0,3.0,151.0,12.508502427550766,10.954480598404723,1.895668247706767,5.091615750509808,12071788.839198925,,,,,,,,,,,0.9651106674110733,0.0,1.0,0.0002271071283249903,0.5610208465418208,84.45316649130194,37.20225231898308,27.98340401312207,105677.0,59.83121960419024,66.28306628628832,76.81231704527967,91.08131845707604,120.93251483406945
crop1145,Heart,Chemical,Cardiac interstitial,Interstitial,8.0,8.0,native,,,,11.313708498984761,27.712812921102035,110.27239001672177,281.25433329995116,447.85712007290897,2515797.0,1619281.0,0.6436453338643777,62.866212161271484,8.0,17.88854381999832,37.52332607858744,101.50862032359616,157.58172482873766,55.79834124330523,0.0028850636444985867,0.013379639014601707,1.6845929622650146,6.582776069641113,-0.008593122474849224,0.0011267485097050667,0.007427581585943699,-4.1940016746521,0.7557024359703064,3.8650059700012207,0.3149,0.37708320030649384,0.6229167996935061,0.35770385032884233,0.6422961496711577,0.329,59.866519927978516,91.91300201416016,270.5845642089844,31322.0,31322.0,22118.0,64771.0,0.732421875,3.0,3.0,0.007384208790228954,0.0,2807911936.0,20734208.0,10165504.0,0.0026989449516580527,0.0011443960529913576,0.007120041633945189,0.005975645580953831,0.0006009322504012902,-0.012560613655076039,0.008543326759173821,0.012476111056745632,0.24344557405441522,0.3520388939313675,0.40451553201421736,113.0,9.360667379557858,3.0,3.0,151.0,12.508502427550766,10.954480598404723,1.895668247706767,5.091615750509808,12071788.839198925,0.685525375,2.807911936,5484203.0,0.0,0.314474625,2515797.0,1.288088064,2515797.0,4.096,8000000.0,0.9651106674110733,0.0,1.0,0.0002271071283249903,0.5610208465418208,84.45316649130194,37.20225231898308,27.98340401312207,105677.0,59.83121960419024,66.28306628628832,76.81231704527967,91.08131845707604,120.93251483406945
crop1146,Heart,Chemical,Cardiac interstitial,Interstitial,8.0,8.0,degradation,,,,8.0,16.0,29.93325909419153,61.44916598294886,100.55844071981228,2024249.0,2016157.0,0.9960024680758148,43.46472824725282,8.0,16.0,29.93325909419153,61.44916598294886,98.95453501482385,37.18757694201579,,,,,,,,,,,,,,,,,,,,,,,,0.9765625,5.0,5.0,0.007804703908133541,0.0,4083584512.0,31871168.0,15285440.0,0.002761035547540915,0.0011866258031975458,0.0063899727156867285,0.0052033469124891825,0.0008993028087794587,-0.0070344845107769925,0.008553169896372947,0.010243313099306938,0.22376069458773776,0.38334194607181143,0.3928973593404509,113.0,5.8686408899084865,5.0,5.0,189.0,9.815691399935433,11.212162458077039,1.5478098855790583,4.640795307490888,19254884.072786074,,,,,,,,,,,0.7676039009506311,0.0,0.9703983792517983,0.08163616827565844,0.4850023376175986,115.3881927427302,24.0,82.84304533479414,243838.0,43.77708763999664,57.16041532081272,82.18393163823416,152.0,242.3252968525388
crop1146,Heart,Chemical,Cardiac interstitial,Interstitial,8.0,16.0,degradation,,,,16.0,16.0,35.77708763999664,65.96969000988257,102.44998779892558,251457.0,250398.0,0.9957885443634498,47.0282732102289,16.0,16.0,35.77708763999664,65.96969000988257,102.44998779892558,35.99801131322446,,,,,,,,,,,,,,,,,,,,,,,,0.9765625,5.0,5.0,0.007735082515224682,1536.0,4090032128.0,31636736.0,15292672.0,0.004133462363646318,0.0017595845727347654,0.008259398082701548,0.0064998135099667825,0.0011591087919851487,-0.008118785421776978,0.010859246343700361,0.011124120546900066,0.2800368988218636,0.4402199038532495,0.27974319732488684,129.0,6.536675980995771,5.0,5.0,224.0,11.350507129791106,11.749839043023174,1.7122128800731842,4.868550237142577,19734801.047970664,,,,,,,,,,,0.743633878398218,0.0,0.9671611063298402,0.0,0.39680048600212625,126.10437060859987,48.0,81.17510312456271,59259.0,54.62741699796952,66.34022991907156,90.96892352452748,162.64242223858687,250.98945468367015
crop1146,Heart,Chemical,Cardiac interstitial,Interstitial,8.0,8.0,matched,,,,8.0,16.0,29.93325909419153,61.44916598294886,100.55844071981228,2024249.0,2016157.0,0.9960024680758148,43.46472824725282,8.0,16.0,29.93325909419153,61.44916598294886,98.95453501482385,37.18757694201579,,,,,,,,,,,,,,,,,,,,,,,,0.9765625,5.0,5.0,0.007804703908133541,0.0,4083584512.0,31871168.0,15285440.0,0.002761035547540915,0.0011866258031975458,0.0063899727156867285,0.0052033469124891825,0.0008993028087794587,-0.0070344845107769925,0.008553169896372947,0.010243313099306938,0.22376069458773776,0.38334194607181143,0.3928973593404509,113.0,5.8686408899084865,5.0,5.0,189.0,9.815691399935433,11.212162458077039,1.5478098855790583,4.640795307490888,19254884.072786074,,,,,,,,,,,0.7676039009506311,0.0,0.9703983792517983,0.08163616827565844,0.4850023376175986,115.3881927427302,24.0,82.84304533479414,243838.0,43.77708763999664,57.16041532081272,82.18393163823416,152.0,242.3252968525388
crop1146,Heart,Chemical,Cardiac interstitial,Interstitial,8.0,8.0,native,,,,8.0,16.0,29.93325909419153,61.44916598294886,100.55844071981228,2024249.0,2016157.0,0.9960024680758148,43.46472824725282,8.0,16.0,29.93325909419153,61.44916598294886,98.95453501482385,37.18757694201579,0.006841233931481838,0.025878727436065674,3.4021174907684326,9.882344245910645,-0.0241145770996809,0.0025627603754401207,0.012071996927261353,-9.641887664794922,1.573068618774414,5.449031829833984,0.2012,0.3626551788030387,0.6373448211969612,0.3430609597924773,0.6569390402075227,0.193,35.7770881652832,90.5096664428711,209.22714233398438,21588.0,21588.0,18441.0,44936.0,0.9765625,5.0,5.0,0.007804703908133541,0.0,4083584512.0,31871168.0,15285440.0,0.002761035547540915,0.0011866258031975458,0.0063899727156867285,0.0052033469124891825,0.0008993028087794587,-0.0070344845107769925,0.008553169896372947,0.010243313099306938,0.22376069458773776,0.38334194607181143,0.3928973593404509,113.0,5.8686408899084865,5.0,5.0,189.0,9.815691399935433,11.212162458077039,1.5478098855790583,4.640795307490888,19254884.072786074,0.7975751,4.083584512,7975751.0,0.0,0.2024249,2024249.0,1.036415488,2024249.0,5.12,10000000.0,0.7676039009506311,0.0,0.9703983792517983,0.08163616827565844,0.4850023376175986,115.3881927427302,24.0,82.84304533479414,243838.0,43.77708763999664,57.16041532081272,82.18393163823416,152.0,242.3252968525388
crop1147,Heart,Chemical,Intercalated disc,Intercalated disc,8.0,8.0,degradation,,,,8.0,13.856406460551018,29.93325909419153,50.59644256269407,68.35202996254024,902719.0,902719.0,1.0,34.62696575345034,8.0,13.856406460551018,29.93325909419153,50.59644256269407,68.35202996254024,23.552015021679544,,,,,,,,,,,,,,,,,,,,,,,,0.732421875,3.0,3.0,0.005455346209344114,0.0,3633807872.0,19823680.0,14001216.0,0.0023031445786841263,0.0010246163325624866,0.004526890793737026,0.0035022744611745396,0.00040236906006266087,-0.00451540269068592,0.0061758617728338355,0.00703231460954864,0.23393714986700606,0.3174888834883657,0.44857396664462795,61.0,4.927895916800765,3.0,3.0,131.0,10.582858444277052,9.246250623259732,1.0296762473047083,3.225853177350369,12378508.196983542,,,,,,,,,,,0.8739569382919543,0.0,1.0,0.48474039353044196,0.5263598434119707,80.37285815529205,24.0,61.7641541037058,155312.0,24.0,24.0,64.46625741703473,131.9311633902021,167.99199899978993
crop1147,Heart,Chemical,Intercalated disc,Intercalated disc,8.0,16.0,degradation,,,,16.0,16.0,35.77708763999664,53.0659966456864,69.74238309665078,112083.0,112083.0,1.0,38.489206342116724,16.0,16.0,35.77708763999664,53.0659966456864,69.74238309665078,22.30897428769633,,,,,,,,,,,,,,,,,,,,,,,,0.732421875,3.0,3.0,0.005414638980895737,32768.0,3636908032.0,19692544.0,13992960.0,0.0033079451012924164,0.0014317825274306687,0.0062830876334652305,0.0048513051060345615,0.0005249758954884019,-0.006045872697016344,0.008510179300736017,0.008091060984856653,0.2856941161488026,0.37948340586911816,0.33482247798207926,62.0,4.913961423269029,3.0,3.0,130.0,10.303467500402803,9.941092197150658,1.1274219561896477,3.63027200300674,12617111.666040368,,,,,,,,,,,0.7430688992588526,0.0,1.0,0.0,0.12928904748833378,132.52317505272268,48.0,46.96750202681402,21858.0,61.254833995939045,103.19183588453085,132.56613257257663,160.8753863992867,192.67230490603015
crop1147,Heart,Chemical,Intercalated disc,Intercalated disc,8.0,8.0,matched,,,,8.0,13.856406460551018,29.93325909419153,50.59644256269407,68.35202996254024,902719.0,902719.0,1.0,34.62696575345034,8.0,13.856406460551018,29.93325909419153,50.59644256269407,68.35202996254024,23.552015021679544,,,,,,,,,,,,,,,,,,,,,,,,0.732421875,3.0,3.0,0.005455346209344114,0.0,3633807872.0,19823680.0,14001216.0,0.0023031445786841263,0.0010246163325624866,0.004526890793737026,0.0035022744611745396,0.00040236906006266087,-0.00451540269068592,0.0061758617728338355,0.00703231460954864,0.23393714986700606,0.3174888834883657,0.44857396664462795,61.0,4.927895916800765,3.0,3.0,131.0,10.582858444277052,9.246250623259732,1.0296762473047083,3.225853177350369,12378508.196983542,,,,,,,,,,,0.8739569382919543,0.0,1.0,0.48474039353044196,0.5263598434119707,80.37285815529205,24.0,61.7641541037058,155312.0,24.0,24.0,64.46625741703473,131.9311633902021,167.99199899978993
crop1147,Heart,Chemical,Intercalated disc,Intercalated disc,8.0,8.0,native,,,,8.0,13.856406460551018,29.93325909419153,50.59644256269407,68.35202996254024,902719.0,902719.0,1.0,34.62696575345034,8.0,13.856406460551018,29.93325909419153,50.59644256269407,68.35202996254024,23.552015021679544,0.002115852665156126,0.007345300167798996,1.3936803340911865,4.559401988983154,-0.004455051384866238,9.61606656346703e-06,0.005195944104343653,-2.723869800567627,0.08004633337259293,3.2844033241271973,0.1121,0.49918607355237365,0.5008139264476263,0.4854655991495299,0.5145344008504701,0.085,16.0,22.627416610717773,144.0,30101.0,30101.0,28928.0,62354.0,0.732421875,3.0,3.0,0.005455346209344114,0.0,3633807872.0,19823680.0,14001216.0,0.0023031445786841263,0.0010246163325624866,0.004526890793737026,0.0035022744611745396,0.00040236906006266087,-0.00451540269068592,0.0061758617728338355,0.00703231460954864,0.23393714986700606,0.3174888834883657,0.44857396664462795,61.0,4.927895916800765,3.0,3.0,131.0,10.582858444277052,9.246250623259732,1.0296762473047083,3.225853177350369,12378508.196983542,0.887160125,3.633807872,7097281.0,0.0,0.112839875,902719.0,0.462192128,902719.0,4.096,8000000.0,0.8739569382919543,0.0,1.0,0.48474039353044196,0.5263598434119707,80.37285815529205,24.0,61.7641541037058,155312.0,24.0,24.0,64.46625741703473,131.9311633902021,167.99199899978993
crop1148,Heart,Chemical,Intercalated disc,Intercalated disc,8.0,8.0,matched,,,,8.0,8.0,16.0,22.627416997969522,29.93325909419153,1459143.0,1459143.0,1.0,18.111522535246717,8.0,8.0,16.0,22.627416997969522,29.93325909419153,11.808360235066122,,,,,,,,,,,,,,,,,,,,,,,,0.48828125,4.0,5.0,0.005888890746024406,0.0,7443721728.0,43835264.0,28661248.0,0.003618803542257017,0.0016219168293931583,0.0067903051511189715,0.005168388321725813,-8.707898276801619e-05,-0.007220601630099957,0.008554905180003725,0.007633985810227633,0.3516273505729476,0.3456735240103808,0.30269912541667177,155.0,5.7412717718352875,5.0,4.0,268.0,9.926844095818431,11.064513077673482,1.221708881668272,3.8600312969700665,26997502.671860423,,,,,,,,,,,0.9939800029846292,0.0,1.0,0.06961349052380242,0.9138576331890763,58.547379334375336,24.0,20.734162197768544,335050.0,41.88854381999832,47.191835884530846,54.62741699796952,63.377408526555115,76.76193264493793
crop1148,Heart,Chemical,Intercalated disc,Intercalated disc,8.0,8.0,native,,,,8.0,8.0,16.0,22.627416997969522,29.93325909419153,1459143.0,1459143.0,1.0,18.111522535246717,8.0,8.0,16.0,22.627416997969522,29.93325909419153,11.808360235066122,0.002987324260175228,0.010063276626169682,1.9380028247833252,5.986184597015381,-0.00630924804136157,4.902324144495651e-05,0.007346069905906916,-3.9232475757598877,0.03062199428677559,4.74588680267334,0.0908,0.49603784742755763,0.5039621525724424,0.49491425192193966,0.5050857480780603,0.058,39.191837310791016,48.0,69.74238586425781,67640.0,67640.0,67523.0,141304.0,0.48828125,4.0,5.0,0.005888890746024406,0.0,7443721728.0,43835264.0,28661248.0,0.003618803542257017,0.0016219168293931583,0.0067903051511189715,0.005168388321725813,-8.707898276801619e-05,-0.007220601630099957,0.008554905180003725,0.007633985810227633,0.3516273505729476,0.3456735240103808,0.30269912541667177,155.0,5.7412717718352875,5.0,4.0,268.0,9.926844095818431,11.064513077673482,1.221708881668272,3.8600312969700665,26997502.671860423,0.9088035625,7.444918784,14540857.0,0.0,0.0911964375,1459143.0,0.747081216,1459143.0,8.192,16000000.0,0.9939800029846292,0.0,1.0,0.06961349052380242,0.9138576331890763,58.547379334375336,24.0,20.734162197768544,335050.0,41.88854381999832,47.191835884530846,54.62741699796952,63.377408526555115,76.76193264493793
crop1149,Heart,Rapid HPF,Cardiac interstitial,Interstitial,8.0,8.0,matched,,,,8.0,16.0,29.93325909419153,51.22499389946279,72.0,1708999.0,1708999.0,1.0,36.649709584316696,8.0,16.0,29.93325909419153,51.22499389946279,72.0,26.013191004166554,,,,,,,,,,,,,,,,,,,,,,,,4.150390625,17.0,31.0,0.007678061841916587,0.0,3209951744.0,24646208.0,12153920.0,0.0045575114808986674,0.0020116956951635296,0.00878102943514751,0.006769333739983979,0.002599301834992206,-0.00575086282466397,0.011964101738708157,0.009513569011879741,0.21088945550313898,0.540576956137814,0.2485335883590471,87.0,5.7311471996367285,31.0,20.0,242.0,15.94181175071366,14.606787973613685,1.5684670106901333,5.016645537853616,15180206.853789156,,,,,,,,,,,0.8287998096824075,0.0,0.9964029975020816,0.12347805400261687,0.4130082074461758,104.70398622784768,24.0,57.12457180790112,210175.0,37.20225231898308,56.0,97.03781962938027,146.1006344390961,177.67166937444188
crop1149,Heart,Rapid HPF,Cardiac interstitial,Interstitial,8.0,8.0,native,,,,8.0,16.0,29.93325909419153,51.22499389946279,72.0,1708999.0,1708999.0,1.0,36.649709584316696,8.0,16.0,29.93325909419153,51.22499389946279,72.0,26.013191004166554,0.003316768677905202,0.011273602955043316,1.9597724676132202,6.352906227111816,-0.007814580574631691,0.0009901716839522123,0.007440038025379181,-4.362054347991943,0.6317055225372314,4.568158149719238,0.2126,0.40587225274725275,0.5941277472527473,0.40587225274725275,0.5941277472527473,0.183,35.7770881652832,94.65727996826172,167.04490661621094,29120.0,29120.0,25330.0,60829.0,4.150390625,17.0,31.0,0.007678061841916587,0.0,3209951744.0,24646208.0,12153920.0,0.0045575114808986674,0.0020116956951635296,0.00878102943514751,0.006769333739983979,0.002599301834992206,-0.00575086282466397,0.011964101738708157,0.009513569011879741,0.21088945550313898,0.540576956137814,0.2485335883590471,87.0,5.7311471996367285,31.0,20.0,242.0,15.94181175071366,14.606787973613685,1.5684670106901333,5.016645537853616,15180206.853789156,0.786375125,3.220992512,6291001.0,0.0,0.213624875,1708999.0,0.875007488,1708999.0,4.096,8000000.0,0.8287998096824075,0.0,0.9964029975020816,0.12347805400261687,0.4130082074461758,104.70398622784768,24.0,57.12457180790112,210175.0,37.20225231898308,56.0,97.03781962938027,146.1006344390961,177.67166937444188
crop1150,Heart,Rapid HPF,Cardiac interstitial,Interstitial,8.0,8.0,matched,,,,11.313708498984761,19.595917942265423,48.662100242385755,125.98412598418898,199.35897271003378,3082541.0,2775539.0,0.900406190866561,62.135812030808445,8.0,17.88854381999832,40.792156108742276,97.65244492586962,151.7893276880822,53.66112835730033,,,,,,,,,,,,,,,,,,,,,,,,5.126953125,21.0,33.0,0.013130216390960342,0.0,2507603456.0,32925376.0,10196800.0,0.004139095296406949,0.001817538084412548,0.007865697060329104,0.006048158975916556,0.00259892811373617,-0.004298239241362544,0.01140457092978068,0.007586339407180392,0.18339306452649773,0.5438859049606132,0.2727210305128892,76.0,3.6884420746150637,33.0,22.0,311.0,15.093493226385325,14.347010038538482,1.4055127545520627,4.7103806059759155,20604905.394354492,,,,,,,,,,,0.7465873638039984,0.0,0.8347176422421043,0.15675751160819984,0.46827303628613776,153.49115117443904,24.0,159.9441200864327,315079.0,33.17011495953578,51.59591794226542,84.71516196311828,163.94006850231247,433.5328136593407
crop1150,Heart,Rapid HPF,Cardiac interstitial,Interstitial,8.0,8.0,native,,,,11.313708498984761,19.595917942265423,48.662100242385755,125.98412598418898,199.35897271003378,3082541.0,2775539.0,0.900406190866561,62.135812030808445,8.0,17.88854381999832,40.792156108742276,97.65244492586962,151.7893276880822,53.66112835730033,0.0027917083352804184,0.010848231613636017,1.6749337911605835,6.735005855560303,-0.005922041833400726,0.000639550678897649,0.008144322782754898,-3.5130608081817627,0.4846637547016144,5.596170902252197,0.3839,0.4242380411199504,0.5757619588800496,0.4051451596239281,0.594854840376072,0.186,35.7770881652832,81.58431243896484,217.62353515625,48395.0,48395.0,41808.0,101052.0,5.126953125,21.0,33.0,0.013130216390960342,0.0,2507603456.0,32925376.0,10196800.0,0.004139095296406949,0.001817538084412548,0.007865697060329104,0.006048158975916556,0.00259892811373617,-0.004298239241362544,0.01140457092978068,0.007586339407180392,0.18339306452649773,0.5438859049606132,0.2727210305128892,76.0,3.6884420746150637,33.0,22.0,311.0,15.093493226385325,14.347010038538482,1.4055127545520627,4.7103806059759155,20604905.394354492,0.614682375,2.517739008,4917459.0,0.0,0.385317625,3082541.0,1.578260992,3082541.0,4.096,8000000.0,0.7465873638039984,0.0,0.8347176422421043,0.15675751160819984,0.46827303628613776,153.49115117443904,24.0,159.9441200864327,315079.0,33.17011495953578,51.59591794226542,84.71516196311828,163.94006850231247,433.5328136593407
crop1151,Heart,Rapid HPF,Intercalated disc,Intercalated disc,8.0,8.0,matched,,,,8.0,8.0,8.0,11.313708498984761,16.0,684488.0,684488.0,1.0,10.83932573153571,8.0,8.0,8.0,11.313708498984761,16.0,3.8432397733536106,,,,,,,,,,,,,,,,,,,,,,,,0.2604166666666667,2.0,5.0,0.0055434284292609015,0.0,7326238720.0,40612480.0,28402048.0,0.003233087304052671,0.0014130042295598365,0.006391275138807977,0.004978270909248141,8.130481899183128e-05,-0.007053307438012933,0.00790306025744553,0.007119341434204326,0.32150898040764625,0.337864526027036,0.3406264935653176,139.0,5.396974598271478,5.0,2.0,230.0,8.93024573814705,10.90128053237036,1.0891253460210437,3.651536400802602,25755170.32163138,,,,,,,,,,,1.0,0.0,1.0,0.838843710857775,0.999408694104108,33.684205888566204,24.0,7.1937570611554795,314558.0,24.0,30.627416997969522,33.17011495953578,37.20225231898308,40.0
crop1151,Heart,Rapid HPF,Intercalated disc,Intercalated disc,8.0,8.0,native,,,,8.0,8.0,8.0,11.313708498984761,16.0,684488.0,684488.0,1.0,10.83932573153571,8.0,8.0,8.0,11.313708498984761,16.0,3.8432397733536106,0.0029882355593144894,0.010213603265583515,1.864441156387329,5.712021350860596,-0.007323243655264378,-0.00031005783239379525,0.006418102420866489,-4.248728275299072,-0.19351056218147278,3.8555428981781006,0.0452,0.5298606703539155,0.47013932964608457,0.5290295282134978,0.47097047178650225,0.008,22.627416610717773,32.0,35.7770881652832,66174.0,66174.0,69503.0,138389.0,0.2604166666666667,2.0,5.0,0.0055434284292609015,0.0,7326238720.0,40612480.0,28402048.0,0.003233087304052671,0.0014130042295598365,0.006391275138807977,0.004978270909248141,8.130481899183128e-05,-0.007053307438012933,0.00790306025744553,0.007119341434204326,0.32150898040764625,0.337864526027036,0.3406264935653176,139.0,5.396974598271478,5.0,2.0,230.0,8.93024573814705,10.90128053237036,1.0891253460210437,3.651536400802602,25755170.32163138,0.9543674666666667,7.329542144,14315512.0,0.0,0.045632533333333336,684488.0,0.350457856,684488.0,7.68,15000000.0,1.0,0.0,1.0,0.838843710857775,0.999408694104108,33.684205888566204,24.0,7.1937570611554795,314558.0,24.0,30.627416997969522,33.17011495953578,37.20225231898308,40.0
crop1152,Heart,Rapid HPF,Intercalated disc,Intercalated disc,8.0,8.0,matched,,,,8.0,19.595917942265423,43.08131845707603,70.19971509913698,94.31860898041276,1616537.0,1616453.0,0.999948037069365,47.85810159376364,8.0,19.595917942265423,43.08131845707603,70.19971509913698,94.31860898041276,32.17344259903857,,,,,,,,,,,,,,,,,,,,,,,,0.48828125,2.0,3.0,0.005614290155443662,0.0,3267513344.0,18344768.0,13677248.0,0.003288568412724855,0.0013809022470615692,0.00701925198201623,0.005638349734954661,0.0004350354812441626,-0.007743895740649181,0.00900415419994827,0.008598398642204966,0.294800296863467,0.36136009611380443,0.34383960702272853,54.0,4.618315554448998,3.0,2.0,118.0,10.091874730092254,11.73128594913324,1.2772993813671747,4.125918890482225,11692574.784756698,,,,,,,,,,,0.4912882349687483,0.0,0.994413407821229,0.21581945904087615,0.37315116986558994,141.35543877952873,24.0,88.53316110111955,90395.0,27.31370849898476,43.59591794226542,162.7120838066049,214.12219496857233,250.90862171278175
crop1152,Heart,Rapid HPF,Intercalated disc,Intercalated disc,8.0,8.0,native,,,,8.0,19.595917942265423,43.08131845707603,70.19971509913698,94.31860898041276,1616537.0,1616453.0,0.999948037069365,47.85810159376364,8.0,19.595917942265423,43.08131845707603,70.19971509913698,94.31860898041276,32.17344259903857,0.0038962974213063717,0.014386552385985851,2.575880527496338,7.544235706329346,-0.00969014409929514,0.00011508385796332732,0.009716084226965904,-5.66098165512085,0.10999754816293716,5.96060037612915,0.2,0.4898520031263394,0.5101479968736606,0.48506164435367977,0.5149383556463203,0.521,27.712812423706055,189.31455993652344,314.3501281738281,39663.0,39663.0,20075.0,82682.0,0.48828125,2.0,3.0,0.005614290155443662,0.0,3267513344.0,18344768.0,13677248.0,0.003288568412724855,0.0013809022470615692,0.00701925198201623,0.005638349734954661,0.0004350354812441626,-0.007743895740649181,0.00900415419994827,0.008598398642204966,0.294800296863467,0.36136009611380443,0.34383960702272853,54.0,4.618315554448998,3.0,2.0,118.0,10.091874730092254,11.73128594913324,1.2772993813671747,4.125918890482225,11692574.784756698,0.797932875,3.268333056,6383463.0,0.0,0.202067125,1616537.0,0.827666944,1616537.0,4.096,8000000.0,0.4912882349687483,0.0,0.994413407821229,0.21581945904087615,0.37315116986558994,141.35543877952873,24.0,88.53316110111955,90395.0,27.31370849898476,43.59591794226542,162.7120838066049,214.12219496857233,250.90862171278175
